date,water_level_max_m,station,dhm_station,danger_level_m,warning_level_m
2020-12-23,2.31299996376,chatara_58,695,7.0,6.0
2020-12-27,0.732999801636,chatara_58,695,7.0,6.0
2020-12-28,0.724999427795,chatara_58,695,7.0,6.0
2020-12-29,0.715999603271,chatara_58,695,7.0,6.0
2020-12-30,0.704999923706,chatara_58,695,7.0,6.0
2020-12-31,0.700999259949,chatara_58,695,7.0,6.0
2021-01-01,0.678999900818,chatara_58,695,7.0,6.0
2021-01-02,0.683999061584,chatara_58,695,7.0,6.0
2021-01-03,0.694999694824,chatara_58,695,7.0,6.0
2021-01-04,0.723999023438,chatara_58,695,7.0,6.0
2021-01-05,0.745999336243,chatara_58,695,7.0,6.0
2021-01-06,0.780999183655,chatara_58,695,7.0,6.0
2021-01-07,0.796999931335,chatara_58,695,7.0,6.0
2021-01-08,0.787999153137,chatara_58,695,7.0,6.0
2021-01-09,0.77799987793,chatara_58,695,7.0,6.0
2021-01-10,0.760999679565,chatara_58,695,7.0,6.0
2021-01-11,0.756999015808,chatara_58,695,7.0,6.0
2021-01-12,0.759999275208,chatara_58,695,7.0,6.0
2021-01-13,0.772999763489,chatara_58,695,7.0,6.0
2021-01-14,0.772999763489,chatara_58,695,7.0,6.0
2021-01-15,0.771999359131,chatara_58,695,7.0,6.0
2021-01-16,0.775999069214,chatara_58,695,7.0,6.0
2021-01-17,0.768999099731,chatara_58,695,7.0,6.0
2021-01-18,0.757999420166,chatara_58,695,7.0,6.0
2021-01-19,0.749999046326,chatara_58,695,7.0,6.0
2021-01-20,0.743999481201,chatara_58,695,7.0,6.0
2021-01-21,0.728999137878,chatara_58,695,7.0,6.0
2021-01-22,0.722999572754,chatara_58,695,7.0,6.0
2021-01-23,0.716999053955,chatara_58,695,7.0,6.0
2021-01-24,0.717999458313,chatara_58,695,7.0,6.0
2021-01-25,0.687999725342,chatara_58,695,7.0,6.0
2021-01-26,0.671999931335,chatara_58,695,7.0,6.0
2021-01-27,0.663999557495,chatara_58,695,7.0,6.0
2021-01-28,0.655999183655,chatara_58,695,7.0,6.0
2021-01-29,0.646999359131,chatara_58,695,7.0,6.0
2021-01-30,0.647999763489,chatara_58,695,7.0,6.0
2021-01-31,0.61399936676,chatara_58,695,7.0,6.0
2021-02-01,0.601999282837,chatara_58,695,7.0,6.0
2021-02-02,0.607999801636,chatara_58,695,7.0,6.0
2021-02-03,0.612999916077,chatara_58,695,7.0,6.0
2021-02-04,0.612999916077,chatara_58,695,7.0,6.0
2021-02-05,0.606999397278,chatara_58,695,7.0,6.0
2021-02-06,0.633999824524,chatara_58,695,7.0,6.0
2021-02-07,0.620999336243,chatara_58,695,7.0,6.0
2021-02-08,0.619999885559,chatara_58,695,7.0,6.0
2021-02-09,0.607999801636,chatara_58,695,7.0,6.0
2021-02-10,0.604999542236,chatara_58,695,7.0,6.0
2021-02-11,0.587999343872,chatara_58,695,7.0,6.0
2021-02-12,0.590999603271,chatara_58,695,7.0,6.0
2021-02-13,0.58899974823,chatara_58,695,7.0,6.0
2021-02-14,0.578999519348,chatara_58,695,7.0,6.0
2021-02-15,0.571999549866,chatara_58,695,7.0,6.0
2021-02-16,0.604999542236,chatara_58,695,7.0,6.0
2021-02-17,0.623999595642,chatara_58,695,7.0,6.0
2021-02-18,0.563999176025,chatara_58,695,7.0,6.0
2021-02-19,0.556999206543,chatara_58,695,7.0,6.0
2021-02-20,0.546998977661,chatara_58,695,7.0,6.0
2021-02-21,0.557998657227,chatara_58,695,7.0,6.0
2021-02-22,0.555999755859,chatara_58,695,7.0,6.0
2021-02-23,0.550998687744,chatara_58,695,7.0,6.0
2021-02-24,0.563999176025,chatara_58,695,7.0,6.0
2021-02-25,0.555999755859,chatara_58,695,7.0,6.0
2021-02-26,0.581999778748,chatara_58,695,7.0,6.0
2021-02-27,0.589999198914,chatara_58,695,7.0,6.0
2021-02-28,0.690999031067,chatara_58,695,7.0,6.0
2021-03-01,0.867999076843,chatara_58,695,7.0,6.0
2021-03-02,0.752999305725,chatara_58,695,7.0,6.0
2021-03-03,0.635999679565,chatara_58,695,7.0,6.0
2021-03-04,0.545999526978,chatara_58,695,7.0,6.0
2021-03-05,0.493000030518,chatara_58,695,7.0,6.0
2021-03-06,0.657999038696,chatara_58,695,7.0,6.0
2021-03-07,0.630999565125,chatara_58,695,7.0,6.0
2021-03-08,0.555999755859,chatara_58,695,7.0,6.0
2021-03-09,0.531000137329,chatara_58,695,7.0,6.0
2021-03-10,0.568999290466,chatara_58,695,7.0,6.0
2021-03-11,0.674999237061,chatara_58,695,7.0,6.0
2021-03-12,0.618999481201,chatara_58,695,7.0,6.0
2021-03-13,0.595999717712,chatara_58,695,7.0,6.0
2021-03-14,0.673999786377,chatara_58,695,7.0,6.0
2021-03-15,0.632999420166,chatara_58,695,7.0,6.0
2021-03-17,0.632999420166,chatara_58,695,7.0,6.0
2021-03-18,0.610999107361,chatara_58,695,7.0,6.0
2021-03-19,0.568999290466,chatara_58,695,7.0,6.0
2021-03-20,1.38700008392,chatara_58,695,7.0,6.0
2021-03-21,0.689999580383,chatara_58,695,7.0,6.0
2021-03-22,0.564999580383,chatara_58,695,7.0,6.0
2021-03-23,0.541999816895,chatara_58,695,7.0,6.0
2021-03-24,0.536998748779,chatara_58,695,7.0,6.0
2021-03-25,0.531999588013,chatara_58,695,7.0,6.0
2021-03-26,0.494998931885,chatara_58,695,7.0,6.0
2021-03-27,0.466999053955,chatara_58,695,7.0,6.0
2021-03-28,0.581999778748,chatara_58,695,7.0,6.0
2021-03-29,0.565999031067,chatara_58,695,7.0,6.0
2021-03-30,0.518999099731,chatara_58,695,7.0,6.0
2021-03-31,0.531999588013,chatara_58,695,7.0,6.0
2021-04-01,0.942999839783,chatara_58,695,7.0,6.0
2021-04-03,0.654999732971,chatara_58,695,7.0,6.0
2021-04-04,0.581999778748,chatara_58,695,7.0,6.0
2021-04-05,0.517000198364,chatara_58,695,7.0,6.0
2021-04-06,0.553998947144,chatara_58,695,7.0,6.0
2021-04-07,0.553998947144,chatara_58,695,7.0,6.0
2021-04-08,0.504999160767,chatara_58,695,7.0,6.0
2021-04-09,1.69400024414,chatara_58,695,7.0,6.0
2021-04-10,0.621999740601,chatara_58,695,7.0,6.0
2021-04-11,0.541999816895,chatara_58,695,7.0,6.0
2021-04-12,0.541000366211,chatara_58,695,7.0,6.0
2021-04-13,0.575999259949,chatara_58,695,7.0,6.0
2021-04-14,0.519998550415,chatara_58,695,7.0,6.0
2021-04-15,0.791999816895,chatara_58,695,7.0,6.0
2021-04-16,0.678999900818,chatara_58,695,7.0,6.0
2021-04-17,0.675999641418,chatara_58,695,7.0,6.0
2021-04-18,0.636999130249,chatara_58,695,7.0,6.0
2021-04-19,0.822999000549,chatara_58,695,7.0,6.0
2021-04-20,1.02900028229,chatara_58,695,7.0,6.0
2021-04-21,0.612999916077,chatara_58,695,7.0,6.0
2021-04-22,0.626999855042,chatara_58,695,7.0,6.0
2021-04-23,0.716999053955,chatara_58,695,7.0,6.0
2021-04-26,0.628999710083,chatara_58,695,7.0,6.0
2021-04-27,0.589999198914,chatara_58,695,7.0,6.0
2021-04-29,0.714999198914,chatara_58,695,7.0,6.0
2021-04-30,0.715999603271,chatara_58,695,7.0,6.0
2021-05-03,0.601999282837,chatara_58,695,7.0,6.0
2021-05-04,0.856999397278,chatara_58,695,7.0,6.0
2021-05-05,0.889999389648,chatara_58,695,7.0,6.0
2021-05-06,3.01899957657,chatara_58,695,7.0,6.0
2021-05-07,1.17299938202,chatara_58,695,7.0,6.0
2021-05-08,1.02199935913,chatara_58,695,7.0,6.0
2021-05-09,1.12799930573,chatara_58,695,7.0,6.0
2021-05-10,0.964999198914,chatara_58,695,7.0,6.0
2021-05-11,0.895999908447,chatara_58,695,7.0,6.0
2021-05-12,1.44399929047,chatara_58,695,7.0,6.0
2021-05-13,1.21499919891,chatara_58,695,7.0,6.0
2021-05-14,1.19699954987,chatara_58,695,7.0,6.0
2021-05-15,1.1609992981,chatara_58,695,7.0,6.0
2021-05-16,0.983999252319,chatara_58,695,7.0,6.0
2021-05-17,0.945999145508,chatara_58,695,7.0,6.0
2021-05-18,1.10199928284,chatara_58,695,7.0,6.0
2021-05-19,1.16899967194,chatara_58,695,7.0,6.0
2021-05-20,1.58599948883,chatara_58,695,7.0,6.0
2021-05-21,1.62299919128,chatara_58,695,7.0,6.0
2021-05-22,1.51899909973,chatara_58,695,7.0,6.0
2021-05-23,1.23199939728,chatara_58,695,7.0,6.0
2021-05-24,1.15599918365,chatara_58,695,7.0,6.0
2021-05-25,1.27399921417,chatara_58,695,7.0,6.0
2021-05-26,1.59199905396,chatara_58,695,7.0,6.0
2021-05-27,2.59399986267,chatara_58,695,7.0,6.0
2021-05-28,3.02999973297,chatara_58,695,7.0,6.0
2021-05-29,3.02299976349,chatara_58,695,7.0,6.0
2021-05-30,2.44099903107,chatara_58,695,7.0,6.0
2021-05-31,1.79099941254,chatara_58,695,7.0,6.0
2021-06-01,2.02199935913,chatara_58,695,7.0,6.0
2021-06-02,2.01399993896,chatara_58,695,7.0,6.0
2021-06-03,1.84099960327,chatara_58,695,7.0,6.0
2021-06-04,1.53399944305,chatara_58,695,7.0,6.0
2021-06-05,1.63699913025,chatara_58,695,7.0,6.0
2021-06-06,1.72699928284,chatara_58,695,7.0,6.0
2021-06-07,1.83999919891,chatara_58,695,7.0,6.0
2021-06-08,2.15699958801,chatara_58,695,7.0,6.0
2021-06-09,1.71299934387,chatara_58,695,7.0,6.0
2021-06-10,1.6159992218,chatara_58,695,7.0,6.0
2021-06-11,1.72699928284,chatara_58,695,7.0,6.0
2021-06-12,1.99599933624,chatara_58,695,7.0,6.0
2021-06-13,2.20699977875,chatara_58,695,7.0,6.0
2021-06-14,2.30299949646,chatara_58,695,7.0,6.0
2021-06-15,2.27399921417,chatara_58,695,7.0,6.0
2021-06-16,3.55399990082,chatara_58,695,7.0,6.0
2021-06-17,3.01799964905,chatara_58,695,7.0,6.0
2021-06-18,3.20099925995,chatara_58,695,7.0,6.0
2021-06-19,3.3719997406,chatara_58,695,7.0,6.0
2021-06-20,3.46699905396,chatara_58,695,7.0,6.0
2021-06-21,2.90499973297,chatara_58,695,7.0,6.0
2021-06-22,2.69799900055,chatara_58,695,7.0,6.0
2021-06-23,3.14099979401,chatara_58,695,7.0,6.0
2021-06-24,3.4939994812,chatara_58,695,7.0,6.0
2021-06-25,2.83699989319,chatara_58,695,7.0,6.0
2021-06-26,3.21299934387,chatara_58,695,7.0,6.0
2021-06-27,2.96099948883,chatara_58,695,7.0,6.0
2021-06-28,2.84499931335,chatara_58,695,7.0,6.0
2021-06-29,2.70899963379,chatara_58,695,7.0,6.0
2021-06-30,3.25299930573,chatara_58,695,7.0,6.0
2021-07-01,3.40099906921,chatara_58,695,7.0,6.0
2021-07-02,4.56299972534,chatara_58,695,7.0,6.0
2021-07-03,4.60699939728,chatara_58,695,7.0,6.0
2021-07-04,4.11299991608,chatara_58,695,7.0,6.0
2021-07-05,3.66499900818,chatara_58,695,7.0,6.0
2021-07-06,3.36399936676,chatara_58,695,7.0,6.0
2021-07-07,3.58599948883,chatara_58,695,7.0,6.0
2021-07-08,5.59099960327,chatara_58,695,7.0,6.0
2021-07-09,4.37599945068,chatara_58,695,7.0,6.0
2021-07-10,4.27399921417,chatara_58,695,7.0,6.0
2021-07-11,4.44799900055,chatara_58,695,7.0,6.0
2021-07-12,4.1769990921,chatara_58,695,7.0,6.0
2021-07-13,4.52699947357,chatara_58,695,7.0,6.0
2021-07-14,4.39899921417,chatara_58,695,7.0,6.0
2021-07-15,4.33299922943,chatara_58,695,7.0,6.0
2021-07-16,4.07799911499,chatara_58,695,7.0,6.0
2021-07-17,3.79399967194,chatara_58,695,7.0,6.0
2021-07-18,3.83499908447,chatara_58,695,7.0,6.0
2021-07-19,4.38099956512,chatara_58,695,7.0,6.0
2021-07-20,5.63799953461,chatara_58,695,7.0,6.0
2021-07-21,5.2469997406,chatara_58,695,7.0,6.0
2021-07-22,4.74499988556,chatara_58,695,7.0,6.0
2021-07-23,4.37299919128,chatara_58,695,7.0,6.0
2021-07-24,4.08599948883,chatara_58,695,7.0,6.0
2021-07-25,3.88699913025,chatara_58,695,7.0,6.0
2021-07-26,4.42499923706,chatara_58,695,7.0,6.0
2021-07-27,4.26299953461,chatara_58,695,7.0,6.0
2021-07-28,4.35199928284,chatara_58,695,7.0,6.0
2021-07-29,5.05699920654,chatara_58,695,7.0,6.0
2021-07-30,4.30999946594,chatara_58,695,7.0,6.0
2021-07-31,4.34899902344,chatara_58,695,7.0,6.0
2021-08-01,4.16199970245,chatara_58,695,7.0,6.0
2021-08-02,,chatara_58,695,7.0,6.0
2021-08-03,,chatara_58,695,7.0,6.0
2021-08-04,4.56499958038,chatara_58,695,7.0,6.0
2021-08-05,4.27199935913,chatara_58,695,7.0,6.0
2021-08-06,3.86399936676,chatara_58,695,7.0,6.0
2021-08-07,,chatara_58,695,7.0,6.0
2021-08-08,,chatara_58,695,7.0,6.0
2021-08-09,,chatara_58,695,7.0,6.0
2021-08-10,,chatara_58,695,7.0,6.0
2021-08-11,,chatara_58,695,7.0,6.0
2021-08-12,3.96899986267,chatara_58,695,7.0,6.0
2021-08-13,,chatara_58,695,7.0,6.0
2021-08-14,3.93699932098,chatara_58,695,7.0,6.0
2021-08-15,4.6219997406,chatara_58,695,7.0,6.0
2021-08-16,4.66699981689,chatara_58,695,7.0,6.0
2021-08-17,4.01199913025,chatara_58,695,7.0,6.0
2021-08-18,,chatara_58,695,7.0,6.0
2021-08-19,4.66299915314,chatara_58,695,7.0,6.0
2021-08-20,4.98199939728,chatara_58,695,7.0,6.0
2021-08-21,5.18199920654,chatara_58,695,7.0,6.0
2021-08-22,4.86299991608,chatara_58,695,7.0,6.0
2021-08-23,4.91199970245,chatara_58,695,7.0,6.0
2021-08-24,5.15499973297,chatara_58,695,7.0,6.0
2021-08-25,4.5969991684,chatara_58,695,7.0,6.0
2021-08-26,5.21999931335,chatara_58,695,7.0,6.0
2021-08-27,5.25199985504,chatara_58,695,7.0,6.0
2021-08-28,5.22299957275,chatara_58,695,7.0,6.0
2021-08-29,5.60199928284,chatara_58,695,7.0,6.0
2021-08-30,5.61499977112,chatara_58,695,7.0,6.0
2021-08-31,5.07499980927,chatara_58,695,7.0,6.0
2021-09-01,4.79799938202,chatara_58,695,7.0,6.0
2021-09-02,5.03499984741,chatara_58,695,7.0,6.0
2021-09-03,4.96099948883,chatara_58,695,7.0,6.0
2021-09-04,4.63899993896,chatara_58,695,7.0,6.0
2021-09-05,4.33699989319,chatara_58,695,7.0,6.0
2021-09-06,4.81199932098,chatara_58,695,7.0,6.0
2021-09-07,4.97799968719,chatara_58,695,7.0,6.0
2021-09-08,4.73499965668,chatara_58,695,7.0,6.0
2021-09-09,4.74899959564,chatara_58,695,7.0,6.0
2021-09-10,4.65599918365,chatara_58,695,7.0,6.0
2021-09-11,4.30599975586,chatara_58,695,7.0,6.0
2021-09-12,4.02299976349,chatara_58,695,7.0,6.0
2021-09-13,3.88099956512,chatara_58,695,7.0,6.0
2021-09-14,3.62599945068,chatara_58,695,7.0,6.0
2021-09-15,3.41299915314,chatara_58,695,7.0,6.0
2021-09-16,3.36299991608,chatara_58,695,7.0,6.0
2021-09-17,3.29899978638,chatara_58,695,7.0,6.0
2021-09-18,3.25199985504,chatara_58,695,7.0,6.0
2021-09-19,3.07099914551,chatara_58,695,7.0,6.0
2021-09-20,2.93899917603,chatara_58,695,7.0,6.0
2021-09-21,3.04199981689,chatara_58,695,7.0,6.0
2021-09-22,3.11099910736,chatara_58,695,7.0,6.0
2021-09-23,2.89299964905,chatara_58,695,7.0,6.0
2021-09-24,2.83999919891,chatara_58,695,7.0,6.0
2021-09-25,3.09499931335,chatara_58,695,7.0,6.0
2021-09-26,2.97299957275,chatara_58,695,7.0,6.0
2021-09-27,2.80599975586,chatara_58,695,7.0,6.0
2021-09-28,2.73799991608,chatara_58,695,7.0,6.0
2021-09-29,2.83899974823,chatara_58,695,7.0,6.0
2021-09-30,2.68799972534,chatara_58,695,7.0,6.0
2021-10-01,2.59099960327,chatara_58,695,7.0,6.0
2021-10-02,2.58899974823,chatara_58,695,7.0,6.0
2021-10-03,2.62699985504,chatara_58,695,7.0,6.0
2021-10-04,2.74599933624,chatara_58,695,7.0,6.0
2021-10-05,2.67799949646,chatara_58,695,7.0,6.0
2021-10-06,2.58299922943,chatara_58,695,7.0,6.0
2021-10-07,2.48099899292,chatara_58,695,7.0,6.0
2021-10-08,2.4329996109,chatara_58,695,7.0,6.0
2021-10-09,2.47299957275,chatara_58,695,7.0,6.0
2021-10-10,2.48799991608,chatara_58,695,7.0,6.0
2021-10-11,2.36699962616,chatara_58,695,7.0,6.0
2021-10-12,2.23099899292,chatara_58,695,7.0,6.0
2021-10-13,2.15299987793,chatara_58,695,7.0,6.0
2021-10-14,2.10699939728,chatara_58,695,7.0,6.0
2021-10-15,2.0549993515,chatara_58,695,7.0,6.0
2021-10-16,2.00099945068,chatara_58,695,7.0,6.0
2021-10-17,2.20399951935,chatara_58,695,7.0,6.0
2021-10-18,2.1159992218,chatara_58,695,7.0,6.0
2021-10-19,6.27299976349,chatara_58,695,7.0,6.0
2021-10-20,6.50699901581,chatara_58,695,7.0,6.0
2021-10-21,3.51399993896,chatara_58,695,7.0,6.0
2021-10-22,2.88699913025,chatara_58,695,7.0,6.0
2021-10-23,2.59199905396,chatara_58,695,7.0,6.0
2021-10-24,2.50899982452,chatara_58,695,7.0,6.0
2021-10-25,2.34599971771,chatara_58,695,7.0,6.0
2021-10-26,2.26699924469,chatara_58,695,7.0,6.0
2021-10-27,2.14799976349,chatara_58,695,7.0,6.0
2021-10-28,2.07199954987,chatara_58,695,7.0,6.0
2021-10-29,2.00799942017,chatara_58,695,7.0,6.0
2021-10-30,1.95399951935,chatara_58,695,7.0,6.0
2021-10-31,1.91999912262,chatara_58,695,7.0,6.0
2021-11-01,1.88599967957,chatara_58,695,7.0,6.0
2021-11-02,1.83599948883,chatara_58,695,7.0,6.0
2021-11-03,1.81299972534,chatara_58,695,7.0,6.0
2021-11-04,1.7859992981,chatara_58,695,7.0,6.0
2021-11-05,1.72599983215,chatara_58,695,7.0,6.0
2021-11-06,1.70199966431,chatara_58,695,7.0,6.0
2021-11-07,1.67499923706,chatara_58,695,7.0,6.0
2021-11-08,1.65399932861,chatara_58,695,7.0,6.0
2021-11-09,1.62399959564,chatara_58,695,7.0,6.0
2021-11-10,1.60699939728,chatara_58,695,7.0,6.0
2021-11-11,1.57399940491,chatara_58,695,7.0,6.0
2021-11-12,1.56399917603,chatara_58,695,7.0,6.0
2021-11-15,1.48999977112,chatara_58,695,7.0,6.0
2021-11-16,1.44199943542,chatara_58,695,7.0,6.0
2021-11-17,1.38699913025,chatara_58,695,7.0,6.0
2021-11-18,1.3499994278,chatara_58,695,7.0,6.0
2021-11-19,1.34299945831,chatara_58,695,7.0,6.0
2021-11-20,1.33399963379,chatara_58,695,7.0,6.0
2021-11-21,1.30599975586,chatara_58,695,7.0,6.0
2021-11-22,1.31699943542,chatara_58,695,7.0,6.0
2021-11-23,1.29299926758,chatara_58,695,7.0,6.0
2021-11-24,1.25299930573,chatara_58,695,7.0,6.0
2021-11-25,1.22999954224,chatara_58,695,7.0,6.0
2021-11-26,1.20899963379,chatara_58,695,7.0,6.0
2021-11-27,1.19199943542,chatara_58,695,7.0,6.0
2021-11-28,1.16799926758,chatara_58,695,7.0,6.0
2021-11-29,1.1579990387,chatara_58,695,7.0,6.0
2021-11-30,1.13899993896,chatara_58,695,7.0,6.0
2021-12-01,1.12099933624,chatara_58,695,7.0,6.0
2021-12-02,1.10099983215,chatara_58,695,7.0,6.0
2021-12-03,1.06699943542,chatara_58,695,7.0,6.0
2021-12-04,1.06599903107,chatara_58,695,7.0,6.0
2021-12-05,1.06199932098,chatara_58,695,7.0,6.0
2021-12-06,1.04599952698,chatara_58,695,7.0,6.0
2021-12-07,1.02999973297,chatara_58,695,7.0,6.0
2021-12-08,0.994999885559,chatara_58,695,7.0,6.0
2021-12-09,0.994999885559,chatara_58,695,7.0,6.0
2021-12-10,0.983999252319,chatara_58,695,7.0,6.0
2021-12-11,0.966999053955,chatara_58,695,7.0,6.0
2021-12-12,0.961999893188,chatara_58,695,7.0,6.0
2021-12-13,0.944999694824,chatara_58,695,7.0,6.0
2021-12-14,0.936999320984,chatara_58,695,7.0,6.0
2021-12-15,0.943999290466,chatara_58,695,7.0,6.0
2021-12-21,0.89999961853,chatara_58,695,7.0,6.0
2021-12-22,0.857999801636,chatara_58,695,7.0,6.0
2021-12-23,0.876999855042,chatara_58,695,7.0,6.0
2021-12-24,0.859999656677,chatara_58,695,7.0,6.0
2021-12-25,0.862999916077,chatara_58,695,7.0,6.0
2021-12-28,0.914999008179,chatara_58,695,7.0,6.0
2021-12-29,1.00099945068,chatara_58,695,7.0,6.0
2021-12-30,1.14699935913,chatara_58,695,7.0,6.0
2021-12-31,1.08199977875,chatara_58,695,7.0,6.0
2022-01-01,0.972999572754,chatara_58,695,7.0,6.0
2022-01-02,0.958999633789,chatara_58,695,7.0,6.0
2022-01-03,0.969999313354,chatara_58,695,7.0,6.0
2022-01-04,0.99199962616,chatara_58,695,7.0,6.0
2022-01-05,1.01899909973,chatara_58,695,7.0,6.0
2022-01-06,1.03799915314,chatara_58,695,7.0,6.0
2022-01-07,1.04299926758,chatara_58,695,7.0,6.0
2022-01-08,1.01899909973,chatara_58,695,7.0,6.0
2022-01-09,1.01999950409,chatara_58,695,7.0,6.0
2022-01-10,1.02599906921,chatara_58,695,7.0,6.0
2022-01-11,1.04399967194,chatara_58,695,7.0,6.0
2022-01-12,1.00199985504,chatara_58,695,7.0,6.0
2022-01-13,0.989999771118,chatara_58,695,7.0,6.0
2022-01-14,0.978999137878,chatara_58,695,7.0,6.0
2022-01-15,0.958999633789,chatara_58,695,7.0,6.0
2022-01-16,0.945999145508,chatara_58,695,7.0,6.0
2022-01-17,0.930999755859,chatara_58,695,7.0,6.0
2022-01-18,0.942999839783,chatara_58,695,7.0,6.0
2022-01-19,0.949999809265,chatara_58,695,7.0,6.0
2022-01-20,0.930999755859,chatara_58,695,7.0,6.0
2022-01-21,0.956999778748,chatara_58,695,7.0,6.0
2022-01-22,0.962999343872,chatara_58,695,7.0,6.0
2022-01-23,0.949999809265,chatara_58,695,7.0,6.0
2022-01-24,0.911999702454,chatara_58,695,7.0,6.0
2022-01-25,0.92799949646,chatara_58,695,7.0,6.0
2022-01-26,0.934999465942,chatara_58,695,7.0,6.0
2022-01-27,0.908999443054,chatara_58,695,7.0,6.0
2022-01-28,0.897999763489,chatara_58,695,7.0,6.0
2022-01-30,0.892999649048,chatara_58,695,7.0,6.0
2022-01-31,0.871999740601,chatara_58,695,7.0,6.0
2022-02-01,0.883999824524,chatara_58,695,7.0,6.0
2022-02-02,0.859999656677,chatara_58,695,7.0,6.0
2022-02-03,0.861999511719,chatara_58,695,7.0,6.0
2022-02-04,0.900999069214,chatara_58,695,7.0,6.0
2022-02-05,1.06999969482,chatara_58,695,7.0,6.0
2022-02-06,1.05699920654,chatara_58,695,7.0,6.0
2022-02-07,0.950999259949,chatara_58,695,7.0,6.0
2022-02-08,0.914999008179,chatara_58,695,7.0,6.0
2022-02-09,0.926999092102,chatara_58,695,7.0,6.0
2022-02-10,0.918999671936,chatara_58,695,7.0,6.0
2022-02-11,0.938999176025,chatara_58,695,7.0,6.0
2022-02-12,0.947999000549,chatara_58,695,7.0,6.0
2022-02-13,0.95299911499,chatara_58,695,7.0,6.0
2022-02-14,0.98899936676,chatara_58,695,7.0,6.0
2022-02-15,1.04699993134,chatara_58,695,7.0,6.0
2022-02-16,1.09399986267,chatara_58,695,7.0,6.0
2022-02-17,1.15999984741,chatara_58,695,7.0,6.0
2022-02-18,1.21199989319,chatara_58,695,7.0,6.0
2022-02-19,1.19199943542,chatara_58,695,7.0,6.0
2022-02-20,1.21599960327,chatara_58,695,7.0,6.0
2022-02-21,1.17899990082,chatara_58,695,7.0,6.0
2022-02-22,1.18999958038,chatara_58,695,7.0,6.0
2022-02-23,1.17399978638,chatara_58,695,7.0,6.0
2022-02-24,1.15699958801,chatara_58,695,7.0,6.0
2022-02-25,1.18099975586,chatara_58,695,7.0,6.0
2022-02-26,1.16199970245,chatara_58,695,7.0,6.0
2022-02-27,1.14999961853,chatara_58,695,7.0,6.0
2022-02-28,1.14399909973,chatara_58,695,7.0,6.0
2022-03-01,1.14099979401,chatara_58,695,7.0,6.0
2022-03-02,1.15199947357,chatara_58,695,7.0,6.0
2022-03-03,1.14999961853,chatara_58,695,7.0,6.0
2022-03-04,1.13399982452,chatara_58,695,7.0,6.0
2022-03-07,1.1799993515,chatara_58,695,7.0,6.0
2022-03-09,1.21599960327,chatara_58,695,7.0,6.0
2022-03-10,1.20799922943,chatara_58,695,7.0,6.0
2022-03-11,1.24899959564,chatara_58,695,7.0,6.0
2022-03-12,1.21099948883,chatara_58,695,7.0,6.0
2022-03-13,1.23199939728,chatara_58,695,7.0,6.0
2022-03-14,1.24899959564,chatara_58,695,7.0,6.0
2022-03-15,1.27099990845,chatara_58,695,7.0,6.0
2022-03-16,1.3049993515,chatara_58,695,7.0,6.0
2022-03-17,1.30099964142,chatara_58,695,7.0,6.0
2022-03-18,1.32599925995,chatara_58,695,7.0,6.0
2022-03-19,1.37499904633,chatara_58,695,7.0,6.0
2022-03-20,1.36399936676,chatara_58,695,7.0,6.0
2022-03-21,1.33299922943,chatara_58,695,7.0,6.0
2022-03-22,1.32599925995,chatara_58,695,7.0,6.0
2022-03-23,1.33899974823,chatara_58,695,7.0,6.0
2022-03-24,1.40599918365,chatara_58,695,7.0,6.0
2022-03-25,1.40599918365,chatara_58,695,7.0,6.0
2022-03-27,1.25999927521,chatara_58,695,7.0,6.0
2022-03-28,1.22399902344,chatara_58,695,7.0,6.0
2022-03-29,1.28699970245,chatara_58,695,7.0,6.0
2022-03-30,1.37299919128,chatara_58,695,7.0,6.0
2022-03-31,1.38299942017,chatara_58,695,7.0,6.0
2022-04-01,1.4719991684,chatara_58,695,7.0,6.0
2022-04-02,1.50699901581,chatara_58,695,7.0,6.0
2022-04-03,1.73699951172,chatara_58,695,7.0,6.0
2022-04-04,1.88799953461,chatara_58,695,7.0,6.0
2022-04-05,1.59899902344,chatara_58,695,7.0,6.0
2022-04-06,1.47899913788,chatara_58,695,7.0,6.0
2022-04-07,1.45599937439,chatara_58,695,7.0,6.0
2022-04-08,1.57299900055,chatara_58,695,7.0,6.0
2022-04-09,1.6189994812,chatara_58,695,7.0,6.0
2022-04-10,1.6799993515,chatara_58,695,7.0,6.0
2022-04-11,1.85699939728,chatara_58,695,7.0,6.0
2022-04-12,1.55299949646,chatara_58,695,7.0,6.0
2022-04-13,1.46999931335,chatara_58,695,7.0,6.0
2022-04-14,1.51599979401,chatara_58,695,7.0,6.0
2022-04-15,1.49499988556,chatara_58,695,7.0,6.0
2022-04-16,1.38299942017,chatara_58,695,7.0,6.0
2022-04-17,1.33899974823,chatara_58,695,7.0,6.0
2022-04-18,1.3109998703,chatara_58,695,7.0,6.0
2022-04-19,1.2829990387,chatara_58,695,7.0,6.0
2022-04-20,1.29999923706,chatara_58,695,7.0,6.0
2022-04-21,1.33699989319,chatara_58,695,7.0,6.0
2022-04-22,1.29999923706,chatara_58,695,7.0,6.0
2022-04-23,1.44299983978,chatara_58,695,7.0,6.0
2022-04-24,1.33699989319,chatara_58,695,7.0,6.0
2022-04-25,1.31299972534,chatara_58,695,7.0,6.0
2022-04-26,1.34599971771,chatara_58,695,7.0,6.0
2022-04-27,1.41299915314,chatara_58,695,7.0,6.0
2022-04-28,1.29999923706,chatara_58,695,7.0,6.0
2022-04-29,1.4909992218,chatara_58,695,7.0,6.0
2022-04-30,1.34799957275,chatara_58,695,7.0,6.0
2022-05-01,1.3659992218,chatara_58,695,7.0,6.0
2022-05-02,1.43699932098,chatara_58,695,7.0,6.0
2022-05-03,1.38099956512,chatara_58,695,7.0,6.0
2022-05-04,1.35999965668,chatara_58,695,7.0,6.0
2022-05-05,1.43499946594,chatara_58,695,7.0,6.0
2022-05-06,1.45899963379,chatara_58,695,7.0,6.0
2022-05-07,1.51899909973,chatara_58,695,7.0,6.0
2022-05-09,1.55299949646,chatara_58,695,7.0,6.0
2022-05-10,1.5519990921,chatara_58,695,7.0,6.0
2022-05-11,1.53499984741,chatara_58,695,7.0,6.0
2022-05-12,1.55399990082,chatara_58,695,7.0,6.0
2022-05-13,1.55699920654,chatara_58,695,7.0,6.0
2022-05-14,1.75399971008,chatara_58,695,7.0,6.0
2022-05-15,1.65399932861,chatara_58,695,7.0,6.0
2022-05-16,2.19899940491,chatara_58,695,7.0,6.0
2022-05-17,2.07099914551,chatara_58,695,7.0,6.0
2022-05-18,1.72699928284,chatara_58,695,7.0,6.0
2022-05-19,1.71899986267,chatara_58,695,7.0,6.0
2022-05-20,1.70399951935,chatara_58,695,7.0,6.0
2022-05-21,1.78499984741,chatara_58,695,7.0,6.0
2022-05-22,2.13199901581,chatara_58,695,7.0,6.0
2022-05-23,1.9719991684,chatara_58,695,7.0,6.0
2022-05-24,1.70999908447,chatara_58,695,7.0,6.0
2022-05-25,1.58699989319,chatara_58,695,7.0,6.0
2022-05-26,1.6799993515,chatara_58,695,7.0,6.0
2022-05-27,1.71299934387,chatara_58,695,7.0,6.0
2022-05-28,1.6219997406,chatara_58,695,7.0,6.0
2022-05-29,1.55399990082,chatara_58,695,7.0,6.0
2022-05-30,1.69399929047,chatara_58,695,7.0,6.0
2022-05-31,1.95099925995,chatara_58,695,7.0,6.0
2022-06-01,1.9969997406,chatara_58,695,7.0,6.0
2022-06-02,1.95299911499,chatara_58,695,7.0,6.0
2022-06-03,2.0519990921,chatara_58,695,7.0,6.0
2022-06-04,1.97299957275,chatara_58,695,7.0,6.0
2022-06-05,1.86699962616,chatara_58,695,7.0,6.0
2022-06-06,2.0519990921,chatara_58,695,7.0,6.0
2022-06-07,2.44999980927,chatara_58,695,7.0,6.0
2022-06-08,2.72899913788,chatara_58,695,7.0,6.0
2022-06-09,3.0329990387,chatara_58,695,7.0,6.0
2022-06-10,3.15399932861,chatara_58,695,7.0,6.0
2022-06-11,3.12999916077,chatara_58,695,7.0,6.0
2022-06-12,2.65499973297,chatara_58,695,7.0,6.0
2022-06-13,2.34299945831,chatara_58,695,7.0,6.0
2022-06-14,2.55599975586,chatara_58,695,7.0,6.0
2022-06-15,2.79499912262,chatara_58,695,7.0,6.0
2022-06-16,3.96399974823,chatara_58,695,7.0,6.0
2022-06-17,4.72899913788,chatara_58,695,7.0,6.0
2022-06-18,4.75699901581,chatara_58,695,7.0,6.0
2022-06-19,3.87699985504,chatara_58,695,7.0,6.0
2022-06-20,4.73899936676,chatara_58,695,7.0,6.0
2022-06-21,3.4909992218,chatara_58,695,7.0,6.0
2022-06-22,2.99599933624,chatara_58,695,7.0,6.0
2022-06-23,2.72999954224,chatara_58,695,7.0,6.0
2022-06-24,3.25199985504,chatara_58,695,7.0,6.0
2022-06-25,3.72899913788,chatara_58,695,7.0,6.0
2022-06-26,3.81399917603,chatara_58,695,7.0,6.0
2022-06-27,3.67299938202,chatara_58,695,7.0,6.0
2022-06-28,3.62799930573,chatara_58,695,7.0,6.0
2022-06-29,4.25499916077,chatara_58,695,7.0,6.0
2022-06-30,4.54299926758,chatara_58,695,7.0,6.0
2022-07-01,3.78999900818,chatara_58,695,7.0,6.0
2022-07-02,4.80099964142,chatara_58,695,7.0,6.0
2022-07-03,4.26299953461,chatara_58,695,7.0,6.0
2022-07-04,3.43099975586,chatara_58,695,7.0,6.0
2022-07-05,3.13899993896,chatara_58,695,7.0,6.0
2022-07-06,3.01099967957,chatara_58,695,7.0,6.0
2022-07-07,2.93799972534,chatara_58,695,7.0,6.0
2022-07-08,2.98499965668,chatara_58,695,7.0,6.0
2022-07-09,3.29099941254,chatara_58,695,7.0,6.0
2022-07-10,3.3079996109,chatara_58,695,7.0,6.0
2022-07-11,3.20599937439,chatara_58,695,7.0,6.0
2022-07-12,3.33899974823,chatara_58,695,7.0,6.0
2022-07-13,3.64399909973,chatara_58,695,7.0,6.0
2022-07-14,3.52799987793,chatara_58,695,7.0,6.0
2022-07-15,3.20699977875,chatara_58,695,7.0,6.0
2022-07-16,2.91899967194,chatara_58,695,7.0,6.0
2022-07-17,3.12899971008,chatara_58,695,7.0,6.0
2022-07-18,3.48499965668,chatara_58,695,7.0,6.0
2022-07-19,3.54799938202,chatara_58,695,7.0,6.0
2022-07-20,3.61199951172,chatara_58,695,7.0,6.0
2022-07-21,4.44599914551,chatara_58,695,7.0,6.0
2022-07-22,4.39899921417,chatara_58,695,7.0,6.0
2022-07-23,5.0969991684,chatara_58,695,7.0,6.0
2022-07-24,4.44199943542,chatara_58,695,7.0,6.0
2022-07-25,4.18699932098,chatara_58,695,7.0,6.0
2022-07-26,4.96799945831,chatara_58,695,7.0,6.0
2022-07-27,5.03699970245,chatara_58,695,7.0,6.0
2022-07-28,4.46299934387,chatara_58,695,7.0,6.0
2022-07-29,4.44399929047,chatara_58,695,7.0,6.0
2022-07-30,4.53699970245,chatara_58,695,7.0,6.0
2022-07-31,4.92099952698,chatara_58,695,7.0,6.0
2022-08-01,5.53799915314,chatara_58,695,7.0,6.0
2022-08-02,5.97999954224,chatara_58,695,7.0,6.0
2022-08-03,5.97599983215,chatara_58,695,7.0,6.0
2022-08-04,5.38899993896,chatara_58,695,7.0,6.0
2022-08-05,5.08699989319,chatara_58,695,7.0,6.0
2022-08-06,5.88799953461,chatara_58,695,7.0,6.0
2022-08-07,5.43099975586,chatara_58,695,7.0,6.0
2022-08-08,4.84599971771,chatara_58,695,7.0,6.0
2022-08-09,4.53499984741,chatara_58,695,7.0,6.0
2022-08-10,4.27999973297,chatara_58,695,7.0,6.0
2022-08-11,4.20699977875,chatara_58,695,7.0,6.0
2022-08-12,3.89899921417,chatara_58,695,7.0,6.0
2022-08-13,3.57399940491,chatara_58,695,7.0,6.0
2022-08-14,4.0389995575,chatara_58,695,7.0,6.0
2022-08-15,4.44199943542,chatara_58,695,7.0,6.0
2022-08-16,3.7249994278,chatara_58,695,7.0,6.0
2022-08-17,3.34099960327,chatara_58,695,7.0,6.0
2022-08-18,3.27499961853,chatara_58,695,7.0,6.0
2022-08-19,4.65299987793,chatara_58,695,7.0,6.0
2022-08-20,3.9909992218,chatara_58,695,7.0,6.0
2022-08-21,3.62599945068,chatara_58,695,7.0,6.0
2022-08-22,3.45299911499,chatara_58,695,7.0,6.0
2022-08-23,3.15099906921,chatara_58,695,7.0,6.0
2022-08-24,3.51099967957,chatara_58,695,7.0,6.0
2022-08-25,3.12999916077,chatara_58,695,7.0,6.0
2022-08-26,3.03199958801,chatara_58,695,7.0,6.0
2022-08-27,3.06999969482,chatara_58,695,7.0,6.0
2022-08-28,4.7829990387,chatara_58,695,7.0,6.0
2022-08-29,4.78799915314,chatara_58,695,7.0,6.0
2022-08-30,3.70599937439,chatara_58,695,7.0,6.0
2022-08-31,4.14699935913,chatara_58,695,7.0,6.0
2022-09-01,5.17299938202,chatara_58,695,7.0,6.0
2022-09-02,5.0549993515,chatara_58,695,7.0,6.0
2022-09-03,4.46799945831,chatara_58,695,7.0,6.0
2022-09-04,4.41799926758,chatara_58,695,7.0,6.0
2022-09-05,4.52499961853,chatara_58,695,7.0,6.0
2022-09-06,4.17399978638,chatara_58,695,7.0,6.0
2022-09-07,4.36099910736,chatara_58,695,7.0,6.0
2022-09-08,4.13199901581,chatara_58,695,7.0,6.0
2022-09-09,4.27799987793,chatara_58,695,7.0,6.0
2022-09-10,4.19699954987,chatara_58,695,7.0,6.0
2022-09-11,3.93099975586,chatara_58,695,7.0,6.0
2022-09-12,3.81199932098,chatara_58,695,7.0,6.0
2022-09-13,3.79799938202,chatara_58,695,7.0,6.0
2022-09-14,3.59899902344,chatara_58,695,7.0,6.0
2022-09-15,3.95199966431,chatara_58,695,7.0,6.0
2022-09-17,4.17499923706,chatara_58,695,7.0,6.0
2022-09-18,3.70999908447,chatara_58,695,7.0,6.0
2022-09-19,3.42599964142,chatara_58,695,7.0,6.0
2022-09-20,3.25199985504,chatara_58,695,7.0,6.0
2022-09-21,3.08599948883,chatara_58,695,7.0,6.0
2022-09-22,2.96699905396,chatara_58,695,7.0,6.0
2022-09-23,2.93899917603,chatara_58,695,7.0,6.0
2022-09-24,3.22399902344,chatara_58,695,7.0,6.0
2022-09-25,3.22799968719,chatara_58,695,7.0,6.0
2022-09-26,3.4079990387,chatara_58,695,7.0,6.0
2022-09-27,3.19499969482,chatara_58,695,7.0,6.0
2022-09-28,3.18499946594,chatara_58,695,7.0,6.0
2022-09-29,3.20299911499,chatara_58,695,7.0,6.0
2022-09-30,2.78799915314,chatara_58,695,7.0,6.0
2022-10-01,2.69299983978,chatara_58,695,7.0,6.0
2022-10-02,2.4909992218,chatara_58,695,7.0,6.0
2022-10-03,2.3659992218,chatara_58,695,7.0,6.0
2022-10-04,2.52899932861,chatara_58,695,7.0,6.0
2022-10-05,3.62699985504,chatara_58,695,7.0,6.0
2022-10-06,3.39999961853,chatara_58,695,7.0,6.0
2022-10-07,3.23099899292,chatara_58,695,7.0,6.0
2022-10-08,3.11799907684,chatara_58,695,7.0,6.0
2022-10-09,3.12999916077,chatara_58,695,7.0,6.0
2022-10-10,4.17899990082,chatara_58,695,7.0,6.0
2022-10-11,3.43799972534,chatara_58,695,7.0,6.0
2022-10-12,4.07399940491,chatara_58,695,7.0,6.0
2022-10-13,3.47599983215,chatara_58,695,7.0,6.0
2022-10-14,2.87799930573,chatara_58,695,7.0,6.0
2022-10-15,2.54899978638,chatara_58,695,7.0,6.0
2022-10-18,2.04299926758,chatara_58,695,7.0,6.0
2022-10-19,1.97999954224,chatara_58,695,7.0,6.0
2022-10-20,1.90499973297,chatara_58,695,7.0,6.0
2022-10-21,1.82699966431,chatara_58,695,7.0,6.0
2022-10-22,1.76199913025,chatara_58,695,7.0,6.0
2022-10-23,1.70399951935,chatara_58,695,7.0,6.0
2022-10-24,1.65999984741,chatara_58,695,7.0,6.0
2022-10-25,1.62599945068,chatara_58,695,7.0,6.0
2022-10-26,1.60699939728,chatara_58,695,7.0,6.0
2022-10-27,1.5519990921,chatara_58,695,7.0,6.0
2022-10-28,1.52599906921,chatara_58,695,7.0,6.0
2022-10-29,1.4969997406,chatara_58,695,7.0,6.0
2022-10-30,1.45899963379,chatara_58,695,7.0,6.0
2022-10-31,1.4299993515,chatara_58,695,7.0,6.0
2022-11-01,1.40199947357,chatara_58,695,7.0,6.0
2022-11-02,1.35599899292,chatara_58,695,7.0,6.0
2022-11-03,1.34799957275,chatara_58,695,7.0,6.0
2022-11-04,1.31499958038,chatara_58,695,7.0,6.0
2022-11-05,1.29299926758,chatara_58,695,7.0,6.0
2022-11-06,1.27999973297,chatara_58,695,7.0,6.0
2022-11-07,1.25099945068,chatara_58,695,7.0,6.0
2022-11-08,1.22799968719,chatara_58,695,7.0,6.0
2022-11-09,1.20899963379,chatara_58,695,7.0,6.0
2022-11-10,1.19999980927,chatara_58,695,7.0,6.0
2022-11-11,1.18399906158,chatara_58,695,7.0,6.0
2022-11-12,1.18899917603,chatara_58,695,7.0,6.0
2022-11-13,1.1579990387,chatara_58,695,7.0,6.0
2022-11-14,1.13399982452,chatara_58,695,7.0,6.0
2022-11-15,1.10599899292,chatara_58,695,7.0,6.0
2022-11-16,1.11399936676,chatara_58,695,7.0,6.0
2022-11-17,1.07099914551,chatara_58,695,7.0,6.0
2022-11-18,1.08999919891,chatara_58,695,7.0,6.0
2022-11-19,1.07099914551,chatara_58,695,7.0,6.0
2022-11-20,1.04899978638,chatara_58,695,7.0,6.0
2022-11-21,1.00499916077,chatara_58,695,7.0,6.0
2022-11-22,0.99199962616,chatara_58,695,7.0,6.0
2022-11-23,0.995999336243,chatara_58,695,7.0,6.0
2022-11-24,0.965999603271,chatara_58,695,7.0,6.0
2022-11-25,0.990999221802,chatara_58,695,7.0,6.0
2022-11-26,0.974999427795,chatara_58,695,7.0,6.0
2022-11-27,0.969999313354,chatara_58,695,7.0,6.0
2022-11-28,0.938999176025,chatara_58,695,7.0,6.0
2022-11-29,0.95599937439,chatara_58,695,7.0,6.0
2022-11-30,0.943999290466,chatara_58,695,7.0,6.0
2022-12-01,0.933999061584,chatara_58,695,7.0,6.0
2022-12-02,0.884999275208,chatara_58,695,7.0,6.0
2022-12-03,0.893999099731,chatara_58,695,7.0,6.0
2022-12-04,0.893999099731,chatara_58,695,7.0,6.0
2022-12-05,0.872999191284,chatara_58,695,7.0,6.0
2022-12-06,0.868999481201,chatara_58,695,7.0,6.0
2022-12-07,0.837999343872,chatara_58,695,7.0,6.0
2022-12-08,0.834999084473,chatara_58,695,7.0,6.0
2022-12-09,0.773999214172,chatara_58,695,7.0,6.0
2022-12-13,0.807999610901,chatara_58,695,7.0,6.0
2022-12-14,0.778999328613,chatara_58,695,7.0,6.0
2022-12-15,0.756999015808,chatara_58,695,7.0,6.0
2022-12-17,0.711999893188,chatara_58,695,7.0,6.0
2022-12-19,0.723999023438,chatara_58,695,7.0,6.0
2022-12-21,0.656999588013,chatara_58,695,7.0,6.0
2022-12-22,0.692999839783,chatara_58,695,7.0,6.0
2022-12-24,0.683999061584,chatara_58,695,7.0,6.0
2022-12-25,0.668999671936,chatara_58,695,7.0,6.0
2022-12-27,0.672999382019,chatara_58,695,7.0,6.0
2022-12-28,0.655999183655,chatara_58,695,7.0,6.0
2023-01-07,0.841999053955,chatara_58,695,7.0,6.0
2023-01-08,0.825999259949,chatara_58,695,7.0,6.0
2023-01-09,0.820999145508,chatara_58,695,7.0,6.0
2023-01-10,0.841999053955,chatara_58,695,7.0,6.0
2023-01-11,0.8109998703,chatara_58,695,7.0,6.0
2023-01-14,0.804999351501,chatara_58,695,7.0,6.0
2023-01-15,0.765999794006,chatara_58,695,7.0,6.0
2023-01-16,0.795999526978,chatara_58,695,7.0,6.0
2023-01-17,0.782999038696,chatara_58,695,7.0,6.0
2023-01-18,0.792999267578,chatara_58,695,7.0,6.0
2023-01-19,0.772999763489,chatara_58,695,7.0,6.0
2023-01-20,0.780999183655,chatara_58,695,7.0,6.0
2023-01-21,0.756999015808,chatara_58,695,7.0,6.0
2023-01-27,0.66999912262,chatara_58,695,7.0,6.0
2023-01-28,0.64999961853,chatara_58,695,7.0,6.0
2023-02-04,0.566999435425,chatara_58,695,7.0,6.0
2023-02-05,0.576999664307,chatara_58,695,7.0,6.0
2023-02-06,0.575999259949,chatara_58,695,7.0,6.0
2023-02-07,0.566999435425,chatara_58,695,7.0,6.0
2023-02-08,0.566999435425,chatara_58,695,7.0,6.0
2023-02-09,0.565999031067,chatara_58,695,7.0,6.0
2023-02-10,0.549999237061,chatara_58,695,7.0,6.0
2023-02-11,0.545000076294,chatara_58,695,7.0,6.0
2023-02-12,0.552000045776,chatara_58,695,7.0,6.0
2023-02-13,0.550998687744,chatara_58,695,7.0,6.0
2023-02-20,0.510999679565,chatara_58,695,7.0,6.0
2023-02-21,0.479999542236,chatara_58,695,7.0,6.0
2023-02-26,0.545999526978,chatara_58,695,7.0,6.0
2023-02-27,0.574999809265,chatara_58,695,7.0,6.0
2023-02-28,0.575999259949,chatara_58,695,7.0,6.0
2023-03-01,0.534999847412,chatara_58,695,7.0,6.0
2023-03-03,0.524000167847,chatara_58,695,7.0,6.0
2023-03-06,0.532999038696,chatara_58,695,7.0,6.0
2023-03-07,0.506999969482,chatara_58,695,7.0,6.0
2023-03-08,0.5,chatara_58,695,7.0,6.0
2023-03-09,0.460998535156,chatara_58,695,7.0,6.0
2023-03-10,0.441999435425,chatara_58,695,7.0,6.0
2023-03-11,0.459999084473,chatara_58,695,7.0,6.0
2023-03-12,0.442998886108,chatara_58,695,7.0,6.0
2023-03-13,0.427000045776,chatara_58,695,7.0,6.0
2023-03-14,0.410999298096,chatara_58,695,7.0,6.0
2023-03-17,0.441999435425,chatara_58,695,7.0,6.0
2023-03-18,0.444000244141,chatara_58,695,7.0,6.0
2023-03-19,0.491998672485,chatara_58,695,7.0,6.0
2023-03-20,0.503999710083,chatara_58,695,7.0,6.0
2023-03-21,0.703999519348,chatara_58,695,7.0,6.0
2023-03-23,0.699999809265,chatara_58,695,7.0,6.0
2023-03-24,0.619999885559,chatara_58,695,7.0,6.0
2023-03-25,0.626999855042,chatara_58,695,7.0,6.0
2023-03-26,0.532999038696,chatara_58,695,7.0,6.0
2023-03-27,0.512998580933,chatara_58,695,7.0,6.0
2023-03-28,0.504999160767,chatara_58,695,7.0,6.0
2023-03-29,0.479000091553,chatara_58,695,7.0,6.0
2023-03-30,0.438999176025,chatara_58,695,7.0,6.0
2023-03-31,0.414999008179,chatara_58,695,7.0,6.0
2023-04-01,0.739999771118,chatara_58,695,7.0,6.0
2023-04-02,0.82799911499,chatara_58,695,7.0,6.0
2023-04-03,0.769999504089,chatara_58,695,7.0,6.0
2023-04-04,0.697999000549,chatara_58,695,7.0,6.0
2023-04-07,0.594999313354,chatara_58,695,7.0,6.0
2023-04-08,0.543998718262,chatara_58,695,7.0,6.0
2023-04-15,0.534999847412,chatara_58,695,7.0,6.0
2023-05-03,0.661999702454,chatara_58,695,7.0,6.0
2023-05-04,0.661999702454,chatara_58,695,7.0,6.0
2023-05-05,0.767999649048,chatara_58,695,7.0,6.0
2023-05-06,0.744999885559,chatara_58,695,7.0,6.0
2023-05-07,0.770999908447,chatara_58,695,7.0,6.0
2023-05-08,0.820999145508,chatara_58,695,7.0,6.0
2023-05-09,0.853999137878,chatara_58,695,7.0,6.0
2023-05-10,0.751999855042,chatara_58,695,7.0,6.0
2023-05-11,0.64999961853,chatara_58,695,7.0,6.0
2023-05-12,0.636999130249,chatara_58,695,7.0,6.0
2023-05-13,0.630999565125,chatara_58,695,7.0,6.0
2023-05-14,0.700999259949,chatara_58,695,7.0,6.0
2023-05-15,0.893999099731,chatara_58,695,7.0,6.0
2023-05-16,1.15199947357,chatara_58,695,7.0,6.0
2023-05-17,0.911999702454,chatara_58,695,7.0,6.0
2023-05-18,1.07599925995,chatara_58,695,7.0,6.0
2023-05-19,0.910999298096,chatara_58,695,7.0,6.0
2023-05-20,1.14299964905,chatara_58,695,7.0,6.0
2023-05-21,1.03399944305,chatara_58,695,7.0,6.0
2023-05-22,1.02399921417,chatara_58,695,7.0,6.0
2023-05-23,0.920999526978,chatara_58,695,7.0,6.0
2023-05-24,0.92799949646,chatara_58,695,7.0,6.0
2023-05-25,1.34099960327,chatara_58,695,7.0,6.0
2023-05-26,1.40399932861,chatara_58,695,7.0,6.0
2023-05-27,1.55899906158,chatara_58,695,7.0,6.0
2023-05-28,1.26999950409,chatara_58,695,7.0,6.0
2023-05-29,1.14399909973,chatara_58,695,7.0,6.0
2023-05-30,0.98899936676,chatara_58,695,7.0,6.0
2023-05-31,0.994999885559,chatara_58,695,7.0,6.0
2023-06-01,1.04499912262,chatara_58,695,7.0,6.0
2023-06-02,1.05299949646,chatara_58,695,7.0,6.0
2023-06-03,1.03199958801,chatara_58,695,7.0,6.0
2023-06-04,0.958999633789,chatara_58,695,7.0,6.0
2023-06-05,0.92799949646,chatara_58,695,7.0,6.0
2023-06-06,0.998999595642,chatara_58,695,7.0,6.0
2023-06-07,1.05299949646,chatara_58,695,7.0,6.0
2023-06-08,1.00299930573,chatara_58,695,7.0,6.0
2023-06-09,1.09599971771,chatara_58,695,7.0,6.0
2023-06-10,1.31799983978,chatara_58,695,7.0,6.0
2023-06-11,1.57199954987,chatara_58,695,7.0,6.0
2023-06-12,1.8049993515,chatara_58,695,7.0,6.0
2023-06-13,2.00599956512,chatara_58,695,7.0,6.0
2023-06-14,2.15099906921,chatara_58,695,7.0,6.0
2023-06-15,2.61199951172,chatara_58,695,7.0,6.0
2023-06-16,3.74299907684,chatara_58,695,7.0,6.0
2023-06-17,2.88499927521,chatara_58,695,7.0,6.0
2023-06-18,3.89099979401,chatara_58,695,7.0,6.0
2023-06-19,3.18999958038,chatara_58,695,7.0,6.0
2023-06-20,3.72099971771,chatara_58,695,7.0,6.0
2023-06-23,2.18499946594,chatara_58,695,7.0,6.0
2023-06-24,3.0609998703,chatara_58,695,7.0,6.0
2023-06-25,2.55599975586,chatara_58,695,7.0,6.0
2023-06-26,2.53799915314,chatara_58,695,7.0,6.0
2023-06-27,2.19199943542,chatara_58,695,7.0,6.0
2023-06-28,2.55999946594,chatara_58,695,7.0,6.0
2023-06-29,2.91699981689,chatara_58,695,7.0,6.0
2023-06-30,3.27599906921,chatara_58,695,7.0,6.0
2023-07-01,2.79399967194,chatara_58,695,7.0,6.0
2023-07-02,2.9359998703,chatara_58,695,7.0,6.0
2023-07-03,2.67399978638,chatara_58,695,7.0,6.0
2023-07-04,3.31699943542,chatara_58,695,7.0,6.0
2023-07-05,3.65399932861,chatara_58,695,7.0,6.0
2023-07-06,3.72299957275,chatara_58,695,7.0,6.0
2023-07-07,2.95099925995,chatara_58,695,7.0,6.0
2023-07-08,3.1159992218,chatara_58,695,7.0,6.0
2023-07-09,3.18399906158,chatara_58,695,7.0,6.0
2023-07-10,2.89299964905,chatara_58,695,7.0,6.0
2023-07-11,2.88999938965,chatara_58,695,7.0,6.0
2023-07-12,3.20499992371,chatara_58,695,7.0,6.0
2023-07-13,3.99499988556,chatara_58,695,7.0,6.0
2023-07-14,4.30699920654,chatara_58,695,7.0,6.0
2023-07-15,3.97799968719,chatara_58,695,7.0,6.0
2023-07-16,3.48799991608,chatara_58,695,7.0,6.0
2023-07-17,3.33999919891,chatara_58,695,7.0,6.0
2023-07-18,4.03399944305,chatara_58,695,7.0,6.0
2023-07-19,4.15699958801,chatara_58,695,7.0,6.0
2023-07-21,3.03399944305,chatara_58,695,7.0,6.0
2023-07-22,3.10299968719,chatara_58,695,7.0,6.0
2023-07-23,3.32299900055,chatara_58,695,7.0,6.0
2023-07-24,3.64299964905,chatara_58,695,7.0,6.0
2023-07-25,3.57199954987,chatara_58,695,7.0,6.0
2023-07-26,3.39699935913,chatara_58,695,7.0,6.0
2023-07-27,3.12399959564,chatara_58,695,7.0,6.0
2023-07-28,3.12999916077,chatara_58,695,7.0,6.0
2023-07-29,3.71399974823,chatara_58,695,7.0,6.0
2023-07-30,3.87799930573,chatara_58,695,7.0,6.0
2023-07-31,4.26199913025,chatara_58,695,7.0,6.0
2023-08-01,4.29599952698,chatara_58,695,7.0,6.0
2023-08-02,4.17199993134,chatara_58,695,7.0,6.0
2023-08-03,3.84299945831,chatara_58,695,7.0,6.0
2023-08-04,3.81999969482,chatara_58,695,7.0,6.0
2023-08-05,3.99599933624,chatara_58,695,7.0,6.0
2023-08-06,3.8719997406,chatara_58,695,7.0,6.0
2023-08-07,4.22799968719,chatara_58,695,7.0,6.0
2023-08-08,4.5999994278,chatara_58,695,7.0,6.0
2023-08-09,4.75699901581,chatara_58,695,7.0,6.0
2023-08-10,4.33199977875,chatara_58,695,7.0,6.0
2023-08-11,4.15499973297,chatara_58,695,7.0,6.0
2023-08-12,4.18099975586,chatara_58,695,7.0,6.0
2023-08-13,6.21299934387,chatara_58,695,7.0,6.0
2023-08-14,5.59399986267,chatara_58,695,7.0,6.0
2023-08-15,4.38099956512,chatara_58,695,7.0,6.0
2023-08-16,4.3719997406,chatara_58,695,7.0,6.0
2023-08-17,4.53399944305,chatara_58,695,7.0,6.0
2023-08-18,4.41199970245,chatara_58,695,7.0,6.0
2023-08-19,4.43399906158,chatara_58,695,7.0,6.0
2023-08-20,3.99499988556,chatara_58,695,7.0,6.0
2023-08-21,3.90399932861,chatara_58,695,7.0,6.0
2023-08-22,3.95799922943,chatara_58,695,7.0,6.0
2023-08-23,3.92099952698,chatara_58,695,7.0,6.0
2023-08-24,4.80999946594,chatara_58,695,7.0,6.0
2023-08-25,6.88899993896,chatara_58,695,7.0,6.0
2023-08-26,6.51799964905,chatara_58,695,7.0,6.0
2023-08-27,5.6799993515,chatara_58,695,7.0,6.0
2023-08-28,5.25499916077,chatara_58,695,7.0,6.0
2023-08-29,4.94799900055,chatara_58,695,7.0,6.0
2023-08-30,4.34399986267,chatara_58,695,7.0,6.0
2023-08-31,3.76699924469,chatara_58,695,7.0,6.0
2023-09-01,3.52099990845,chatara_58,695,7.0,6.0
2023-09-02,3.26499938965,chatara_58,695,7.0,6.0
2023-09-03,3.31299972534,chatara_58,695,7.0,6.0
2023-09-04,3.25899982452,chatara_58,695,7.0,6.0
2023-09-05,2.95899963379,chatara_58,695,7.0,6.0
2023-09-06,2.61499977112,chatara_58,695,7.0,6.0
2023-09-07,2.4329996109,chatara_58,695,7.0,6.0
2023-09-08,2.70899963379,chatara_58,695,7.0,6.0
2023-09-09,2.67199993134,chatara_58,695,7.0,6.0
2023-09-10,2.78099918365,chatara_58,695,7.0,6.0
2023-09-11,2.69099903107,chatara_58,695,7.0,6.0
2023-09-12,2.67399978638,chatara_58,695,7.0,6.0
2023-09-13,2.60499954224,chatara_58,695,7.0,6.0
2023-09-14,2.49299907684,chatara_58,695,7.0,6.0
2023-09-15,2.36699962616,chatara_58,695,7.0,6.0
2023-09-16,2.19099903107,chatara_58,695,7.0,6.0
2023-09-17,2.1159992218,chatara_58,695,7.0,6.0
2023-09-18,2.32399940491,chatara_58,695,7.0,6.0
2023-09-19,2.20199966431,chatara_58,695,7.0,6.0
2023-09-20,2.29899978638,chatara_58,695,7.0,6.0
2023-09-21,2.39499950409,chatara_58,695,7.0,6.0
2023-09-22,2.5389995575,chatara_58,695,7.0,6.0
2023-09-23,2.89599990845,chatara_58,695,7.0,6.0
2023-09-24,2.83999919891,chatara_58,695,7.0,6.0
2023-09-25,2.47899913788,chatara_58,695,7.0,6.0
2023-09-26,2.36299991608,chatara_58,695,7.0,6.0
2023-09-27,2.20399951935,chatara_58,695,7.0,6.0
2023-09-28,2.09199905396,chatara_58,695,7.0,6.0
2023-09-29,2.00199985504,chatara_58,695,7.0,6.0
2023-09-30,1.91999912262,chatara_58,695,7.0,6.0
2023-10-01,1.91899967194,chatara_58,695,7.0,6.0
2023-10-02,1.94399929047,chatara_58,695,7.0,6.0
2023-10-03,2.40899944305,chatara_58,695,7.0,6.0
2023-10-04,3.2859992981,chatara_58,695,7.0,6.0
2023-10-05,3.29899978638,chatara_58,695,7.0,6.0
2023-10-06,2.72899913788,chatara_58,695,7.0,6.0
2023-10-07,2.5389995575,chatara_58,695,7.0,6.0
2023-10-08,2.56199932098,chatara_58,695,7.0,6.0
2023-10-09,2.58199977875,chatara_58,695,7.0,6.0
2023-10-10,2.17499923706,chatara_58,695,7.0,6.0
2023-10-11,2.18399906158,chatara_58,695,7.0,6.0
2023-10-12,2.20199966431,chatara_58,695,7.0,6.0
2023-10-13,1.97099971771,chatara_58,695,7.0,6.0
2023-10-14,1.79999923706,chatara_58,695,7.0,6.0
2023-10-15,1.69599914551,chatara_58,695,7.0,6.0
2023-10-16,1.62599945068,chatara_58,695,7.0,6.0
2023-10-17,1.54899978638,chatara_58,695,7.0,6.0
2023-10-18,1.52899932861,chatara_58,695,7.0,6.0
2023-10-19,1.44899940491,chatara_58,695,7.0,6.0
2023-10-20,1.40199947357,chatara_58,695,7.0,6.0
2023-10-21,1.34499931335,chatara_58,695,7.0,6.0
2023-10-22,1.29899978638,chatara_58,695,7.0,6.0
2023-10-23,1.26199913025,chatara_58,695,7.0,6.0
2023-10-24,1.23299980164,chatara_58,695,7.0,6.0
2023-10-25,1.20899963379,chatara_58,695,7.0,6.0
2023-10-26,1.17599964142,chatara_58,695,7.0,6.0
2023-10-27,1.1639995575,chatara_58,695,7.0,6.0
2023-10-28,1.14699935913,chatara_58,695,7.0,6.0
2023-10-29,1.12499904633,chatara_58,695,7.0,6.0
2023-10-30,1.11399936676,chatara_58,695,7.0,6.0
2023-10-31,1.09799957275,chatara_58,695,7.0,6.0
2023-11-01,1.08099937439,chatara_58,695,7.0,6.0
2023-11-02,1.07399940491,chatara_58,695,7.0,6.0
2023-11-03,1.0579996109,chatara_58,695,7.0,6.0
2023-11-04,1.0579996109,chatara_58,695,7.0,6.0
2023-11-05,1.02799987793,chatara_58,695,7.0,6.0
2023-11-06,1.00599956512,chatara_58,695,7.0,6.0
2023-11-07,0.987999916077,chatara_58,695,7.0,6.0
2023-11-08,0.961999893188,chatara_58,695,7.0,6.0
2023-11-09,0.956999778748,chatara_58,695,7.0,6.0
2023-11-10,0.930999755859,chatara_58,695,7.0,6.0
2023-11-11,0.920999526978,chatara_58,695,7.0,6.0
2023-11-12,0.896999359131,chatara_58,695,7.0,6.0
2023-11-13,0.881999015808,chatara_58,695,7.0,6.0
2023-11-14,0.846999168396,chatara_58,695,7.0,6.0
2023-11-15,0.840999603271,chatara_58,695,7.0,6.0
2023-11-16,0.840999603271,chatara_58,695,7.0,6.0
2023-11-17,0.841999053955,chatara_58,695,7.0,6.0
2023-11-18,0.83099937439,chatara_58,695,7.0,6.0
2023-11-19,0.798999786377,chatara_58,695,7.0,6.0
2023-12-28,0.625999450684,chatara_58,695,7.0,6.0
2023-12-29,0.612999916077,chatara_58,695,7.0,6.0
2023-12-30,0.596999168396,chatara_58,695,7.0,6.0
2023-12-31,0.601999282837,chatara_58,695,7.0,6.0
2024-01-01,0.555999755859,chatara_58,695,7.0,6.0
2024-01-02,0.555000305176,chatara_58,695,7.0,6.0
2024-01-03,0.548999786377,chatara_58,695,7.0,6.0
2024-01-04,0.512998580933,chatara_58,695,7.0,6.0
2024-01-05,0.522998809814,chatara_58,695,7.0,6.0
2024-01-06,0.517000198364,chatara_58,695,7.0,6.0
2024-01-07,0.50599861145,chatara_58,695,7.0,6.0
2024-01-08,0.506999969482,chatara_58,695,7.0,6.0
2024-01-09,0.501998901367,chatara_58,695,7.0,6.0
2024-01-10,0.493999481201,chatara_58,695,7.0,6.0
2024-01-11,0.483999252319,chatara_58,695,7.0,6.0
2024-01-12,0.472999572754,chatara_58,695,7.0,6.0
2024-01-13,0.482999801636,chatara_58,695,7.0,6.0
2024-01-14,0.479999542236,chatara_58,695,7.0,6.0
2024-01-15,0.460998535156,chatara_58,695,7.0,6.0
2024-01-16,0.444000244141,chatara_58,695,7.0,6.0
2024-02-18,0.323999404907,chatara_58,695,7.0,6.0
2024-02-19,0.307998657227,chatara_58,695,7.0,6.0
2024-02-20,0.319000244141,chatara_58,695,7.0,6.0
2024-02-21,0.315999984741,chatara_58,695,7.0,6.0
2024-02-22,0.371000289917,chatara_58,695,7.0,6.0
2024-02-23,0.331998825073,chatara_58,695,7.0,6.0
2024-02-24,0.313999176025,chatara_58,695,7.0,6.0
2024-02-25,0.284000396729,chatara_58,695,7.0,6.0
2024-02-26,0.260999679565,chatara_58,695,7.0,6.0
2024-02-27,0.239000320435,chatara_58,695,7.0,6.0
2024-02-28,0.262998580933,chatara_58,695,7.0,6.0
2024-02-29,0.264999389648,chatara_58,695,7.0,6.0
2024-03-01,0.293998718262,chatara_58,695,7.0,6.0
2024-03-02,0.357000350952,chatara_58,695,7.0,6.0
2024-03-03,0.361999511719,chatara_58,695,7.0,6.0
2024-03-04,0.431999206543,chatara_58,695,7.0,6.0
2024-03-05,0.387998580933,chatara_58,695,7.0,6.0
2024-03-06,0.343000411987,chatara_58,695,7.0,6.0
2024-03-07,0.303998947144,chatara_58,695,7.0,6.0
2024-03-08,0.292999267578,chatara_58,695,7.0,6.0
2024-03-09,0.270999908447,chatara_58,695,7.0,6.0
2024-03-10,0.256999969482,chatara_58,695,7.0,6.0
2024-03-11,0.27499961853,chatara_58,695,7.0,6.0
2024-03-12,0.274000167847,chatara_58,695,7.0,6.0
2024-03-13,0.278999328613,chatara_58,695,7.0,6.0
2024-03-14,0.254999160767,chatara_58,695,7.0,6.0
2024-03-15,0.243000030518,chatara_58,695,7.0,6.0
2024-03-16,0.232999801636,chatara_58,695,7.0,6.0
2024-03-17,0.22200012207,chatara_58,695,7.0,6.0
2024-03-18,0.206998825073,chatara_58,695,7.0,6.0
2024-03-19,0.215000152588,chatara_58,695,7.0,6.0
2024-03-20,0.243000030518,chatara_58,695,7.0,6.0
2024-03-21,0.539999008179,chatara_58,695,7.0,6.0
2024-03-22,0.536998748779,chatara_58,695,7.0,6.0
2024-03-23,0.644999504089,chatara_58,695,7.0,6.0
2024-03-24,0.688999176025,chatara_58,695,7.0,6.0
2024-03-25,0.732999801636,chatara_58,695,7.0,6.0
2024-03-26,0.966999053955,chatara_58,695,7.0,6.0
2024-03-27,0.700999259949,chatara_58,695,7.0,6.0
2024-03-28,0.744999885559,chatara_58,695,7.0,6.0
2024-03-29,0.753999710083,chatara_58,695,7.0,6.0
2024-03-30,0.680999755859,chatara_58,695,7.0,6.0
2024-03-31,0.700999259949,chatara_58,695,7.0,6.0
2024-04-01,0.760999679565,chatara_58,695,7.0,6.0
2024-04-02,0.757999420166,chatara_58,695,7.0,6.0
2024-04-03,0.663999557495,chatara_58,695,7.0,6.0
2024-04-04,0.621999740601,chatara_58,695,7.0,6.0
2024-04-05,0.559000015259,chatara_58,695,7.0,6.0
2024-04-06,0.65299987793,chatara_58,695,7.0,6.0
2024-04-07,0.655999183655,chatara_58,695,7.0,6.0
2024-04-08,0.542999267578,chatara_58,695,7.0,6.0
2024-04-11,0.465999603271,chatara_58,695,7.0,6.0
2024-04-12,0.494998931885,chatara_58,695,7.0,6.0
2024-04-13,0.446998596191,chatara_58,695,7.0,6.0
2024-04-14,0.539999008179,chatara_58,695,7.0,6.0
2024-04-15,0.729999542236,chatara_58,695,7.0,6.0
2024-04-16,0.841999053955,chatara_58,695,7.0,6.0
2024-04-17,1.27799987793,chatara_58,695,7.0,6.0
2024-04-18,0.840999603271,chatara_58,695,7.0,6.0
2024-04-19,0.711999893188,chatara_58,695,7.0,6.0
2024-04-20,0.798999786377,chatara_58,695,7.0,6.0
2024-04-21,1.02699947357,chatara_58,695,7.0,6.0
2024-04-22,0.804999351501,chatara_58,695,7.0,6.0
2024-04-23,0.712999343872,chatara_58,695,7.0,6.0
2024-04-24,0.61399936676,chatara_58,695,7.0,6.0
2024-04-25,0.496000289917,chatara_58,695,7.0,6.0
2024-04-26,0.404998779297,chatara_58,695,7.0,6.0
2024-04-27,0.503999710083,chatara_58,695,7.0,6.0
2024-04-28,0.486000061035,chatara_58,695,7.0,6.0
2024-04-29,0.555000305176,chatara_58,695,7.0,6.0
2024-04-30,0.541999816895,chatara_58,695,7.0,6.0
2024-05-01,0.514999389648,chatara_58,695,7.0,6.0
2024-05-02,0.469999313354,chatara_58,695,7.0,6.0
2024-05-03,0.368000030518,chatara_58,695,7.0,6.0
2024-05-04,0.465000152588,chatara_58,695,7.0,6.0
2024-05-05,0.423000335693,chatara_58,695,7.0,6.0
2024-05-06,0.416999816895,chatara_58,695,7.0,6.0
2024-05-07,0.50599861145,chatara_58,695,7.0,6.0
2024-05-08,0.519998550415,chatara_58,695,7.0,6.0
2024-05-09,0.594999313354,chatara_58,695,7.0,6.0
2024-05-10,0.50899887085,chatara_58,695,7.0,6.0
2024-05-11,0.493000030518,chatara_58,695,7.0,6.0
2024-05-12,1.27499961853,chatara_58,695,7.0,6.0
2024-05-13,1.26399993896,chatara_58,695,7.0,6.0
2024-05-14,0.951999664307,chatara_58,695,7.0,6.0
2024-05-15,0.762999534607,chatara_58,695,7.0,6.0
2024-05-16,1.01899909973,chatara_58,695,7.0,6.0
2024-05-17,0.915999412537,chatara_58,695,7.0,6.0
2024-05-18,0.752999305725,chatara_58,695,7.0,6.0
2024-05-19,1.81599903107,chatara_58,695,7.0,6.0
2024-05-20,0.98899936676,chatara_58,695,7.0,6.0
2024-05-21,0.932999610901,chatara_58,695,7.0,6.0
2024-05-22,0.978999137878,chatara_58,695,7.0,6.0
2024-05-23,1.08299922943,chatara_58,695,7.0,6.0
2024-05-24,0.912999153137,chatara_58,695,7.0,6.0
2024-05-25,0.903999328613,chatara_58,695,7.0,6.0
2024-05-26,1.02599906921,chatara_58,695,7.0,6.0
2024-05-27,1.28699970245,chatara_58,695,7.0,6.0
2024-05-28,1.6829996109,chatara_58,695,7.0,6.0
2024-05-29,2.04299926758,chatara_58,695,7.0,6.0
2024-05-30,1.55999946594,chatara_58,695,7.0,6.0
2024-05-31,1.54899978638,chatara_58,695,7.0,6.0
2024-06-01,2.01699924469,chatara_58,695,7.0,6.0
2024-06-02,1.41999912262,chatara_58,695,7.0,6.0
2024-06-03,1.34899902344,chatara_58,695,7.0,6.0
2024-06-04,1.21599960327,chatara_58,695,7.0,6.0
2024-06-05,1.44299983978,chatara_58,695,7.0,6.0
2024-06-06,1.28999900818,chatara_58,695,7.0,6.0
2024-06-07,1.36699962616,chatara_58,695,7.0,6.0
2024-06-08,1.57599925995,chatara_58,695,7.0,6.0
2024-06-09,1.50099945068,chatara_58,695,7.0,6.0
2024-06-10,1.73299980164,chatara_58,695,7.0,6.0
2024-06-11,1.98199939728,chatara_58,695,7.0,6.0
2024-06-12,2.64699935913,chatara_58,695,7.0,6.0
2024-06-13,2.73599910736,chatara_58,695,7.0,6.0
2024-06-14,2.85799980164,chatara_58,695,7.0,6.0
2024-06-15,3.04899978638,chatara_58,695,7.0,6.0
2024-06-16,3.11699962616,chatara_58,695,7.0,6.0
2024-06-17,3.1799993515,chatara_58,695,7.0,6.0
2024-06-18,2.74199962616,chatara_58,695,7.0,6.0
2024-06-19,4.01099967957,chatara_58,695,7.0,6.0
2024-06-20,5.04999923706,chatara_58,695,7.0,6.0
2024-06-21,3.57199954987,chatara_58,695,7.0,6.0
2024-06-22,2.8079996109,chatara_58,695,7.0,6.0
2024-06-23,2.48999977112,chatara_58,695,7.0,6.0
2024-06-24,2.82599925995,chatara_58,695,7.0,6.0
2024-06-25,2.98199939728,chatara_58,695,7.0,6.0
2024-06-26,4.0609998703,chatara_58,695,7.0,6.0
2024-06-27,3.76899909973,chatara_58,695,7.0,6.0
2024-06-28,3.72899913788,chatara_58,695,7.0,6.0
2024-06-29,3.95399951935,chatara_58,695,7.0,6.0
2024-06-30,4.67099952698,chatara_58,695,7.0,6.0
2024-07-01,4.31899929047,chatara_58,695,7.0,6.0
2024-07-02,4.82199954987,chatara_58,695,7.0,6.0
2024-07-03,4.43999958038,chatara_58,695,7.0,6.0
2024-07-04,3.6799993515,chatara_58,695,7.0,6.0
2024-07-05,3.90199947357,chatara_58,695,7.0,6.0
2024-07-06,6.17599964142,chatara_58,695,7.0,6.0
2024-07-07,6.6579990387,chatara_58,695,7.0,6.0
2024-07-08,5.00799942017,chatara_58,695,7.0,6.0
2024-07-09,5.41499900818,chatara_58,695,7.0,6.0
2024-07-10,4.92799949646,chatara_58,695,7.0,6.0
2024-07-11,4.35299968719,chatara_58,695,7.0,6.0
2024-07-12,4.47899913788,chatara_58,695,7.0,6.0
2024-07-13,4.23399925232,chatara_58,695,7.0,6.0
2024-07-14,3.62899971008,chatara_58,695,7.0,6.0
2024-07-15,4.77499961853,chatara_58,695,7.0,6.0
2024-07-16,5.03499984741,chatara_58,695,7.0,6.0
2024-07-17,4.28999900818,chatara_58,695,7.0,6.0
2024-07-18,3.99299907684,chatara_58,695,7.0,6.0
2024-07-19,4.98799991608,chatara_58,695,7.0,6.0
2024-07-20,4.76899909973,chatara_58,695,7.0,6.0
2024-07-21,4.34299945831,chatara_58,695,7.0,6.0
2024-07-22,4.04899978638,chatara_58,695,7.0,6.0
2024-07-23,3.9109992981,chatara_58,695,7.0,6.0
2024-07-24,3.90899944305,chatara_58,695,7.0,6.0
2024-07-25,3.82099914551,chatara_58,695,7.0,6.0
2024-07-26,4.57499980927,chatara_58,695,7.0,6.0
2024-07-27,4.39199924469,chatara_58,695,7.0,6.0
2024-07-28,4.62499904633,chatara_58,695,7.0,6.0
2024-07-29,4.1609992981,chatara_58,695,7.0,6.0
2024-07-30,4.00899982452,chatara_58,695,7.0,6.0
2024-07-31,4.69999980927,chatara_58,695,7.0,6.0
2024-08-01,4.31599903107,chatara_58,695,7.0,6.0
2024-08-02,3.94499969482,chatara_58,695,7.0,6.0
2024-08-03,3.86399936676,chatara_58,695,7.0,6.0
2024-08-06,4.75799942017,chatara_58,695,7.0,6.0
2024-08-07,5.64099979401,chatara_58,695,7.0,6.0
2024-08-08,5.29299926758,chatara_58,695,7.0,6.0
2024-08-09,5.19599914551,chatara_58,695,7.0,6.0
2024-08-10,4.96899986267,chatara_58,695,7.0,6.0
2024-08-11,5.42299938202,chatara_58,695,7.0,6.0
2024-08-12,5.01799964905,chatara_58,695,7.0,6.0
2024-08-13,5.31699943542,chatara_58,695,7.0,6.0
2024-08-14,5.39799976349,chatara_58,695,7.0,6.0
2024-08-15,5.37599945068,chatara_58,695,7.0,6.0
2024-08-16,4.57599925995,chatara_58,695,7.0,6.0
2024-08-17,4.28999900818,chatara_58,695,7.0,6.0
2024-08-18,4.11099910736,chatara_58,695,7.0,6.0
2024-08-19,3.84499931335,chatara_58,695,7.0,6.0
2024-08-20,4.43499946594,chatara_58,695,7.0,6.0
2024-08-21,4.60599899292,chatara_58,695,7.0,6.0
2024-08-22,4.41899967194,chatara_58,695,7.0,6.0
2024-08-23,4.79699993134,chatara_58,695,7.0,6.0
2024-08-24,4.17199993134,chatara_58,695,7.0,6.0
2024-08-25,4.57099914551,chatara_58,695,7.0,6.0
2024-08-26,3.85499954224,chatara_58,695,7.0,6.0
2024-08-27,3.75799942017,chatara_58,695,7.0,6.0
2024-08-28,3.36399936676,chatara_58,695,7.0,6.0
2024-08-29,3.27999973297,chatara_58,695,7.0,6.0
2024-08-30,3.3499994278,chatara_58,695,7.0,6.0
2024-08-31,3.01099967957,chatara_58,695,7.0,6.0
2024-09-01,3.57499980927,chatara_58,695,7.0,6.0
2024-09-02,3.21299934387,chatara_58,695,7.0,6.0
2024-09-03,3.12099933624,chatara_58,695,7.0,6.0
2024-09-04,3.6609992981,chatara_58,695,7.0,6.0
2024-09-05,4.46599960327,chatara_58,695,7.0,6.0
2024-09-06,4.60099983215,chatara_58,695,7.0,6.0
2024-09-07,4.26699924469,chatara_58,695,7.0,6.0
2024-09-08,3.5999994278,chatara_58,695,7.0,6.0
2024-09-09,3.72699928284,chatara_58,695,7.0,6.0
2024-09-10,3.35399913788,chatara_58,695,7.0,6.0
2024-09-11,3.17199993134,chatara_58,695,7.0,6.0
2024-09-12,3.66499900818,chatara_58,695,7.0,6.0
2024-09-13,3.56499958038,chatara_58,695,7.0,6.0
2024-09-14,2.95899963379,chatara_58,695,7.0,6.0
2024-09-15,3.24999904633,chatara_58,695,7.0,6.0
2024-09-16,3.23899936676,chatara_58,695,7.0,6.0
2024-09-17,3.00999927521,chatara_58,695,7.0,6.0
2024-09-18,2.78099918365,chatara_58,695,7.0,6.0
2024-09-19,2.5329990387,chatara_58,695,7.0,6.0
2024-09-23,2.21299934387,chatara_58,695,7.0,6.0
2024-09-26,2.60399913788,chatara_58,695,7.0,6.0
2024-09-27,4.76099967957,chatara_58,695,7.0,6.0
2024-09-28,11.8339996338,chatara_58,695,7.0,6.0
2024-09-29,11.2449989319,chatara_58,695,7.0,6.0
2024-09-30,4.40199947357,chatara_58,695,7.0,6.0
2024-10-01,3.74199962616,chatara_58,695,7.0,6.0
2024-10-02,3.40499973297,chatara_58,695,7.0,6.0
2024-10-03,3.51099967957,chatara_58,695,7.0,6.0
2024-10-05,3.46199989319,chatara_58,695,7.0,6.0
2024-10-08,2.55599975586,chatara_58,695,7.0,6.0
2024-10-09,2.58499908447,chatara_58,695,7.0,6.0
2024-10-16,2.21399974823,chatara_58,695,7.0,6.0
2024-10-17,2.18699932098,chatara_58,695,7.0,6.0
2024-10-18,2.1189994812,chatara_58,695,7.0,6.0
2024-10-19,2.13299942017,chatara_58,695,7.0,6.0
2024-10-20,2.04599952698,chatara_58,695,7.0,6.0
2024-10-21,1.98599910736,chatara_58,695,7.0,6.0
2024-10-22,1.8719997406,chatara_58,695,7.0,6.0
2024-10-23,1.79699993134,chatara_58,695,7.0,6.0
2024-10-24,1.75999927521,chatara_58,695,7.0,6.0
2024-10-25,1.75399971008,chatara_58,695,7.0,6.0
2024-10-26,1.67299938202,chatara_58,695,7.0,6.0
2024-10-27,1.63899993896,chatara_58,695,7.0,6.0
2024-11-06,1.37899971008,chatara_58,695,7.0,6.0
2024-11-07,1.35599899292,chatara_58,695,7.0,6.0
2024-11-08,1.33999919891,chatara_58,695,7.0,6.0
2024-12-01,0.870999336243,chatara_58,695,7.0,6.0
2024-12-02,0.859999656677,chatara_58,695,7.0,6.0
2024-12-03,0.859999656677,chatara_58,695,7.0,6.0
2024-12-04,0.835999488831,chatara_58,695,7.0,6.0
2024-12-05,0.80299949646,chatara_58,695,7.0,6.0
2024-12-06,0.8109998703,chatara_58,695,7.0,6.0
2024-12-07,0.787999153137,chatara_58,695,7.0,6.0
2024-12-08,0.760999679565,chatara_58,695,7.0,6.0
2024-12-09,0.748999595642,chatara_58,695,7.0,6.0
2024-12-10,0.687999725342,chatara_58,695,7.0,6.0
2025-04-02,0.104999542236,chatara_58,695,7.0,6.0
2025-04-03,0.0410003662109,chatara_58,695,7.0,6.0
2025-04-04,0.0359992980957,chatara_58,695,7.0,6.0
2025-04-05,0.0259990692139,chatara_58,695,7.0,6.0
2025-04-06,0.0160007476807,chatara_58,695,7.0,6.0
2025-04-07,0.0179996490479,chatara_58,695,7.0,6.0
2025-04-08,0.0149993896484,chatara_58,695,7.0,6.0
2025-04-09,0.0259990692139,chatara_58,695,7.0,6.0
2025-04-10,0.14999961853,chatara_58,695,7.0,6.0
2025-04-11,0.14999961853,chatara_58,695,7.0,6.0
2025-04-12,0.19700050354,chatara_58,695,7.0,6.0
2025-04-13,0.261999130249,chatara_58,695,7.0,6.0
2025-04-14,0.204000473022,chatara_58,695,7.0,6.0
2025-04-15,0.183000564575,chatara_58,695,7.0,6.0
2025-04-16,0.218000411987,chatara_58,695,7.0,6.0
2025-04-17,0.173999786377,chatara_58,695,7.0,6.0
2025-04-18,0.22500038147,chatara_58,695,7.0,6.0
2025-04-19,0.246000289917,chatara_58,695,7.0,6.0
2025-04-20,0.246000289917,chatara_58,695,7.0,6.0
2025-04-21,0.229999542236,chatara_58,695,7.0,6.0
2025-04-22,0.238000869751,chatara_58,695,7.0,6.0
2025-04-23,0.357000350952,chatara_58,695,7.0,6.0
2025-04-24,0.40299987793,chatara_58,695,7.0,6.0
2025-04-25,0.219999313354,chatara_58,695,7.0,6.0
2025-04-26,0.124000549316,chatara_58,695,7.0,6.0
2025-04-27,0.0830001831055,chatara_58,695,7.0,6.0
2025-04-28,0.232999801636,chatara_58,695,7.0,6.0
2025-04-29,0.312000274658,chatara_58,695,7.0,6.0
2025-04-30,0.254999160767,chatara_58,695,7.0,6.0
2025-05-01,0.305999755859,chatara_58,695,7.0,6.0
2025-05-02,0.292999267578,chatara_58,695,7.0,6.0
2025-05-03,0.356000900269,chatara_58,695,7.0,6.0
2025-05-04,0.249000549316,chatara_58,695,7.0,6.0
2025-05-05,0.381999969482,chatara_58,695,7.0,6.0
2025-05-06,0.478000640869,chatara_58,695,7.0,6.0
2025-05-07,0.29700088501,chatara_58,695,7.0,6.0
2025-05-08,0.245000839233,chatara_58,695,7.0,6.0
2025-05-09,0.232999801636,chatara_58,695,7.0,6.0
2025-05-10,0.27499961853,chatara_58,695,7.0,6.0
2025-05-12,0.52799987793,chatara_58,695,7.0,6.0
2025-05-13,1.10400009155,chatara_58,695,7.0,6.0
2025-05-14,1.51200008392,chatara_58,695,7.0,6.0
2025-05-15,1.20499992371,chatara_58,695,7.0,6.0
2025-05-16,1.74400043488,chatara_58,695,7.0,6.0
2025-05-17,1.09799957275,chatara_58,695,7.0,6.0
2025-05-18,1.10400009155,chatara_58,695,7.0,6.0
2025-05-19,0.963000297546,chatara_58,695,7.0,6.0
2025-05-20,1.36699962616,chatara_58,695,7.0,6.0
2025-05-21,1.61600017548,chatara_58,695,7.0,6.0
2025-05-22,1.47200012207,chatara_58,695,7.0,6.0
2025-05-23,1.00199985504,chatara_58,695,7.0,6.0
2025-05-24,0.977999687195,chatara_58,695,7.0,6.0
2025-05-25,0.968000411987,chatara_58,695,7.0,6.0
2025-05-26,0.868000030518,chatara_58,695,7.0,6.0
2025-05-27,1.35900020599,chatara_58,695,7.0,6.0
2025-05-28,1.34399986267,chatara_58,695,7.0,6.0
2025-05-29,1.21599960327,chatara_58,695,7.0,6.0
2025-05-30,1.61800003052,chatara_58,695,7.0,6.0
2025-05-31,1.89599990845,chatara_58,695,7.0,6.0
2025-06-01,2.15400028229,chatara_58,695,7.0,6.0
2025-06-02,2.11999988556,chatara_58,695,7.0,6.0
2025-06-03,1.98700046539,chatara_58,695,7.0,6.0
2025-06-04,1.6920003891,chatara_58,695,7.0,6.0
2025-06-05,1.55200004578,chatara_58,695,7.0,6.0
2025-06-06,1.42899990082,chatara_58,695,7.0,6.0
2025-06-07,1.29699993134,chatara_58,695,7.0,6.0
2025-06-08,1.22099971771,chatara_58,695,7.0,6.0
2025-06-09,1.12399959564,chatara_58,695,7.0,6.0
2025-06-10,1.06299972534,chatara_58,695,7.0,6.0
2025-06-11,1.22599983215,chatara_58,695,7.0,6.0
2025-06-12,1.43400001526,chatara_58,695,7.0,6.0
2025-06-13,1.48999977112,chatara_58,695,7.0,6.0
2025-06-14,1.72900009155,chatara_58,695,7.0,6.0
2025-06-15,2.21000003815,chatara_58,695,7.0,6.0
2025-06-16,1.88199996948,chatara_58,695,7.0,6.0
2025-06-17,2.39099979401,chatara_58,695,7.0,6.0
2025-06-18,2.46700000763,chatara_58,695,7.0,6.0
2025-06-19,2.53600025177,chatara_58,695,7.0,6.0
2025-06-20,2.625,chatara_58,695,7.0,6.0
2025-06-21,2.41300010681,chatara_58,695,7.0,6.0
2025-06-22,2.71500015259,chatara_58,695,7.0,6.0
2025-06-23,2.70100021362,chatara_58,695,7.0,6.0
2025-06-24,2.82100009918,chatara_58,695,7.0,6.0
2025-06-29,2.50199985504,chatara_58,695,7.0,6.0
2025-06-30,2.87399959564,chatara_58,695,7.0,6.0
2025-07-01,2.53600025177,chatara_58,695,7.0,6.0
2025-07-02,2.72599983215,chatara_58,695,7.0,6.0
2025-07-03,2.72900009155,chatara_58,695,7.0,6.0
2025-07-04,3.50899982452,chatara_58,695,7.0,6.0
2025-07-05,3.17500019073,chatara_58,695,7.0,6.0
2025-07-06,2.76799964905,chatara_58,695,7.0,6.0
2025-07-07,2.64200019836,chatara_58,695,7.0,6.0
2025-07-08,2.51500034332,chatara_58,695,7.0,6.0
2025-07-09,3.10900020599,chatara_58,695,7.0,6.0
2025-07-10,3.19400024414,chatara_58,695,7.0,6.0
2025-07-11,2.78299999237,chatara_58,695,7.0,6.0
2025-07-12,2.4969997406,chatara_58,695,7.0,6.0
2025-07-13,3.0,chatara_58,695,7.0,6.0
2025-07-14,2.73099994659,chatara_58,695,7.0,6.0
2025-07-15,3.06000041962,chatara_58,695,7.0,6.0
2025-07-16,2.98299980164,chatara_58,695,7.0,6.0
2025-07-17,2.61900043488,chatara_58,695,7.0,6.0
2025-07-18,2.49600028992,chatara_58,695,7.0,6.0
2025-07-19,2.32400035858,chatara_58,695,7.0,6.0
2025-07-20,3.58399963379,chatara_58,695,7.0,6.0
2025-07-21,3.13000011444,chatara_58,695,7.0,6.0
2025-07-22,3.14099979401,chatara_58,695,7.0,6.0
2025-07-23,4.48999977112,chatara_58,695,7.0,6.0
2025-07-24,3.49800014496,chatara_58,695,7.0,6.0
2025-07-25,3.16499996185,chatara_58,695,7.0,6.0
2025-07-26,3.00899982452,chatara_58,695,7.0,6.0
2025-08-05,3.87399959564,chatara_58,695,7.0,6.0
2025-08-06,3.9420003891,chatara_58,695,7.0,6.0
2025-08-07,3.33300018311,chatara_58,695,7.0,6.0
2025-08-08,3.5860004425,chatara_58,695,7.0,6.0
2025-08-09,4.42099952698,chatara_58,695,7.0,6.0
2025-08-10,3.84899997711,chatara_58,695,7.0,6.0
2025-08-11,4.35200023651,chatara_58,695,7.0,6.0
2025-08-12,4.13599967957,chatara_58,695,7.0,6.0
2025-08-13,4.19900035858,chatara_58,695,7.0,6.0
2025-08-14,4.34799957275,chatara_58,695,7.0,6.0
2025-08-15,3.89400005341,chatara_58,695,7.0,6.0
2025-08-16,3.64799976349,chatara_58,695,7.0,6.0
2025-08-17,3.67000007629,chatara_58,695,7.0,6.0
2025-08-18,3.65699958801,chatara_58,695,7.0,6.0
2025-08-19,3.63500022888,chatara_58,695,7.0,6.0
2025-08-20,3.48400020599,chatara_58,695,7.0,6.0
2025-08-21,3.33399963379,chatara_58,695,7.0,6.0
2025-08-22,3.43099975586,chatara_58,695,7.0,6.0
2025-08-23,3.4420003891,chatara_58,695,7.0,6.0
2025-08-24,3.21300029755,chatara_58,695,7.0,6.0
2025-08-25,3.10700035095,chatara_58,695,7.0,6.0
2025-08-26,2.89700031281,chatara_58,695,7.0,6.0
2025-08-27,3.30399990082,chatara_58,695,7.0,6.0
2025-08-28,4.03299999237,chatara_58,695,7.0,6.0
2025-08-29,4.18099975586,chatara_58,695,7.0,6.0
2025-08-30,3.96700000763,chatara_58,695,7.0,6.0
2025-08-31,4.31499958038,chatara_58,695,7.0,6.0
2025-09-01,5.23499965668,chatara_58,695,7.0,6.0
2025-09-02,4.29699993134,chatara_58,695,7.0,6.0
2025-09-03,3.65400028229,chatara_58,695,7.0,6.0
2025-09-04,3.63500022888,chatara_58,695,7.0,6.0
2025-09-05,3.20800018311,chatara_58,695,7.0,6.0
2025-09-06,3.47500038147,chatara_58,695,7.0,6.0
2025-09-07,3.59000015259,chatara_58,695,7.0,6.0
2025-09-08,3.52299976349,chatara_58,695,7.0,6.0
2025-09-09,4.11299991608,chatara_58,695,7.0,6.0
2025-09-10,3.96500015259,chatara_58,695,7.0,6.0
2025-09-11,4.14500045776,chatara_58,695,7.0,6.0
2025-09-12,4.08100032806,chatara_58,695,7.0,6.0
2025-09-13,4.08500003815,chatara_58,695,7.0,6.0
2025-09-14,4.42500019073,chatara_58,695,7.0,6.0
2025-09-15,4.29300022125,chatara_58,695,7.0,6.0
2025-09-16,4.54300022125,chatara_58,695,7.0,6.0
2025-09-17,5.02499961853,chatara_58,695,7.0,6.0
2025-09-18,4.64999961853,chatara_58,695,7.0,6.0
2025-09-19,4.40200042725,chatara_58,695,7.0,6.0
2025-09-20,4.46700000763,chatara_58,695,7.0,6.0
2025-09-21,4.10499954224,chatara_58,695,7.0,6.0
2025-09-22,3.69099998474,chatara_58,695,7.0,6.0
2025-09-23,3.37300014496,chatara_58,695,7.0,6.0
2025-09-24,3.125,chatara_58,695,7.0,6.0
2025-09-25,3.21199989319,chatara_58,695,7.0,6.0
2025-09-26,2.85499954224,chatara_58,695,7.0,6.0
2025-09-27,2.80099964142,chatara_58,695,7.0,6.0
2025-09-28,2.66499996185,chatara_58,695,7.0,6.0
2025-09-29,2.81499958038,chatara_58,695,7.0,6.0
2025-09-30,2.7530002594,chatara_58,695,7.0,6.0
2025-10-01,2.61499977112,chatara_58,695,7.0,6.0
2025-10-02,3.04199981689,chatara_58,695,7.0,6.0
2025-10-03,2.71800041199,chatara_58,695,7.0,6.0
2025-10-04,3.61400032043,chatara_58,695,7.0,6.0
2025-10-05,7.72999954224,chatara_58,695,7.0,6.0
2025-10-10,2.56799983978,chatara_58,695,7.0,6.0
2025-10-11,2.47099971771,chatara_58,695,7.0,6.0
2025-10-12,2.35299968719,chatara_58,695,7.0,6.0
2025-10-13,2.20899963379,chatara_58,695,7.0,6.0
2025-10-14,2.16199970245,chatara_58,695,7.0,6.0
2025-10-15,2.07999992371,chatara_58,695,7.0,6.0
2025-10-16,2.03699970245,chatara_58,695,7.0,6.0
2025-10-17,1.94999980927,chatara_58,695,7.0,6.0
2025-10-18,1.88700008392,chatara_58,695,7.0,6.0
2025-10-19,1.81000041962,chatara_58,695,7.0,6.0
2025-10-20,1.7469997406,chatara_58,695,7.0,6.0
2025-10-21,1.70100021362,chatara_58,695,7.0,6.0
2025-10-22,1.64999961853,chatara_58,695,7.0,6.0
2025-10-23,1.63700008392,chatara_58,695,7.0,6.0
2025-10-24,1.59300041199,chatara_58,695,7.0,6.0
2025-10-25,1.54899978638,chatara_58,695,7.0,6.0
2025-10-26,1.51200008392,chatara_58,695,7.0,6.0
2025-10-27,1.45800018311,chatara_58,695,7.0,6.0
2025-10-28,1.44600009918,chatara_58,695,7.0,6.0
2025-10-29,1.51399993896,chatara_58,695,7.0,6.0
2025-10-30,1.72000026703,chatara_58,695,7.0,6.0
2025-10-31,3.15799999237,chatara_58,695,7.0,6.0
2025-11-01,3.03199958801,chatara_58,695,7.0,6.0
2025-11-02,3.21899986267,chatara_58,695,7.0,6.0
2025-11-03,2.21700000763,chatara_58,695,7.0,6.0
2025-11-04,1.87399959564,chatara_58,695,7.0,6.0
2025-11-05,1.72700023651,chatara_58,695,7.0,6.0
2025-11-06,1.6280002594,chatara_58,695,7.0,6.0
2025-11-07,1.5579996109,chatara_58,695,7.0,6.0
2025-11-08,1.52900028229,chatara_58,695,7.0,6.0
2025-11-09,1.42199993134,chatara_58,695,7.0,6.0
2025-11-10,1.37699985504,chatara_58,695,7.0,6.0
2025-11-11,1.33899974823,chatara_58,695,7.0,6.0
2025-11-12,1.27499961853,chatara_58,695,7.0,6.0
2025-11-13,1.26299953461,chatara_58,695,7.0,6.0
2025-11-14,1.19400024414,chatara_58,695,7.0,6.0
2025-11-15,1.16600036621,chatara_58,695,7.0,6.0
2025-11-16,1.13899993896,chatara_58,695,7.0,6.0
2025-11-17,1.08500003815,chatara_58,695,7.0,6.0
2025-11-18,1.07299995422,chatara_58,695,7.0,6.0
2025-11-19,1.04500007629,chatara_58,695,7.0,6.0
2025-11-20,1.04800033569,chatara_58,695,7.0,6.0
2025-11-21,1.04199981689,chatara_58,695,7.0,6.0
2025-11-22,1.05200004578,chatara_58,695,7.0,6.0
2025-11-23,1.03699970245,chatara_58,695,7.0,6.0
2025-11-24,0.998999595642,chatara_58,695,7.0,6.0
2025-11-25,0.965999603271,chatara_58,695,7.0,6.0
2025-11-26,0.954999923706,chatara_58,695,7.0,6.0
2025-11-27,0.932999610901,chatara_58,695,7.0,6.0
2025-11-28,0.920999526978,chatara_58,695,7.0,6.0
2025-11-29,0.913999557495,chatara_58,695,7.0,6.0
2025-11-30,0.881999969482,chatara_58,695,7.0,6.0
2025-12-01,0.873000144958,chatara_58,695,7.0,6.0
2025-12-02,0.857999801636,chatara_58,695,7.0,6.0
2025-12-03,0.833999633789,chatara_58,695,7.0,6.0
2025-12-04,0.826000213623,chatara_58,695,7.0,6.0
2025-12-05,0.812999725342,chatara_58,695,7.0,6.0
2025-12-06,0.770999908447,chatara_58,695,7.0,6.0
2025-12-07,0.746999740601,chatara_58,695,7.0,6.0
2025-12-08,0.744000434875,chatara_58,695,7.0,6.0
2025-12-09,0.729999542236,chatara_58,695,7.0,6.0
2025-12-10,0.715000152588,chatara_58,695,7.0,6.0
2025-12-11,0.699000358582,chatara_58,695,7.0,6.0
2025-12-12,0.675000190735,chatara_58,695,7.0,6.0
2025-12-13,0.656999588013,chatara_58,695,7.0,6.0
2025-12-14,0.649000167847,chatara_58,695,7.0,6.0
2025-12-15,0.628000259399,chatara_58,695,7.0,6.0
2025-12-16,0.611000061035,chatara_58,695,7.0,6.0
2025-12-17,0.609000205994,chatara_58,695,7.0,6.0
2025-12-18,0.592000007629,chatara_58,695,7.0,6.0
2025-12-19,0.5609998703,chatara_58,695,7.0,6.0
2025-12-20,0.571000099182,chatara_58,695,7.0,6.0
2025-12-21,0.555999755859,chatara_58,695,7.0,6.0
2025-12-22,0.579000473022,chatara_58,695,7.0,6.0
2025-12-23,0.541000366211,chatara_58,695,7.0,6.0
2025-12-24,0.517000198364,chatara_58,695,7.0,6.0
2025-12-25,0.497999191284,chatara_58,695,7.0,6.0
2025-12-26,0.469999313354,chatara_58,695,7.0,6.0
2025-12-27,0.471000671387,chatara_58,695,7.0,6.0
2025-12-28,0.468000411987,chatara_58,695,7.0,6.0
2025-12-29,0.44700050354,chatara_58,695,7.0,6.0
2025-12-30,0.423000335693,chatara_58,695,7.0,6.0
2025-12-31,0.426000595093,chatara_58,695,7.0,6.0
2026-01-01,0.391000747681,chatara_58,695,7.0,6.0
2026-01-02,0.377000808716,chatara_58,695,7.0,6.0
2026-01-03,0.385000228882,chatara_58,695,7.0,6.0
2026-01-04,0.326999664307,chatara_58,695,7.0,6.0
2026-01-05,0.326000213623,chatara_58,695,7.0,6.0
2026-01-06,0.302000045776,chatara_58,695,7.0,6.0
2026-01-07,0.319999694824,chatara_58,695,7.0,6.0
2026-01-08,0.299999237061,chatara_58,695,7.0,6.0
2026-01-09,0.288000106812,chatara_58,695,7.0,6.0
2026-01-10,0.298999786377,chatara_58,695,7.0,6.0
2026-01-11,0.284000396729,chatara_58,695,7.0,6.0
2026-01-12,0.246999740601,chatara_58,695,7.0,6.0
2026-01-13,0.259000778198,chatara_58,695,7.0,6.0
2026-01-14,0.245000839233,chatara_58,695,7.0,6.0
2026-01-15,0.256999969482,chatara_58,695,7.0,6.0
2026-01-16,0.240999221802,chatara_58,695,7.0,6.0
2026-01-17,0.240999221802,chatara_58,695,7.0,6.0
2026-01-18,0.207000732422,chatara_58,695,7.0,6.0
2026-01-19,0.218000411987,chatara_58,695,7.0,6.0
2026-01-20,0.208000183105,chatara_58,695,7.0,6.0
2026-01-21,0.181999206543,chatara_58,695,7.0,6.0
2026-01-22,0.174999237061,chatara_58,695,7.0,6.0
2026-01-23,0.166000366211,chatara_58,695,7.0,6.0
2026-01-24,0.173000335693,chatara_58,695,7.0,6.0
2026-01-25,0.139999389648,chatara_58,695,7.0,6.0
2026-01-26,0.14999961853,chatara_58,695,7.0,6.0
2026-01-27,0.128999710083,chatara_58,695,7.0,6.0
2026-01-28,0.107000350952,chatara_58,695,7.0,6.0
2026-02-11,0.0520000457764,chatara_58,695,7.0,6.0
2026-02-12,0.0480003356934,chatara_58,695,7.0,6.0
2026-02-13,0.048999786377,chatara_58,695,7.0,6.0
2026-02-14,0.0380001068115,chatara_58,695,7.0,6.0
2026-02-15,0.0310001373291,chatara_58,695,7.0,6.0
2026-02-16,0.0540008544922,chatara_58,695,7.0,6.0
2026-02-17,0.0340003967285,chatara_58,695,7.0,6.0
2026-02-18,0.0300006866455,chatara_58,695,7.0,6.0
2026-02-19,0.0170001983643,chatara_58,695,7.0,6.0
2026-05-14,1.52300071716,chatara_58,695,7.0,6.0
2026-05-15,1.60099983215,chatara_58,695,7.0,6.0
2026-05-16,1.77099990845,chatara_58,695,7.0,6.0
2026-05-17,1.72500038147,chatara_58,695,7.0,6.0
2026-05-18,1.67600059509,chatara_58,695,7.0,6.0
2026-05-19,1.34600067139,chatara_58,695,7.0,6.0
2026-05-20,1.31599998474,chatara_58,695,7.0,6.0
2026-05-21,1.66100025177,chatara_58,695,7.0,6.0
2026-05-22,1.59399986267,chatara_58,695,7.0,6.0
2026-05-23,2.66700077057,chatara_58,695,7.0,6.0
2026-05-24,2.21899986267,chatara_58,695,7.0,6.0
2026-05-25,1.81799983978,chatara_58,695,7.0,6.0
2026-05-26,2.05900001526,chatara_58,695,7.0,6.0
2026-05-27,1.95499992371,chatara_58,695,7.0,6.0
2026-05-28,1.53200054169,chatara_58,695,7.0,6.0
2026-05-29,1.57700061798,chatara_58,695,7.0,6.0
2026-05-30,1.41100025177,chatara_58,695,7.0,6.0
2026-05-31,1.28700065613,chatara_58,695,7.0,6.0
2026-06-01,1.24800014496,chatara_58,695,7.0,6.0
2026-06-02,1.29500007629,chatara_58,695,7.0,6.0
2026-06-03,1.31900024414,chatara_58,695,7.0,6.0
2026-06-04,1.6340007782,chatara_58,695,7.0,6.0
2026-06-05,1.40600013733,chatara_58,695,7.0,6.0
2026-06-06,2.03200054169,chatara_58,695,7.0,6.0
2026-06-07,1.83200073242,chatara_58,695,7.0,6.0
2026-06-08,1.72700023651,chatara_58,695,7.0,6.0
2026-06-09,1.75,chatara_58,695,7.0,6.0
2026-06-10,1.80500030518,chatara_58,695,7.0,6.0
2026-06-11,1.86200046539,chatara_58,695,7.0,6.0
2026-06-12,1.83200073242,chatara_58,695,7.0,6.0
2026-06-13,1.64700031281,chatara_58,695,7.0,6.0
2026-06-14,1.80300045013,chatara_58,695,7.0,6.0
2026-06-15,1.90200042725,chatara_58,695,7.0,6.0
2026-06-16,1.84200000763,chatara_58,695,7.0,6.0
2026-06-17,1.87900066376,chatara_58,695,7.0,6.0
2026-06-18,1.90700054169,chatara_58,695,7.0,6.0
2026-06-19,2.41600036621,chatara_58,695,7.0,6.0
2026-06-20,2.57700061798,chatara_58,695,7.0,6.0
2026-06-21,2.55200004578,chatara_58,695,7.0,6.0
2026-06-22,4.4640007019,chatara_58,695,7.0,6.0
2026-06-23,2.95600032806,chatara_58,695,7.0,6.0
2026-06-24,2.8840007782,chatara_58,695,7.0,6.0
2026-06-25,2.46700000763,chatara_58,695,7.0,6.0
2026-06-26,2.38300037384,chatara_58,695,7.0,6.0
2026-06-27,2.30600070953,chatara_58,695,7.0,6.0
2026-06-28,2.76800060272,chatara_58,695,7.0,6.0
2026-06-29,3.11600017548,chatara_58,695,7.0,6.0
2026-06-30,3.36900043488,chatara_58,695,7.0,6.0
2026-07-01,3.36900043488,chatara_58,695,7.0,6.0
2026-07-02,2.95600032806,chatara_58,695,7.0,6.0
2026-07-03,3.14800071716,chatara_58,695,7.0,6.0
2026-07-04,3.22800064087,chatara_58,695,7.0,6.0
2026-07-05,2.92899990082,chatara_58,695,7.0,6.0
2026-07-06,2.86400032043,chatara_58,695,7.0,6.0
2026-07-07,2.77300071716,chatara_58,695,7.0,6.0
2026-07-08,2.92000007629,chatara_58,695,7.0,6.0
2026-07-09,3.27900028229,chatara_58,695,7.0,6.0
2026-07-10,3.28499984741,chatara_58,695,7.0,6.0
2026-07-11,3.63199996948,chatara_58,695,7.0,6.0
2026-07-12,3.95800018311,chatara_58,695,7.0,6.0
2026-07-13,4.4610004425,chatara_58,695,7.0,6.0
2026-07-14,4.55000019073,chatara_58,695,7.0,6.0
2026-07-15,4.16100025177,chatara_58,695,7.0,6.0
2026-07-16,4.36200046539,chatara_58,695,7.0,6.0
2026-07-17,4.35400009155,chatara_58,695,7.0,6.0
2026-07-18,4.71000003815,chatara_58,695,7.0,6.0
2026-07-19,5.0,chatara_58,695,7.0,6.0
2026-07-20,5.5030002594,chatara_58,695,7.0,6.0
2026-07-21,4.61600017548,chatara_58,695,7.0,6.0
2026-07-22,4.19600009918,chatara_58,695,7.0,6.0
2026-07-23,4.55700016022,chatara_58,695,7.0,6.0
2026-07-24,4.01300048828,chatara_58,695,7.0,6.0
2026-07-25,3.70499992371,chatara_58,695,7.0,6.0
2026-07-26,3.44600009918,chatara_58,695,7.0,6.0
2026-07-27,3.69299983978,chatara_58,695,7.0,6.0
2026-07-28,3.47200012207,chatara_58,695,7.0,6.0
2026-07-29,3.57900047302,chatara_58,695,7.0,6.0
2026-07-30,3.35400009155,chatara_58,695,7.0,6.0
2026-07-31,3.71600055695,chatara_58,695,7.0,6.0
2026-08-01,3.68700027466,chatara_58,695,7.0,6.0
2026-08-02,4.24600028992,chatara_58,695,7.0,6.0
2026-08-03,4.98799991608,chatara_58,695,7.0,6.0
2026-08-04,4.82200050354,chatara_58,695,7.0,6.0
2026-08-05,4.94700050354,chatara_58,695,7.0,6.0
2026-08-06,5.49800014496,chatara_58,695,7.0,6.0
2026-08-07,4.66300010681,chatara_58,695,7.0,6.0
2026-08-08,4.24499988556,chatara_58,695,7.0,6.0
2026-08-09,4.22399997711,chatara_58,695,7.0,6.0
2026-08-10,5.01800060272,chatara_58,695,7.0,6.0
2026-08-11,4.51800060272,chatara_58,695,7.0,6.0
2026-08-12,3.85800075531,chatara_58,695,7.0,6.0
2026-08-13,3.68300056458,chatara_58,695,7.0,6.0
2026-08-14,3.84899997711,chatara_58,695,7.0,6.0
2026-08-15,3.68400001526,chatara_58,695,7.0,6.0
2026-08-16,4.15100002289,chatara_58,695,7.0,6.0
2026-08-17,3.60800075531,chatara_58,695,7.0,6.0
2026-08-18,3.65900039673,chatara_58,695,7.0,6.0
2026-08-19,3.89100074768,chatara_58,695,7.0,6.0
2026-08-20,3.73099994659,chatara_58,695,7.0,6.0
2026-08-21,4.33800029755,chatara_58,695,7.0,6.0
2026-08-22,4.30800056458,chatara_58,695,7.0,6.0
2026-08-23,4.42000007629,chatara_58,695,7.0,6.0
2026-08-24,4.19900035858,chatara_58,695,7.0,6.0
2026-08-25,3.84899997711,chatara_58,695,7.0,6.0
2026-08-26,3.9610004425,chatara_58,695,7.0,6.0
2026-08-27,3.95700073242,chatara_58,695,7.0,6.0
2026-08-28,3.89900016785,chatara_58,695,7.0,6.0
2026-08-29,4.40299987793,chatara_58,695,7.0,6.0
2026-08-30,4.85099983215,chatara_58,695,7.0,6.0
2026-08-31,4.90500068665,chatara_58,695,7.0,6.0
2026-09-01,4.94799995422,chatara_58,695,7.0,6.0
2026-09-02,5.38199996948,chatara_58,695,7.0,6.0
2026-09-03,5.26700019836,chatara_58,695,7.0,6.0
2026-09-04,4.79300022125,chatara_58,695,7.0,6.0
2026-09-05,4.99900054932,chatara_58,695,7.0,6.0
2026-09-06,5.3360004425,chatara_58,695,7.0,6.0
2026-09-07,5.13700008392,chatara_58,695,7.0,6.0
2026-09-08,4.70499992371,chatara_58,695,7.0,6.0
2026-09-09,4.58400058746,chatara_58,695,7.0,6.0
2026-09-10,4.41200065613,chatara_58,695,7.0,6.0
2026-09-11,4.64300060272,chatara_58,695,7.0,6.0
2026-09-12,4.19700050354,chatara_58,695,7.0,6.0
2026-09-13,4.22700023651,chatara_58,695,7.0,6.0
2026-09-14,4.61900043488,chatara_58,695,7.0,6.0
2026-09-15,4.68700027466,chatara_58,695,7.0,6.0
2026-09-16,4.88700008392,chatara_58,695,7.0,6.0
2026-09-17,4.45000076294,chatara_58,695,7.0,6.0
2026-09-18,4.40299987793,chatara_58,695,7.0,6.0
2026-09-19,4.32299995422,chatara_58,695,7.0,6.0
2026-09-20,3.72000026703,chatara_58,695,7.0,6.0
2026-09-21,3.31300067902,chatara_58,695,7.0,6.0
2026-09-22,3.17800045013,chatara_58,695,7.0,6.0
2026-09-23,3.13300037384,chatara_58,695,7.0,6.0
2026-09-24,4.50199985504,chatara_58,695,7.0,6.0
2026-09-25,6.71500015259,chatara_58,695,7.0,6.0
2026-09-26,6.92899990082,chatara_58,695,7.0,6.0
2026-09-27,5.01399993896,chatara_58,695,7.0,6.0
2026-09-28,4.37699985504,chatara_58,695,7.0,6.0
2020-10-21,3.58199977875,hampachuwar_31,681,11.8,10.6
2020-10-22,3.54800033569,hampachuwar_31,681,11.8,10.6
2020-10-23,3.51500034332,hampachuwar_31,681,11.8,10.6
2020-10-24,3.42600059509,hampachuwar_31,681,11.8,10.6
2020-10-25,3.40499973297,hampachuwar_31,681,11.8,10.6
2020-10-26,3.38600063324,hampachuwar_31,681,11.8,10.6
2020-10-27,3.33400058746,hampachuwar_31,681,11.8,10.6
2020-10-28,3.27999973297,hampachuwar_31,681,11.8,10.6
2020-10-29,3.24200057983,hampachuwar_31,681,11.8,10.6
2020-10-30,3.19999980927,hampachuwar_31,681,11.8,10.6
2020-10-31,3.14700031281,hampachuwar_31,681,11.8,10.6
2020-11-01,3.11499977112,hampachuwar_31,681,11.8,10.6
2020-11-02,3.07900047302,hampachuwar_31,681,11.8,10.6
2020-11-03,3.05900001526,hampachuwar_31,681,11.8,10.6
2020-11-04,3.02799987793,hampachuwar_31,681,11.8,10.6
2020-11-05,2.98600006104,hampachuwar_31,681,11.8,10.6
2020-11-06,2.93700027466,hampachuwar_31,681,11.8,10.6
2020-11-07,2.90999984741,hampachuwar_31,681,11.8,10.6
2020-11-08,2.87300014496,hampachuwar_31,681,11.8,10.6
2020-11-09,2.84800052643,hampachuwar_31,681,11.8,10.6
2020-11-10,2.8109998703,hampachuwar_31,681,11.8,10.6
2020-11-11,2.78100013733,hampachuwar_31,681,11.8,10.6
2020-11-12,2.7530002594,hampachuwar_31,681,11.8,10.6
2020-11-13,2.72099971771,hampachuwar_31,681,11.8,10.6
2020-11-14,2.72000026703,hampachuwar_31,681,11.8,10.6
2020-11-15,2.6859998703,hampachuwar_31,681,11.8,10.6
2020-11-16,2.66900062561,hampachuwar_31,681,11.8,10.6
2020-11-17,2.67100048065,hampachuwar_31,681,11.8,10.6
2020-11-18,2.61800003052,hampachuwar_31,681,11.8,10.6
2020-11-19,2.59200000763,hampachuwar_31,681,11.8,10.6
2020-11-20,2.57299995422,hampachuwar_31,681,11.8,10.6
2020-11-21,2.54699993134,hampachuwar_31,681,11.8,10.6
2020-11-22,2.51700019836,hampachuwar_31,681,11.8,10.6
2020-11-23,2.49600028992,hampachuwar_31,681,11.8,10.6
2020-11-24,2.48099994659,hampachuwar_31,681,11.8,10.6
2020-11-25,2.45699977875,hampachuwar_31,681,11.8,10.6
2020-11-26,2.43400001526,hampachuwar_31,681,11.8,10.6
2020-11-27,2.40200042725,hampachuwar_31,681,11.8,10.6
2020-11-28,2.38700008392,hampachuwar_31,681,11.8,10.6
2020-11-29,2.36100006104,hampachuwar_31,681,11.8,10.6
2020-11-30,2.34500026703,hampachuwar_31,681,11.8,10.6
2020-12-01,2.32800006866,hampachuwar_31,681,11.8,10.6
2020-12-02,2.31500053406,hampachuwar_31,681,11.8,10.6
2020-12-03,2.30700016022,hampachuwar_31,681,11.8,10.6
2020-12-04,2.29699993134,hampachuwar_31,681,11.8,10.6
2020-12-05,2.40400028229,hampachuwar_31,681,11.8,10.6
2020-12-07,2.26800060272,hampachuwar_31,681,11.8,10.6
2020-12-08,2.24600028992,hampachuwar_31,681,11.8,10.6
2020-12-09,2.24300003052,hampachuwar_31,681,11.8,10.6
2020-12-10,2.22800064087,hampachuwar_31,681,11.8,10.6
2020-12-11,2.19799995422,hampachuwar_31,681,11.8,10.6
2020-12-12,2.18500041962,hampachuwar_31,681,11.8,10.6
2020-12-13,2.17800045013,hampachuwar_31,681,11.8,10.6
2020-12-14,2.18200016022,hampachuwar_31,681,11.8,10.6
2020-12-15,2.14799976349,hampachuwar_31,681,11.8,10.6
2020-12-16,2.14900016785,hampachuwar_31,681,11.8,10.6
2020-12-17,2.14900016785,hampachuwar_31,681,11.8,10.6
2020-12-18,2.10099983215,hampachuwar_31,681,11.8,10.6
2020-12-19,2.1310005188,hampachuwar_31,681,11.8,10.6
2020-12-20,2.09899997711,hampachuwar_31,681,11.8,10.6
2020-12-21,2.05399990082,hampachuwar_31,681,11.8,10.6
2020-12-22,2.03600025177,hampachuwar_31,681,11.8,10.6
2020-12-23,2.04500007629,hampachuwar_31,681,11.8,10.6
2020-12-24,2.03100013733,hampachuwar_31,681,11.8,10.6
2020-12-25,2.03499984741,hampachuwar_31,681,11.8,10.6
2020-12-26,1.99900054932,hampachuwar_31,681,11.8,10.6
2020-12-27,1.98099994659,hampachuwar_31,681,11.8,10.6
2020-12-28,1.98600006104,hampachuwar_31,681,11.8,10.6
2020-12-29,1.95100021362,hampachuwar_31,681,11.8,10.6
2020-12-30,1.9390001297,hampachuwar_31,681,11.8,10.6
2020-12-31,1.93700027466,hampachuwar_31,681,11.8,10.6
2021-01-01,1.92100048065,hampachuwar_31,681,11.8,10.6
2021-01-02,1.91300010681,hampachuwar_31,681,11.8,10.6
2021-01-03,1.91300010681,hampachuwar_31,681,11.8,10.6
2021-01-04,1.90999984741,hampachuwar_31,681,11.8,10.6
2021-01-05,1.90600013733,hampachuwar_31,681,11.8,10.6
2021-01-06,1.89799976349,hampachuwar_31,681,11.8,10.6
2021-01-07,1.89000034332,hampachuwar_31,681,11.8,10.6
2021-01-08,1.8360004425,hampachuwar_31,681,11.8,10.6
2021-01-09,1.80500030518,hampachuwar_31,681,11.8,10.6
2021-01-11,1.78499984741,hampachuwar_31,681,11.8,10.6
2021-01-12,1.77299976349,hampachuwar_31,681,11.8,10.6
2021-01-13,1.78900051117,hampachuwar_31,681,11.8,10.6
2021-01-14,1.78600025177,hampachuwar_31,681,11.8,10.6
2021-01-15,1.78200054169,hampachuwar_31,681,11.8,10.6
2021-01-16,1.77200031281,hampachuwar_31,681,11.8,10.6
2021-01-17,1.77400016785,hampachuwar_31,681,11.8,10.6
2021-01-18,1.76100063324,hampachuwar_31,681,11.8,10.6
2021-01-19,1.7469997406,hampachuwar_31,681,11.8,10.6
2021-01-20,1.76599979401,hampachuwar_31,681,11.8,10.6
2021-01-21,1.75199985504,hampachuwar_31,681,11.8,10.6
2021-01-22,1.75100040436,hampachuwar_31,681,11.8,10.6
2021-01-23,1.7469997406,hampachuwar_31,681,11.8,10.6
2021-01-24,1.73099994659,hampachuwar_31,681,11.8,10.6
2021-01-25,1.72300052643,hampachuwar_31,681,11.8,10.6
2021-01-26,1.76300048828,hampachuwar_31,681,11.8,10.6
2021-01-27,1.74900054932,hampachuwar_31,681,11.8,10.6
2021-01-28,1.67399978638,hampachuwar_31,681,11.8,10.6
2021-01-29,1.67700004578,hampachuwar_31,681,11.8,10.6
2021-01-30,1.66499996185,hampachuwar_31,681,11.8,10.6
2021-01-31,1.67500019073,hampachuwar_31,681,11.8,10.6
2021-02-01,1.68000030518,hampachuwar_31,681,11.8,10.6
2021-02-02,1.64099979401,hampachuwar_31,681,11.8,10.6
2021-02-03,1.59100055695,hampachuwar_31,681,11.8,10.6
2021-02-04,1.56200027466,hampachuwar_31,681,11.8,10.6
2021-02-05,1.5700006485,hampachuwar_31,681,11.8,10.6
2021-02-06,1.56000041962,hampachuwar_31,681,11.8,10.6
2021-02-07,1.60099983215,hampachuwar_31,681,11.8,10.6
2021-02-08,1.63399982452,hampachuwar_31,681,11.8,10.6
2021-02-09,1.60200023651,hampachuwar_31,681,11.8,10.6
2021-02-10,1.58199977875,hampachuwar_31,681,11.8,10.6
2021-02-11,1.56599998474,hampachuwar_31,681,11.8,10.6
2021-02-12,1.5609998703,hampachuwar_31,681,11.8,10.6
2021-02-13,1.54899978638,hampachuwar_31,681,11.8,10.6
2021-02-14,1.52799987793,hampachuwar_31,681,11.8,10.6
2021-02-15,1.50899982452,hampachuwar_31,681,11.8,10.6
2021-02-16,1.51000022888,hampachuwar_31,681,11.8,10.6
2021-02-17,1.51300048828,hampachuwar_31,681,11.8,10.6
2021-02-18,1.5250005722,hampachuwar_31,681,11.8,10.6
2021-02-19,1.5250005722,hampachuwar_31,681,11.8,10.6
2021-02-20,1.51500034332,hampachuwar_31,681,11.8,10.6
2021-02-21,1.44999980927,hampachuwar_31,681,11.8,10.6
2021-02-27,1.49200057983,hampachuwar_31,681,11.8,10.6
2021-04-29,1.54699993134,hampachuwar_31,681,11.8,10.6
2021-05-03,1.39900016785,hampachuwar_31,681,11.8,10.6
2021-05-04,1.63000011444,hampachuwar_31,681,11.8,10.6
2021-05-05,1.70300006866,hampachuwar_31,681,11.8,10.6
2021-05-06,1.81500053406,hampachuwar_31,681,11.8,10.6
2021-05-07,1.91200065613,hampachuwar_31,681,11.8,10.6
2021-05-08,1.87100028992,hampachuwar_31,681,11.8,10.6
2021-05-09,1.66900062561,hampachuwar_31,681,11.8,10.6
2021-05-10,1.67199993134,hampachuwar_31,681,11.8,10.6
2021-05-11,1.58100032806,hampachuwar_31,681,11.8,10.6
2021-05-12,2.01200008392,hampachuwar_31,681,11.8,10.6
2021-05-13,1.96199989319,hampachuwar_31,681,11.8,10.6
2021-05-14,1.82100009918,hampachuwar_31,681,11.8,10.6
2021-05-15,1.67100048065,hampachuwar_31,681,11.8,10.6
2021-05-16,1.58100032806,hampachuwar_31,681,11.8,10.6
2021-05-17,1.52700042725,hampachuwar_31,681,11.8,10.6
2021-05-18,1.54100036621,hampachuwar_31,681,11.8,10.6
2021-05-19,1.57800006866,hampachuwar_31,681,11.8,10.6
2021-05-20,1.65600013733,hampachuwar_31,681,11.8,10.6
2021-05-21,1.96899986267,hampachuwar_31,681,11.8,10.6
2021-05-22,1.97200012207,hampachuwar_31,681,11.8,10.6
2021-05-23,1.8170003891,hampachuwar_31,681,11.8,10.6
2021-05-24,1.74100017548,hampachuwar_31,681,11.8,10.6
2021-05-25,2.02999973297,hampachuwar_31,681,11.8,10.6
2021-05-26,1.92600059509,hampachuwar_31,681,11.8,10.6
2021-05-27,3.54500007629,hampachuwar_31,681,11.8,10.6
2021-05-28,4.00500011444,hampachuwar_31,681,11.8,10.6
2021-05-29,4.62699985504,hampachuwar_31,681,11.8,10.6
2021-06-01,3.30200004578,hampachuwar_31,681,11.8,10.6
2021-06-02,3.01100063324,hampachuwar_31,681,11.8,10.6
2021-06-03,2.82499980927,hampachuwar_31,681,11.8,10.6
2021-06-04,2.5860004425,hampachuwar_31,681,11.8,10.6
2021-06-05,2.55500030518,hampachuwar_31,681,11.8,10.6
2021-06-06,2.5670003891,hampachuwar_31,681,11.8,10.6
2021-06-07,2.60300064087,hampachuwar_31,681,11.8,10.6
2021-06-08,2.60700035095,hampachuwar_31,681,11.8,10.6
2021-06-09,2.63000011444,hampachuwar_31,681,11.8,10.6
2021-06-10,2.59899997711,hampachuwar_31,681,11.8,10.6
2021-06-11,2.95200061798,hampachuwar_31,681,11.8,10.6
2021-06-12,3.47200012207,hampachuwar_31,681,11.8,10.6
2021-06-13,3.61700057983,hampachuwar_31,681,11.8,10.6
2021-06-14,4.03499984741,hampachuwar_31,681,11.8,10.6
2021-06-15,4.27099990845,hampachuwar_31,681,11.8,10.6
2021-06-16,7.59300041199,hampachuwar_31,681,11.8,10.6
2021-06-17,5.26300048828,hampachuwar_31,681,11.8,10.6
2021-06-18,5.67000007629,hampachuwar_31,681,11.8,10.6
2021-06-19,5.94000053406,hampachuwar_31,681,11.8,10.6
2021-06-20,5.62600040436,hampachuwar_31,681,11.8,10.6
2021-06-21,5.04600048065,hampachuwar_31,681,11.8,10.6
2021-06-22,4.53100013733,hampachuwar_31,681,11.8,10.6
2021-06-23,5.63500022888,hampachuwar_31,681,11.8,10.6
2021-06-24,6.53200054169,hampachuwar_31,681,11.8,10.6
2021-06-25,5.17700004578,hampachuwar_31,681,11.8,10.6
2021-06-26,5.19700050354,hampachuwar_31,681,11.8,10.6
2021-06-27,5.17700004578,hampachuwar_31,681,11.8,10.6
2021-07-19,7.69400024414,hampachuwar_31,681,11.8,10.6
2021-07-20,9.89100074768,hampachuwar_31,681,11.8,10.6
2021-07-21,9.53600025177,hampachuwar_31,681,11.8,10.6
2021-07-22,8.69300079346,hampachuwar_31,681,11.8,10.6
2021-07-23,8.12000083923,hampachuwar_31,681,11.8,10.6
2021-07-24,7.67900037766,hampachuwar_31,681,11.8,10.6
2021-07-25,7.04699993134,hampachuwar_31,681,11.8,10.6
2021-07-26,8.48100090027,hampachuwar_31,681,11.8,10.6
2021-07-27,7.88800001144,hampachuwar_31,681,11.8,10.6
2021-07-28,8.53000068665,hampachuwar_31,681,11.8,10.6
2021-07-29,9.28600025177,hampachuwar_31,681,11.8,10.6
2021-07-30,8.69600009918,hampachuwar_31,681,11.8,10.6
2021-07-31,7.8860001564,hampachuwar_31,681,11.8,10.6
2021-08-01,8.04700088501,hampachuwar_31,681,11.8,10.6
2021-08-02,9.39599990845,hampachuwar_31,681,11.8,10.6
2021-08-03,9.23400020599,hampachuwar_31,681,11.8,10.6
2021-08-04,8.11300086975,hampachuwar_31,681,11.8,10.6
2021-08-05,8.00200080872,hampachuwar_31,681,11.8,10.6
2021-08-06,7.07299995422,hampachuwar_31,681,11.8,10.6
2021-08-07,6.91400051117,hampachuwar_31,681,11.8,10.6
2021-08-08,7.00100040436,hampachuwar_31,681,11.8,10.6
2021-08-09,7.09300041199,hampachuwar_31,681,11.8,10.6
2021-08-10,7.31200027466,hampachuwar_31,681,11.8,10.6
2021-08-11,7.31900024414,hampachuwar_31,681,11.8,10.6
2021-08-12,7.25900030136,hampachuwar_31,681,11.8,10.6
2021-08-13,7.48800039291,hampachuwar_31,681,11.8,10.6
2021-08-14,7.09300041199,hampachuwar_31,681,11.8,10.6
2021-08-16,7.63800001144,hampachuwar_31,681,11.8,10.6
2021-08-17,8.13500022888,hampachuwar_31,681,11.8,10.6
2021-08-18,8.23400020599,hampachuwar_31,681,11.8,10.6
2021-08-19,8.95400047302,hampachuwar_31,681,11.8,10.6
2021-08-20,9.10700035095,hampachuwar_31,681,11.8,10.6
2021-08-21,9.38199996948,hampachuwar_31,681,11.8,10.6
2021-08-22,8.98299980164,hampachuwar_31,681,11.8,10.6
2021-08-23,8.78100013733,hampachuwar_31,681,11.8,10.6
2021-08-24,9.06000041962,hampachuwar_31,681,11.8,10.6
2021-08-25,8.0030002594,hampachuwar_31,681,11.8,10.6
2021-08-26,8.90799999237,hampachuwar_31,681,11.8,10.6
2021-08-27,9.35099983215,hampachuwar_31,681,11.8,10.6
2021-08-28,9.75500011444,hampachuwar_31,681,11.8,10.6
2021-08-29,9.94000053406,hampachuwar_31,681,11.8,10.6
2021-08-30,10.3140001297,hampachuwar_31,681,11.8,10.6
2021-08-31,9.15400028229,hampachuwar_31,681,11.8,10.6
2021-09-01,8.51000022888,hampachuwar_31,681,11.8,10.6
2021-09-02,8.56800079346,hampachuwar_31,681,11.8,10.6
2021-09-03,8.81999969482,hampachuwar_31,681,11.8,10.6
2021-09-04,8.65299987793,hampachuwar_31,681,11.8,10.6
2021-09-05,7.97300004959,hampachuwar_31,681,11.8,10.6
2021-09-06,9.60700035095,hampachuwar_31,681,11.8,10.6
2021-09-07,9.48400020599,hampachuwar_31,681,11.8,10.6
2021-09-08,8.72800064087,hampachuwar_31,681,11.8,10.6
2021-09-09,8.48699951172,hampachuwar_31,681,11.8,10.6
2021-09-10,8.45000076294,hampachuwar_31,681,11.8,10.6
2021-09-11,7.86600017548,hampachuwar_31,681,11.8,10.6
2021-09-12,7.43700027466,hampachuwar_31,681,11.8,10.6
2021-09-13,7.07899999619,hampachuwar_31,681,11.8,10.6
2021-09-14,6.64700031281,hampachuwar_31,681,11.8,10.6
2021-09-15,6.23799991608,hampachuwar_31,681,11.8,10.6
2021-09-16,6.36100006104,hampachuwar_31,681,11.8,10.6
2021-09-17,6.05800056458,hampachuwar_31,681,11.8,10.6
2021-09-18,5.80700016022,hampachuwar_31,681,11.8,10.6
2021-09-19,5.69299983978,hampachuwar_31,681,11.8,10.6
2021-09-20,5.50800037384,hampachuwar_31,681,11.8,10.6
2021-09-29,5.28600025177,hampachuwar_31,681,11.8,10.6
2021-09-30,5.04100036621,hampachuwar_31,681,11.8,10.6
2021-10-01,4.87100028992,hampachuwar_31,681,11.8,10.6
2021-10-02,4.8719997406,hampachuwar_31,681,11.8,10.6
2021-10-03,4.90299987793,hampachuwar_31,681,11.8,10.6
2021-10-04,5.20499992371,hampachuwar_31,681,11.8,10.6
2021-10-05,5.10200023651,hampachuwar_31,681,11.8,10.6
2021-10-06,4.91900062561,hampachuwar_31,681,11.8,10.6
2021-10-07,4.72200012207,hampachuwar_31,681,11.8,10.6
2021-10-08,4.60000038147,hampachuwar_31,681,11.8,10.6
2021-10-09,4.48700046539,hampachuwar_31,681,11.8,10.6
2021-10-11,4.18300056458,hampachuwar_31,681,11.8,10.6
2021-10-12,4.19700050354,hampachuwar_31,681,11.8,10.6
2021-10-13,4.04300022125,hampachuwar_31,681,11.8,10.6
2021-10-14,3.97399997711,hampachuwar_31,681,11.8,10.6
2021-10-15,3.88600063324,hampachuwar_31,681,11.8,10.6
2021-10-16,3.8140001297,hampachuwar_31,681,11.8,10.6
2021-10-17,4.39200019836,hampachuwar_31,681,11.8,10.6
2021-10-18,4.1280002594,hampachuwar_31,681,11.8,10.6
2021-10-19,9.91100025177,hampachuwar_31,681,11.8,10.6
2021-10-20,10.2709999084,hampachuwar_31,681,11.8,10.6
2021-10-21,5.52099990845,hampachuwar_31,681,11.8,10.6
2021-11-26,2.70800018311,hampachuwar_31,681,11.8,10.6
2021-11-27,2.70499992371,hampachuwar_31,681,11.8,10.6
2021-11-28,2.66400051117,hampachuwar_31,681,11.8,10.6
2021-11-29,2.67600059509,hampachuwar_31,681,11.8,10.6
2021-11-30,2.64900016785,hampachuwar_31,681,11.8,10.6
2021-12-01,2.61100006104,hampachuwar_31,681,11.8,10.6
2021-12-02,2.60300064087,hampachuwar_31,681,11.8,10.6
2021-12-03,2.57999992371,hampachuwar_31,681,11.8,10.6
2021-12-04,2.54600048065,hampachuwar_31,681,11.8,10.6
2021-12-05,2.55800056458,hampachuwar_31,681,11.8,10.6
2021-12-06,2.54100036621,hampachuwar_31,681,11.8,10.6
2021-12-07,2.50899982452,hampachuwar_31,681,11.8,10.6
2021-12-08,2.48700046539,hampachuwar_31,681,11.8,10.6
2021-12-09,2.45900058746,hampachuwar_31,681,11.8,10.6
2021-12-10,2.45400047302,hampachuwar_31,681,11.8,10.6
2021-12-11,2.4359998703,hampachuwar_31,681,11.8,10.6
2021-12-12,2.40900039673,hampachuwar_31,681,11.8,10.6
2021-12-13,2.40400028229,hampachuwar_31,681,11.8,10.6
2021-12-14,2.3780002594,hampachuwar_31,681,11.8,10.6
2021-12-15,2.38600063324,hampachuwar_31,681,11.8,10.6
2021-12-21,2.27099990845,hampachuwar_31,681,11.8,10.6
2021-12-22,2.27099990845,hampachuwar_31,681,11.8,10.6
2021-12-23,2.24300003052,hampachuwar_31,681,11.8,10.6
2021-12-24,2.23500061035,hampachuwar_31,681,11.8,10.6
2021-12-29,2.21300029755,hampachuwar_31,681,11.8,10.6
2021-12-30,2.58199977875,hampachuwar_31,681,11.8,10.6
2021-12-31,2.48000049591,hampachuwar_31,681,11.8,10.6
2022-01-02,2.23200035095,hampachuwar_31,681,11.8,10.6
2022-01-03,2.19999980927,hampachuwar_31,681,11.8,10.6
2022-01-04,2.21700000763,hampachuwar_31,681,11.8,10.6
2022-01-05,2.19400024414,hampachuwar_31,681,11.8,10.6
2022-01-06,2.21500015259,hampachuwar_31,681,11.8,10.6
2022-01-07,2.16499996185,hampachuwar_31,681,11.8,10.6
2022-01-08,2.16400051117,hampachuwar_31,681,11.8,10.6
2022-01-09,2.15700054169,hampachuwar_31,681,11.8,10.6
2022-01-10,2.11700057983,hampachuwar_31,681,11.8,10.6
2022-01-11,2.10900020599,hampachuwar_31,681,11.8,10.6
2022-01-12,2.08199977875,hampachuwar_31,681,11.8,10.6
2022-01-13,2.07400035858,hampachuwar_31,681,11.8,10.6
2022-01-14,2.05599975586,hampachuwar_31,681,11.8,10.6
2022-01-15,2.06799983978,hampachuwar_31,681,11.8,10.6
2022-01-16,2.02600002289,hampachuwar_31,681,11.8,10.6
2022-01-17,2.01700019836,hampachuwar_31,681,11.8,10.6
2022-01-18,1.99200057983,hampachuwar_31,681,11.8,10.6
2022-01-19,1.98600006104,hampachuwar_31,681,11.8,10.6
2022-01-20,1.95800018311,hampachuwar_31,681,11.8,10.6
2022-01-21,2.0060005188,hampachuwar_31,681,11.8,10.6
2022-01-22,1.92600059509,hampachuwar_31,681,11.8,10.6
2022-01-31,1.79800033569,hampachuwar_31,681,11.8,10.6
2022-02-01,1.86999988556,hampachuwar_31,681,11.8,10.6
2022-02-02,1.84599971771,hampachuwar_31,681,11.8,10.6
2022-02-03,1.8360004425,hampachuwar_31,681,11.8,10.6
2022-02-04,1.88899993896,hampachuwar_31,681,11.8,10.6
2022-02-05,2.23099994659,hampachuwar_31,681,11.8,10.6
2022-02-06,2.22900009155,hampachuwar_31,681,11.8,10.6
2022-02-07,2.03200054169,hampachuwar_31,681,11.8,10.6
2022-02-08,1.93300056458,hampachuwar_31,681,11.8,10.6
2022-02-09,1.9390001297,hampachuwar_31,681,11.8,10.6
2022-02-10,1.89099979401,hampachuwar_31,681,11.8,10.6
2022-02-11,1.87900066376,hampachuwar_31,681,11.8,10.6
2022-02-12,1.84700012207,hampachuwar_31,681,11.8,10.6
2022-02-13,1.85000038147,hampachuwar_31,681,11.8,10.6
2022-02-14,1.83100032806,hampachuwar_31,681,11.8,10.6
2022-02-15,1.8140001297,hampachuwar_31,681,11.8,10.6
2022-02-16,1.81599998474,hampachuwar_31,681,11.8,10.6
2022-02-17,1.77200031281,hampachuwar_31,681,11.8,10.6
2022-02-18,1.76000022888,hampachuwar_31,681,11.8,10.6
2022-02-19,1.74100017548,hampachuwar_31,681,11.8,10.6
2022-02-20,1.79100036621,hampachuwar_31,681,11.8,10.6
2022-02-21,1.72500038147,hampachuwar_31,681,11.8,10.6
2022-02-22,1.78100013733,hampachuwar_31,681,11.8,10.6
2022-02-24,1.7110004425,hampachuwar_31,681,11.8,10.6
2022-02-25,1.72000026703,hampachuwar_31,681,11.8,10.6
2022-02-26,1.70200061798,hampachuwar_31,681,11.8,10.6
2022-02-27,1.67800045013,hampachuwar_31,681,11.8,10.6
2022-02-28,1.66400051117,hampachuwar_31,681,11.8,10.6
2022-03-01,1.63199996948,hampachuwar_31,681,11.8,10.6
2022-03-02,1.61299991608,hampachuwar_31,681,11.8,10.6
2022-03-03,1.63300037384,hampachuwar_31,681,11.8,10.6
2022-03-04,1.60500049591,hampachuwar_31,681,11.8,10.6
2022-03-07,1.61700057983,hampachuwar_31,681,11.8,10.6
2022-03-09,1.63700008392,hampachuwar_31,681,11.8,10.6
2022-03-10,1.63899993896,hampachuwar_31,681,11.8,10.6
2022-03-11,1.64000034332,hampachuwar_31,681,11.8,10.6
2022-03-12,1.67000007629,hampachuwar_31,681,11.8,10.6
2022-03-13,1.6280002594,hampachuwar_31,681,11.8,10.6
2022-03-14,1.63300037384,hampachuwar_31,681,11.8,10.6
2022-03-15,1.69299983978,hampachuwar_31,681,11.8,10.6
2022-03-16,1.70699977875,hampachuwar_31,681,11.8,10.6
2022-03-17,1.70100021362,hampachuwar_31,681,11.8,10.6
2022-03-18,1.7530002594,hampachuwar_31,681,11.8,10.6
2022-03-19,1.77000045776,hampachuwar_31,681,11.8,10.6
2022-03-20,1.84700012207,hampachuwar_31,681,11.8,10.6
2022-03-21,1.88000011444,hampachuwar_31,681,11.8,10.6
2022-03-22,1.80900001526,hampachuwar_31,681,11.8,10.6
2022-03-23,1.80100059509,hampachuwar_31,681,11.8,10.6
2022-03-24,1.81500053406,hampachuwar_31,681,11.8,10.6
2022-03-25,1.74300003052,hampachuwar_31,681,11.8,10.6
2022-03-28,1.64200019836,hampachuwar_31,681,11.8,10.6
2022-03-30,1.80399990082,hampachuwar_31,681,11.8,10.6
2022-03-31,1.88199996948,hampachuwar_31,681,11.8,10.6
2022-04-01,1.97700023651,hampachuwar_31,681,11.8,10.6
2022-04-02,1.98299980164,hampachuwar_31,681,11.8,10.6
2022-04-03,2.42899990082,hampachuwar_31,681,11.8,10.6
2022-04-04,2.41499996185,hampachuwar_31,681,11.8,10.6
2022-04-05,2.07200050354,hampachuwar_31,681,11.8,10.6
2022-04-06,2.04300022125,hampachuwar_31,681,11.8,10.6
2022-04-07,1.98400020599,hampachuwar_31,681,11.8,10.6
2022-04-08,1.99300003052,hampachuwar_31,681,11.8,10.6
2022-04-09,2.20499992371,hampachuwar_31,681,11.8,10.6
2022-04-10,2.17899990082,hampachuwar_31,681,11.8,10.6
2022-04-11,2.19299983978,hampachuwar_31,681,11.8,10.6
2022-04-12,2.15299987793,hampachuwar_31,681,11.8,10.6
2022-04-13,2.03999996185,hampachuwar_31,681,11.8,10.6
2022-04-14,1.99100017548,hampachuwar_31,681,11.8,10.6
2022-04-15,2.06500053406,hampachuwar_31,681,11.8,10.6
2022-04-16,1.95100021362,hampachuwar_31,681,11.8,10.6
2022-04-17,1.90999984741,hampachuwar_31,681,11.8,10.6
2022-04-18,1.78800010681,hampachuwar_31,681,11.8,10.6
2022-04-19,1.74100017548,hampachuwar_31,681,11.8,10.6
2022-04-20,1.79199981689,hampachuwar_31,681,11.8,10.6
2022-04-21,1.85599994659,hampachuwar_31,681,11.8,10.6
2022-04-22,1.8780002594,hampachuwar_31,681,11.8,10.6
2022-04-23,1.80399990082,hampachuwar_31,681,11.8,10.6
2022-04-24,1.78900051117,hampachuwar_31,681,11.8,10.6
2022-04-25,1.78200054169,hampachuwar_31,681,11.8,10.6
2022-04-29,1.72599983215,hampachuwar_31,681,11.8,10.6
2022-04-30,1.7750005722,hampachuwar_31,681,11.8,10.6
2022-05-01,1.78299999237,hampachuwar_31,681,11.8,10.6
2022-05-02,1.89599990845,hampachuwar_31,681,11.8,10.6
2022-05-03,1.95699977875,hampachuwar_31,681,11.8,10.6
2022-05-04,1.99100017548,hampachuwar_31,681,11.8,10.6
2022-05-05,1.93799972534,hampachuwar_31,681,11.8,10.6
2022-05-06,2.07700061798,hampachuwar_31,681,11.8,10.6
2022-05-07,2.27099990845,hampachuwar_31,681,11.8,10.6
2022-05-09,2.26200008392,hampachuwar_31,681,11.8,10.6
2022-05-10,2.18099975586,hampachuwar_31,681,11.8,10.6
2022-05-11,2.14500045776,hampachuwar_31,681,11.8,10.6
2022-05-12,2.22399997711,hampachuwar_31,681,11.8,10.6
2022-05-13,2.16300010681,hampachuwar_31,681,11.8,10.6
2022-05-14,2.1500005722,hampachuwar_31,681,11.8,10.6
2022-05-15,2.28900051117,hampachuwar_31,681,11.8,10.6
2022-05-16,2.41200065613,hampachuwar_31,681,11.8,10.6
2022-05-17,2.76200008392,hampachuwar_31,681,11.8,10.6
2022-05-18,2.58800029755,hampachuwar_31,681,11.8,10.6
2022-05-19,2.41699981689,hampachuwar_31,681,11.8,10.6
2022-05-20,2.3109998703,hampachuwar_31,681,11.8,10.6
2022-05-21,2.22099971771,hampachuwar_31,681,11.8,10.6
2022-05-22,2.26100063324,hampachuwar_31,681,11.8,10.6
2022-05-23,2.37400054932,hampachuwar_31,681,11.8,10.6
2022-05-25,2.10700035095,hampachuwar_31,681,11.8,10.6
2022-05-26,2.45900058746,hampachuwar_31,681,11.8,10.6
2022-05-27,2.4610004425,hampachuwar_31,681,11.8,10.6
2022-05-28,2.36100006104,hampachuwar_31,681,11.8,10.6
2022-05-29,2.26000022888,hampachuwar_31,681,11.8,10.6
2022-05-30,2.32499980927,hampachuwar_31,681,11.8,10.6
2022-05-31,2.28700065613,hampachuwar_31,681,11.8,10.6
2022-06-01,2.71300029755,hampachuwar_31,681,11.8,10.6
2022-06-02,2.8170003891,hampachuwar_31,681,11.8,10.6
2022-06-03,2.67899990082,hampachuwar_31,681,11.8,10.6
2022-06-04,2.64500045776,hampachuwar_31,681,11.8,10.6
2022-06-10,4.26900005341,hampachuwar_31,681,11.8,10.6
2022-06-11,4.22399997711,hampachuwar_31,681,11.8,10.6
2022-06-12,3.42500019073,hampachuwar_31,681,11.8,10.6
2022-06-13,3.30100059509,hampachuwar_31,681,11.8,10.6
2022-06-14,3.15499973297,hampachuwar_31,681,11.8,10.6
2022-06-15,3.6920003891,hampachuwar_31,681,11.8,10.6
2022-06-16,4.66900062561,hampachuwar_31,681,11.8,10.6
2022-06-17,5.56900024414,hampachuwar_31,681,11.8,10.6
2022-06-18,6.20499992371,hampachuwar_31,681,11.8,10.6
2022-06-19,5.13000011444,hampachuwar_31,681,11.8,10.6
2022-06-20,6.50800037384,hampachuwar_31,681,11.8,10.6
2022-06-21,4.58199977875,hampachuwar_31,681,11.8,10.6
2022-06-22,4.15799999237,hampachuwar_31,681,11.8,10.6
2022-06-23,4.1500005722,hampachuwar_31,681,11.8,10.6
2022-06-24,4.52000045776,hampachuwar_31,681,11.8,10.6
2022-06-25,6.55300045013,hampachuwar_31,681,11.8,10.6
2022-06-26,6.63199996948,hampachuwar_31,681,11.8,10.6
2022-06-27,6.29800033569,hampachuwar_31,681,11.8,10.6
2022-06-28,6.00899982452,hampachuwar_31,681,11.8,10.6
2022-06-29,7.77900028229,hampachuwar_31,681,11.8,10.6
2022-06-30,7.69099998474,hampachuwar_31,681,11.8,10.6
2022-07-01,6.33100032806,hampachuwar_31,681,11.8,10.6
2022-07-02,8.42200088501,hampachuwar_31,681,11.8,10.6
2022-07-03,7.61199998856,hampachuwar_31,681,11.8,10.6
2022-07-04,5.72700023651,hampachuwar_31,681,11.8,10.6
2022-07-05,5.24400043488,hampachuwar_31,681,11.8,10.6
2022-07-06,5.1310005188,hampachuwar_31,681,11.8,10.6
2022-07-07,4.81299972534,hampachuwar_31,681,11.8,10.6
2022-07-08,4.95100021362,hampachuwar_31,681,11.8,10.6
2022-07-09,5.5670003891,hampachuwar_31,681,11.8,10.6
2022-07-10,6.02099990845,hampachuwar_31,681,11.8,10.6
2022-07-11,5.76800060272,hampachuwar_31,681,11.8,10.6
2022-07-12,5.625,hampachuwar_31,681,11.8,10.6
2022-07-13,6.52299976349,hampachuwar_31,681,11.8,10.6
2022-07-14,6.31900024414,hampachuwar_31,681,11.8,10.6
2022-07-15,5.875,hampachuwar_31,681,11.8,10.6
2022-07-16,5.23200035095,hampachuwar_31,681,11.8,10.6
2022-07-17,5.81799983978,hampachuwar_31,681,11.8,10.6
2022-07-18,5.81500053406,hampachuwar_31,681,11.8,10.6
2022-07-19,6.02700042725,hampachuwar_31,681,11.8,10.6
2022-07-20,5.99499988556,hampachuwar_31,681,11.8,10.6
2022-07-21,7.87300014496,hampachuwar_31,681,11.8,10.6
2022-07-22,8.02000045776,hampachuwar_31,681,11.8,10.6
2022-07-23,9.40699958801,hampachuwar_31,681,11.8,10.6
2022-07-24,8.19400024414,hampachuwar_31,681,11.8,10.6
2022-07-25,7.56000041962,hampachuwar_31,681,11.8,10.6
2022-07-26,9.22399997711,hampachuwar_31,681,11.8,10.6
2022-07-27,8.76399993896,hampachuwar_31,681,11.8,10.6
2022-07-28,8.03400039673,hampachuwar_31,681,11.8,10.6
2022-07-29,7.69900035858,hampachuwar_31,681,11.8,10.6
2022-07-30,8.08699989319,hampachuwar_31,681,11.8,10.6
2022-07-31,9.07200050354,hampachuwar_31,681,11.8,10.6
2022-08-01,9.7530002594,hampachuwar_31,681,11.8,10.6
2022-08-02,10.5850000381,hampachuwar_31,681,11.8,10.6
2022-08-03,10.0500001907,hampachuwar_31,681,11.8,10.6
2022-08-04,9.94099998474,hampachuwar_31,681,11.8,10.6
2022-08-05,9.15299987793,hampachuwar_31,681,11.8,10.6
2022-08-06,10.6079998016,hampachuwar_31,681,11.8,10.6
2022-08-07,10.311000824,hampachuwar_31,681,11.8,10.6
2022-08-08,9.09000015259,hampachuwar_31,681,11.8,10.6
2022-08-09,8.7140007019,hampachuwar_31,681,11.8,10.6
2022-08-10,8.23200035095,hampachuwar_31,681,11.8,10.6
2022-08-11,7.90900039673,hampachuwar_31,681,11.8,10.6
2022-08-12,7.64600038528,hampachuwar_31,681,11.8,10.6
2022-08-13,6.8200006485,hampachuwar_31,681,11.8,10.6
2022-08-14,7.28299999237,hampachuwar_31,681,11.8,10.6
2022-08-15,7.34700012207,hampachuwar_31,681,11.8,10.6
2022-08-16,6.91499996185,hampachuwar_31,681,11.8,10.6
2022-08-17,6.11800003052,hampachuwar_31,681,11.8,10.6
2022-08-18,5.90100002289,hampachuwar_31,681,11.8,10.6
2022-08-19,7.41300010681,hampachuwar_31,681,11.8,10.6
2022-08-20,7.63000011444,hampachuwar_31,681,11.8,10.6
2022-08-21,6.90700054169,hampachuwar_31,681,11.8,10.6
2022-08-22,6.71300029755,hampachuwar_31,681,11.8,10.6
2022-08-23,5.97800064087,hampachuwar_31,681,11.8,10.6
2022-08-24,6.40600013733,hampachuwar_31,681,11.8,10.6
2022-08-25,5.93500041962,hampachuwar_31,681,11.8,10.6
2022-08-26,5.57999992371,hampachuwar_31,681,11.8,10.6
2022-08-27,5.79600048065,hampachuwar_31,681,11.8,10.6
2022-08-28,9.31500053406,hampachuwar_31,681,11.8,10.6
2022-08-29,9.42600059509,hampachuwar_31,681,11.8,10.6
2022-08-30,7.15600013733,hampachuwar_31,681,11.8,10.6
2022-08-31,7.29300022125,hampachuwar_31,681,11.8,10.6
2022-09-01,8.98100090027,hampachuwar_31,681,11.8,10.6
2022-09-02,8.9640007019,hampachuwar_31,681,11.8,10.6
2022-09-03,7.68500041962,hampachuwar_31,681,11.8,10.6
2022-09-04,8.10600090027,hampachuwar_31,681,11.8,10.6
2022-09-05,7.82899999619,hampachuwar_31,681,11.8,10.6
2022-09-06,7.31200027466,hampachuwar_31,681,11.8,10.6
2022-09-07,7.14000034332,hampachuwar_31,681,11.8,10.6
2022-09-13,7.15700006485,hampachuwar_31,681,11.8,10.6
2022-09-14,6.79300022125,hampachuwar_31,681,11.8,10.6
2022-09-15,7.48699998856,hampachuwar_31,681,11.8,10.6
2022-09-16,7.21700000763,hampachuwar_31,681,11.8,10.6
2022-09-17,7.34500026703,hampachuwar_31,681,11.8,10.6
2022-09-18,6.81900024414,hampachuwar_31,681,11.8,10.6
2022-09-19,6.40999984741,hampachuwar_31,681,11.8,10.6
2022-09-20,6.0860004425,hampachuwar_31,681,11.8,10.6
2022-09-21,5.85799980164,hampachuwar_31,681,11.8,10.6
2022-09-22,5.66300010681,hampachuwar_31,681,11.8,10.6
2022-09-23,5.46500015259,hampachuwar_31,681,11.8,10.6
2022-09-24,5.45400047302,hampachuwar_31,681,11.8,10.6
2022-09-25,5.44900035858,hampachuwar_31,681,11.8,10.6
2022-09-26,5.92500019073,hampachuwar_31,681,11.8,10.6
2022-09-27,5.48099994659,hampachuwar_31,681,11.8,10.6
2022-09-28,5.3140001297,hampachuwar_31,681,11.8,10.6
2022-09-29,5.27700042725,hampachuwar_31,681,11.8,10.6
2022-09-30,4.85900020599,hampachuwar_31,681,11.8,10.6
2022-10-01,4.72099971771,hampachuwar_31,681,11.8,10.6
2022-10-02,4.64300060272,hampachuwar_31,681,11.8,10.6
2022-10-03,4.39900016785,hampachuwar_31,681,11.8,10.6
2022-10-04,4.70300006866,hampachuwar_31,681,11.8,10.6
2022-10-05,6.48500061035,hampachuwar_31,681,11.8,10.6
2022-10-06,6.51900005341,hampachuwar_31,681,11.8,10.6
2022-10-07,6.15999984741,hampachuwar_31,681,11.8,10.6
2022-10-08,5.52900028229,hampachuwar_31,681,11.8,10.6
2022-10-09,5.09000015259,hampachuwar_31,681,11.8,10.6
2022-10-10,5.87300014496,hampachuwar_31,681,11.8,10.6
2022-10-11,5.09700012207,hampachuwar_31,681,11.8,10.6
2022-10-12,6.06599998474,hampachuwar_31,681,11.8,10.6
2022-10-13,5.36000061035,hampachuwar_31,681,11.8,10.6
2022-10-14,4.72300052643,hampachuwar_31,681,11.8,10.6
2022-10-15,4.42600059509,hampachuwar_31,681,11.8,10.6
2022-10-18,3.91300010681,hampachuwar_31,681,11.8,10.6
2022-10-19,3.82900047302,hampachuwar_31,681,11.8,10.6
2022-10-20,3.79800033569,hampachuwar_31,681,11.8,10.6
2022-10-21,3.68000030518,hampachuwar_31,681,11.8,10.6
2022-10-22,3.6310005188,hampachuwar_31,681,11.8,10.6
2022-10-23,3.55900001526,hampachuwar_31,681,11.8,10.6
2022-10-24,3.52700042725,hampachuwar_31,681,11.8,10.6
2022-10-25,3.52299976349,hampachuwar_31,681,11.8,10.6
2022-10-26,3.47200012207,hampachuwar_31,681,11.8,10.6
2022-10-27,3.3780002594,hampachuwar_31,681,11.8,10.6
2022-10-28,3.35599994659,hampachuwar_31,681,11.8,10.6
2022-10-29,3.31200027466,hampachuwar_31,681,11.8,10.6
2022-10-30,3.26300048828,hampachuwar_31,681,11.8,10.6
2022-10-31,3.22500038147,hampachuwar_31,681,11.8,10.6
2022-11-01,3.18300056458,hampachuwar_31,681,11.8,10.6
2022-11-02,3.12300014496,hampachuwar_31,681,11.8,10.6
2022-11-03,3.08699989319,hampachuwar_31,681,11.8,10.6
2022-11-04,3.05500030518,hampachuwar_31,681,11.8,10.6
2022-11-05,3.04100036621,hampachuwar_31,681,11.8,10.6
2022-11-06,3.01500034332,hampachuwar_31,681,11.8,10.6
2022-11-07,2.98099994659,hampachuwar_31,681,11.8,10.6
2022-11-08,2.92000007629,hampachuwar_31,681,11.8,10.6
2022-11-09,2.90799999237,hampachuwar_31,681,11.8,10.6
2022-11-10,2.88199996948,hampachuwar_31,681,11.8,10.6
2022-11-11,2.87699985504,hampachuwar_31,681,11.8,10.6
2022-11-12,2.85400009155,hampachuwar_31,681,11.8,10.6
2022-11-13,2.80500030518,hampachuwar_31,681,11.8,10.6
2022-11-14,2.77299976349,hampachuwar_31,681,11.8,10.6
2022-11-15,2.76100063324,hampachuwar_31,681,11.8,10.6
2022-11-16,2.72399997711,hampachuwar_31,681,11.8,10.6
2022-11-17,2.63300037384,hampachuwar_31,681,11.8,10.6
2022-11-18,2.66699981689,hampachuwar_31,681,11.8,10.6
2022-11-19,2.64599990845,hampachuwar_31,681,11.8,10.6
2022-11-20,2.58199977875,hampachuwar_31,681,11.8,10.6
2022-11-21,2.5670003891,hampachuwar_31,681,11.8,10.6
2022-11-22,2.53400039673,hampachuwar_31,681,11.8,10.6
2022-11-23,2.54199981689,hampachuwar_31,681,11.8,10.6
2022-11-24,2.47599983215,hampachuwar_31,681,11.8,10.6
2022-11-25,2.53100013733,hampachuwar_31,681,11.8,10.6
2022-11-26,2.50699996948,hampachuwar_31,681,11.8,10.6
2022-11-27,2.48000049591,hampachuwar_31,681,11.8,10.6
2022-11-28,2.42899990082,hampachuwar_31,681,11.8,10.6
2022-11-29,2.46300029755,hampachuwar_31,681,11.8,10.6
2022-11-30,2.45699977875,hampachuwar_31,681,11.8,10.6
2022-12-01,2.42700004578,hampachuwar_31,681,11.8,10.6
2022-12-02,2.39300060272,hampachuwar_31,681,11.8,10.6
2022-12-03,2.3810005188,hampachuwar_31,681,11.8,10.6
2022-12-04,2.38000011444,hampachuwar_31,681,11.8,10.6
2022-12-05,2.32999992371,hampachuwar_31,681,11.8,10.6
2022-12-06,2.32999992371,hampachuwar_31,681,11.8,10.6
2022-12-07,2.28499984741,hampachuwar_31,681,11.8,10.6
2022-12-08,2.26100063324,hampachuwar_31,681,11.8,10.6
2022-12-09,2.22000026703,hampachuwar_31,681,11.8,10.6
2022-12-13,2.22500038147,hampachuwar_31,681,11.8,10.6
2022-12-14,2.11299991608,hampachuwar_31,681,11.8,10.6
2022-12-15,2.07600021362,hampachuwar_31,681,11.8,10.6
2022-12-17,2.06599998474,hampachuwar_31,681,11.8,10.6
2022-12-19,2.10900020599,hampachuwar_31,681,11.8,10.6
2022-12-21,2.00100040436,hampachuwar_31,681,11.8,10.6
2022-12-22,2.04100036621,hampachuwar_31,681,11.8,10.6
2022-12-24,2.01000022888,hampachuwar_31,681,11.8,10.6
2022-12-25,1.94900035858,hampachuwar_31,681,11.8,10.6
2022-12-27,2.00899982452,hampachuwar_31,681,11.8,10.6
2022-12-28,1.99200057983,hampachuwar_31,681,11.8,10.6
2022-12-30,1.88199996948,hampachuwar_31,681,11.8,10.6
2023-01-02,1.94999980927,hampachuwar_31,681,11.8,10.6
2023-01-03,1.96800041199,hampachuwar_31,681,11.8,10.6
2023-01-04,1.89799976349,hampachuwar_31,681,11.8,10.6
2023-01-05,1.92700004578,hampachuwar_31,681,11.8,10.6
2023-01-06,1.90700054169,hampachuwar_31,681,11.8,10.6
2023-01-07,1.88700008392,hampachuwar_31,681,11.8,10.6
2023-01-08,1.85500049591,hampachuwar_31,681,11.8,10.6
2023-01-09,1.83300018311,hampachuwar_31,681,11.8,10.6
2023-01-10,1.85300064087,hampachuwar_31,681,11.8,10.6
2023-01-11,1.81200027466,hampachuwar_31,681,11.8,10.6
2023-01-12,1.82700061798,hampachuwar_31,681,11.8,10.6
2023-01-13,1.82299995422,hampachuwar_31,681,11.8,10.6
2023-01-14,1.77799987793,hampachuwar_31,681,11.8,10.6
2023-01-15,1.77799987793,hampachuwar_31,681,11.8,10.6
2023-01-16,1.73500061035,hampachuwar_31,681,11.8,10.6
2023-01-17,1.72599983215,hampachuwar_31,681,11.8,10.6
2023-01-18,1.70300006866,hampachuwar_31,681,11.8,10.6
2023-01-19,1.68799972534,hampachuwar_31,681,11.8,10.6
2023-01-20,1.6920003891,hampachuwar_31,681,11.8,10.6
2023-01-21,1.71500015259,hampachuwar_31,681,11.8,10.6
2023-01-22,1.71399974823,hampachuwar_31,681,11.8,10.6
2023-01-23,1.6859998703,hampachuwar_31,681,11.8,10.6
2023-01-24,1.65799999237,hampachuwar_31,681,11.8,10.6
2023-01-25,1.66400051117,hampachuwar_31,681,11.8,10.6
2023-01-26,1.62699985504,hampachuwar_31,681,11.8,10.6
2023-01-27,1.64200019836,hampachuwar_31,681,11.8,10.6
2023-01-28,1.64500045776,hampachuwar_31,681,11.8,10.6
2023-01-29,1.59899997711,hampachuwar_31,681,11.8,10.6
2023-01-30,1.58899974823,hampachuwar_31,681,11.8,10.6
2023-01-31,1.60599994659,hampachuwar_31,681,11.8,10.6
2023-02-01,1.61100006104,hampachuwar_31,681,11.8,10.6
2023-02-02,1.57900047302,hampachuwar_31,681,11.8,10.6
2023-02-03,1.57900047302,hampachuwar_31,681,11.8,10.6
2023-02-04,1.5700006485,hampachuwar_31,681,11.8,10.6
2023-02-05,1.55800056458,hampachuwar_31,681,11.8,10.6
2023-02-06,1.54300022125,hampachuwar_31,681,11.8,10.6
2023-02-07,1.52400016785,hampachuwar_31,681,11.8,10.6
2023-02-08,1.52600002289,hampachuwar_31,681,11.8,10.6
2023-02-09,1.52600002289,hampachuwar_31,681,11.8,10.6
2023-02-10,1.55800056458,hampachuwar_31,681,11.8,10.6
2023-02-11,1.5609998703,hampachuwar_31,681,11.8,10.6
2023-02-12,1.54500007629,hampachuwar_31,681,11.8,10.6
2023-02-13,1.48900032043,hampachuwar_31,681,11.8,10.6
2023-02-14,1.5060005188,hampachuwar_31,681,11.8,10.6
2023-02-15,1.53200054169,hampachuwar_31,681,11.8,10.6
2023-02-16,1.45699977875,hampachuwar_31,681,11.8,10.6
2023-02-17,1.4450006485,hampachuwar_31,681,11.8,10.6
2023-02-20,1.40499973297,hampachuwar_31,681,11.8,10.6
2023-02-21,1.49300003052,hampachuwar_31,681,11.8,10.6
2023-02-22,1.46000003815,hampachuwar_31,681,11.8,10.6
2023-02-26,1.42600059509,hampachuwar_31,681,11.8,10.6
2023-02-27,1.46700000763,hampachuwar_31,681,11.8,10.6
2023-02-28,1.47500038147,hampachuwar_31,681,11.8,10.6
2023-03-01,1.48000049591,hampachuwar_31,681,11.8,10.6
2023-03-03,1.46399974823,hampachuwar_31,681,11.8,10.6
2023-03-06,1.43000030518,hampachuwar_31,681,11.8,10.6
2023-03-07,1.44799995422,hampachuwar_31,681,11.8,10.6
2023-03-08,1.45200061798,hampachuwar_31,681,11.8,10.6
2023-03-09,1.41499996185,hampachuwar_31,681,11.8,10.6
2023-03-10,1.39200019836,hampachuwar_31,681,11.8,10.6
2023-03-11,1.40900039673,hampachuwar_31,681,11.8,10.6
2023-03-12,1.39300060272,hampachuwar_31,681,11.8,10.6
2023-03-13,1.32299995422,hampachuwar_31,681,11.8,10.6
2023-03-14,1.37699985504,hampachuwar_31,681,11.8,10.6
2023-03-17,1.30200004578,hampachuwar_31,681,11.8,10.6
2023-03-18,1.35599994659,hampachuwar_31,681,11.8,10.6
2023-03-19,1.42600059509,hampachuwar_31,681,11.8,10.6
2023-03-20,1.43799972534,hampachuwar_31,681,11.8,10.6
2023-03-21,1.66400051117,hampachuwar_31,681,11.8,10.6
2023-03-23,1.67500019073,hampachuwar_31,681,11.8,10.6
2023-03-24,1.5060005188,hampachuwar_31,681,11.8,10.6
2023-03-25,1.47500038147,hampachuwar_31,681,11.8,10.6
2023-03-26,1.41499996185,hampachuwar_31,681,11.8,10.6
2023-03-27,1.39000034332,hampachuwar_31,681,11.8,10.6
2023-03-28,1.39099979401,hampachuwar_31,681,11.8,10.6
2023-03-29,1.33199977875,hampachuwar_31,681,11.8,10.6
2023-03-30,1.29800033569,hampachuwar_31,681,11.8,10.6
2023-03-31,1.39500045776,hampachuwar_31,681,11.8,10.6
2023-04-01,1.76500034332,hampachuwar_31,681,11.8,10.6
2023-04-02,1.86000061035,hampachuwar_31,681,11.8,10.6
2023-04-03,1.61499977112,hampachuwar_31,681,11.8,10.6
2023-04-04,1.58500003815,hampachuwar_31,681,11.8,10.6
2023-04-05,1.52700042725,hampachuwar_31,681,11.8,10.6
2023-04-06,1.42000007629,hampachuwar_31,681,11.8,10.6
2023-04-07,1.44099998474,hampachuwar_31,681,11.8,10.6
2023-04-08,1.38700008392,hampachuwar_31,681,11.8,10.6
2023-04-15,1.34700012207,hampachuwar_31,681,11.8,10.6
2023-05-03,1.49100017548,hampachuwar_31,681,11.8,10.6
2023-05-04,1.48000049591,hampachuwar_31,681,11.8,10.6
2023-05-05,1.64700031281,hampachuwar_31,681,11.8,10.6
2023-05-06,1.66800022125,hampachuwar_31,681,11.8,10.6
2023-05-07,1.59500026703,hampachuwar_31,681,11.8,10.6
2023-05-08,1.52400016785,hampachuwar_31,681,11.8,10.6
2023-05-09,1.53999996185,hampachuwar_31,681,11.8,10.6
2023-05-10,1.47500038147,hampachuwar_31,681,11.8,10.6
2023-05-15,1.5860004425,hampachuwar_31,681,11.8,10.6
2023-05-16,1.66699981689,hampachuwar_31,681,11.8,10.6
2023-05-17,1.62900066376,hampachuwar_31,681,11.8,10.6
2023-05-18,1.71300029755,hampachuwar_31,681,11.8,10.6
2023-05-19,1.73500061035,hampachuwar_31,681,11.8,10.6
2023-05-20,1.81799983978,hampachuwar_31,681,11.8,10.6
2023-05-21,1.70600032806,hampachuwar_31,681,11.8,10.6
2023-05-22,1.76500034332,hampachuwar_31,681,11.8,10.6
2023-05-23,1.84100055695,hampachuwar_31,681,11.8,10.6
2023-05-24,1.75,hampachuwar_31,681,11.8,10.6
2023-05-25,1.81799983978,hampachuwar_31,681,11.8,10.6
2023-05-26,2.07299995422,hampachuwar_31,681,11.8,10.6
2023-05-27,2.32100009918,hampachuwar_31,681,11.8,10.6
2023-05-28,2.19000053406,hampachuwar_31,681,11.8,10.6
2023-05-29,2.10200023651,hampachuwar_31,681,11.8,10.6
2023-05-31,1.86200046539,hampachuwar_31,681,11.8,10.6
2023-06-01,1.99499988556,hampachuwar_31,681,11.8,10.6
2023-06-02,1.99800014496,hampachuwar_31,681,11.8,10.6
2023-06-03,2.01700019836,hampachuwar_31,681,11.8,10.6
2023-06-04,2.03499984741,hampachuwar_31,681,11.8,10.6
2023-06-05,1.90299987793,hampachuwar_31,681,11.8,10.6
2023-06-06,1.79600048065,hampachuwar_31,681,11.8,10.6
2023-06-10,1.95300006866,hampachuwar_31,681,11.8,10.6
2023-06-13,3.71700000763,hampachuwar_31,681,11.8,10.6
2023-06-14,4.02999973297,hampachuwar_31,681,11.8,10.6
2023-06-15,3.98200035095,hampachuwar_31,681,11.8,10.6
2023-06-16,4.59300041199,hampachuwar_31,681,11.8,10.6
2023-06-17,3.61400032043,hampachuwar_31,681,11.8,10.6
2023-06-18,4.78100013733,hampachuwar_31,681,11.8,10.6
2023-06-19,4.00899982452,hampachuwar_31,681,11.8,10.6
2023-06-20,4.86600017548,hampachuwar_31,681,11.8,10.6
2023-06-23,3.57499980927,hampachuwar_31,681,11.8,10.6
2023-06-24,5.36100006104,hampachuwar_31,681,11.8,10.6
2023-06-25,4.6920003891,hampachuwar_31,681,11.8,10.6
2023-06-26,4.36200046539,hampachuwar_31,681,11.8,10.6
2023-06-27,4.02400016785,hampachuwar_31,681,11.8,10.6
2023-06-28,4.68700027466,hampachuwar_31,681,11.8,10.6
2023-06-29,5.21000003815,hampachuwar_31,681,11.8,10.6
2023-06-30,5.9359998703,hampachuwar_31,681,11.8,10.6
2023-07-02,5.03900051117,hampachuwar_31,681,11.8,10.6
2023-07-06,5.45900058746,hampachuwar_31,681,11.8,10.6
2023-07-07,5.71700000763,hampachuwar_31,681,11.8,10.6
2023-07-08,6.19799995422,hampachuwar_31,681,11.8,10.6
2023-07-09,5.78700065613,hampachuwar_31,681,11.8,10.6
2023-07-10,5.59599971771,hampachuwar_31,681,11.8,10.6
2023-07-11,5.53999996185,hampachuwar_31,681,11.8,10.6
2023-07-12,5.43700027466,hampachuwar_31,681,11.8,10.6
2023-07-17,5.88899993896,hampachuwar_31,681,11.8,10.6
2023-07-18,7.73500013351,hampachuwar_31,681,11.8,10.6
2023-07-19,7.71700000763,hampachuwar_31,681,11.8,10.6
2023-07-21,5.52799987793,hampachuwar_31,681,11.8,10.6
2023-07-22,5.85000038147,hampachuwar_31,681,11.8,10.6
2023-07-23,6.53700065613,hampachuwar_31,681,11.8,10.6
2023-07-24,6.5640001297,hampachuwar_31,681,11.8,10.6
2023-07-25,6.66400051117,hampachuwar_31,681,11.8,10.6
2023-07-26,6.67700004578,hampachuwar_31,681,11.8,10.6
2023-07-27,5.77600002289,hampachuwar_31,681,11.8,10.6
2023-07-28,5.82999992371,hampachuwar_31,681,11.8,10.6
2023-07-29,5.58400058746,hampachuwar_31,681,11.8,10.6
2023-08-02,7.84899997711,hampachuwar_31,681,11.8,10.6
2023-08-03,7.18600034714,hampachuwar_31,681,11.8,10.6
2023-08-04,7.34100008011,hampachuwar_31,681,11.8,10.6
2023-08-05,7.242000103,hampachuwar_31,681,11.8,10.6
2023-08-06,6.93200016022,hampachuwar_31,681,11.8,10.6
2023-08-07,7.46000003815,hampachuwar_31,681,11.8,10.6
2023-08-08,8.73600006104,hampachuwar_31,681,11.8,10.6
2023-08-09,8.93700027466,hampachuwar_31,681,11.8,10.6
2023-08-10,7.64100027084,hampachuwar_31,681,11.8,10.6
2023-08-12,7.41300010681,hampachuwar_31,681,11.8,10.6
2023-08-13,9.86100006104,hampachuwar_31,681,11.8,10.6
2023-08-14,10.6770000458,hampachuwar_31,681,11.8,10.6
2023-08-15,8.31800079346,hampachuwar_31,681,11.8,10.6
2023-08-16,7.99399995804,hampachuwar_31,681,11.8,10.6
2023-08-17,8.35000038147,hampachuwar_31,681,11.8,10.6
2023-08-18,8.09399986267,hampachuwar_31,681,11.8,10.6
2023-08-19,7.50699996948,hampachuwar_31,681,11.8,10.6
2023-08-20,7.51900005341,hampachuwar_31,681,11.8,10.6
2023-08-21,7.15400028229,hampachuwar_31,681,11.8,10.6
2023-08-22,7.40900039673,hampachuwar_31,681,11.8,10.6
2023-08-23,6.88399982452,hampachuwar_31,681,11.8,10.6
2023-08-25,13.0609998703,hampachuwar_31,681,11.8,10.6
2023-08-26,11.8199996948,hampachuwar_31,681,11.8,10.6
2023-08-27,10.9630002975,hampachuwar_31,681,11.8,10.6
2023-08-28,9.80500030518,hampachuwar_31,681,11.8,10.6
2023-08-29,8.93700027466,hampachuwar_31,681,11.8,10.6
2023-08-30,8.27300071716,hampachuwar_31,681,11.8,10.6
2023-08-31,7.06500005722,hampachuwar_31,681,11.8,10.6
2023-09-01,6.77799987793,hampachuwar_31,681,11.8,10.6
2023-09-02,6.42000007629,hampachuwar_31,681,11.8,10.6
2023-09-03,6.15700054169,hampachuwar_31,681,11.8,10.6
2023-09-04,6.80599975586,hampachuwar_31,681,11.8,10.6
2023-09-05,6.06799983978,hampachuwar_31,681,11.8,10.6
2023-09-06,5.47900009155,hampachuwar_31,681,11.8,10.6
2023-09-07,5.13399982452,hampachuwar_31,681,11.8,10.6
2023-09-08,5.8780002594,hampachuwar_31,681,11.8,10.6
2023-09-09,5.61100006104,hampachuwar_31,681,11.8,10.6
2023-09-10,5.89700031281,hampachuwar_31,681,11.8,10.6
2023-09-11,5.65600013733,hampachuwar_31,681,11.8,10.6
2023-09-12,5.61499977112,hampachuwar_31,681,11.8,10.6
2023-09-13,5.72300052643,hampachuwar_31,681,11.8,10.6
2023-09-14,5.49100017548,hampachuwar_31,681,11.8,10.6
2023-09-15,5.22300052643,hampachuwar_31,681,11.8,10.6
2023-09-17,4.77400016785,hampachuwar_31,681,11.8,10.6
2023-09-18,5.3109998703,hampachuwar_31,681,11.8,10.6
2023-09-19,4.89099979401,hampachuwar_31,681,11.8,10.6
2023-09-20,4.88500022888,hampachuwar_31,681,11.8,10.6
2023-09-24,5.2110004425,hampachuwar_31,681,11.8,10.6
2023-09-25,5.29899978638,hampachuwar_31,681,11.8,10.6
2023-09-26,4.91699981689,hampachuwar_31,681,11.8,10.6
2023-10-01,4.31799983978,hampachuwar_31,681,11.8,10.6
2023-10-02,4.46899986267,hampachuwar_31,681,11.8,10.6
2023-10-03,5.23900032043,hampachuwar_31,681,11.8,10.6
2023-10-04,5.31299972534,hampachuwar_31,681,11.8,10.6
2023-10-05,6.35799980164,hampachuwar_31,681,11.8,10.6
2023-10-06,5.41600036621,hampachuwar_31,681,11.8,10.6
2023-10-07,5.11299991608,hampachuwar_31,681,11.8,10.6
2023-10-08,4.90900039673,hampachuwar_31,681,11.8,10.6
2023-10-09,4.76000022888,hampachuwar_31,681,11.8,10.6
2023-10-10,4.56900024414,hampachuwar_31,681,11.8,10.6
2023-10-11,4.56000041962,hampachuwar_31,681,11.8,10.6
2023-10-12,4.2560005188,hampachuwar_31,681,11.8,10.6
2023-10-14,3.96500015259,hampachuwar_31,681,11.8,10.6
2023-10-16,3.8360004425,hampachuwar_31,681,11.8,10.6
2023-10-17,3.76700019836,hampachuwar_31,681,11.8,10.6
2023-10-18,3.74600028992,hampachuwar_31,681,11.8,10.6
2023-10-19,3.63500022888,hampachuwar_31,681,11.8,10.6
2023-10-20,3.57299995422,hampachuwar_31,681,11.8,10.6
2023-10-21,3.49300003052,hampachuwar_31,681,11.8,10.6
2023-10-22,3.42700004578,hampachuwar_31,681,11.8,10.6
2023-10-23,3.38000011444,hampachuwar_31,681,11.8,10.6
2023-10-24,3.34200000763,hampachuwar_31,681,11.8,10.6
2023-10-25,3.30000019073,hampachuwar_31,681,11.8,10.6
2023-10-26,3.23799991608,hampachuwar_31,681,11.8,10.6
2023-10-27,3.23400020599,hampachuwar_31,681,11.8,10.6
2023-10-28,3.19400024414,hampachuwar_31,681,11.8,10.6
2023-10-29,3.14099979401,hampachuwar_31,681,11.8,10.6
2023-10-30,3.12699985504,hampachuwar_31,681,11.8,10.6
2023-10-31,3.07900047302,hampachuwar_31,681,11.8,10.6
2023-11-01,3.04699993134,hampachuwar_31,681,11.8,10.6
2023-11-02,3.01100063324,hampachuwar_31,681,11.8,10.6
2023-11-03,2.98500061035,hampachuwar_31,681,11.8,10.6
2023-11-04,2.93799972534,hampachuwar_31,681,11.8,10.6
2023-11-06,2.86299991608,hampachuwar_31,681,11.8,10.6
2023-11-07,2.875,hampachuwar_31,681,11.8,10.6
2023-11-08,2.84200000763,hampachuwar_31,681,11.8,10.6
2023-11-09,2.82400035858,hampachuwar_31,681,11.8,10.6
2023-11-10,2.78499984741,hampachuwar_31,681,11.8,10.6
2023-11-11,2.7750005722,hampachuwar_31,681,11.8,10.6
2023-11-12,2.70699977875,hampachuwar_31,681,11.8,10.6
2023-11-16,2.64599990845,hampachuwar_31,681,11.8,10.6
2023-11-17,2.61100006104,hampachuwar_31,681,11.8,10.6
2023-11-18,2.59300041199,hampachuwar_31,681,11.8,10.6
2023-12-27,1.90900039673,hampachuwar_31,681,11.8,10.6
2023-12-29,1.86900043488,hampachuwar_31,681,11.8,10.6
2023-12-30,1.91200065613,hampachuwar_31,681,11.8,10.6
2024-01-02,1.79100036621,hampachuwar_31,681,11.8,10.6
2024-02-17,1.40999984741,hampachuwar_31,681,11.8,10.6
2024-02-18,1.35300064087,hampachuwar_31,681,11.8,10.6
2024-02-19,6.30399990082,hampachuwar_31,681,11.8,10.6
2024-02-20,1.59700012207,hampachuwar_31,681,11.8,10.6
2024-02-23,3.67600059509,hampachuwar_31,681,11.8,10.6
2024-02-28,5.14799976349,hampachuwar_31,681,11.8,10.6
2024-03-02,4.21899986267,hampachuwar_31,681,11.8,10.6
2024-03-03,11.1920003891,hampachuwar_31,681,11.8,10.6
2024-03-04,1.36000061035,hampachuwar_31,681,11.8,10.6
2024-03-06,8.02799987793,hampachuwar_31,681,11.8,10.6
2024-03-08,1.25800037384,hampachuwar_31,681,11.8,10.6
2024-03-11,4.43799972534,hampachuwar_31,681,11.8,10.6
2024-03-12,10.8479995728,hampachuwar_31,681,11.8,10.6
2024-03-13,1.30100059509,hampachuwar_31,681,11.8,10.6
2024-03-14,1.20400047302,hampachuwar_31,681,11.8,10.6
2024-03-15,1.27799987793,hampachuwar_31,681,11.8,10.6
2024-03-16,1.2560005188,hampachuwar_31,681,11.8,10.6
2024-03-17,1.24499988556,hampachuwar_31,681,11.8,10.6
2024-03-18,1.1950006485,hampachuwar_31,681,11.8,10.6
2024-03-19,12.3480005264,hampachuwar_31,681,11.8,10.6
2024-03-20,3.50400066376,hampachuwar_31,681,11.8,10.6
2024-03-22,1.33899974823,hampachuwar_31,681,11.8,10.6
2024-03-23,1.48999977112,hampachuwar_31,681,11.8,10.6
2024-03-25,9.06900024414,hampachuwar_31,681,11.8,10.6
2024-03-28,1.50500011444,hampachuwar_31,681,11.8,10.6
2024-03-29,1.58199977875,hampachuwar_31,681,11.8,10.6
2024-04-01,1.48600006104,hampachuwar_31,681,11.8,10.6
2024-04-02,11.0740003586,hampachuwar_31,681,11.8,10.6
2024-04-04,1.4610004425,hampachuwar_31,681,11.8,10.6
2024-04-05,1.47200012207,hampachuwar_31,681,11.8,10.6
2024-04-06,1.4610004425,hampachuwar_31,681,11.8,10.6
2024-04-08,1.42500019073,hampachuwar_31,681,11.8,10.6
2024-04-09,1.43099975586,hampachuwar_31,681,11.8,10.6
2024-04-11,1.43200016022,hampachuwar_31,681,11.8,10.6
2024-04-20,1.43200016022,hampachuwar_31,681,11.8,10.6
2024-04-23,1.41300010681,hampachuwar_31,681,11.8,10.6
2024-04-24,1.36800003052,hampachuwar_31,681,11.8,10.6
2024-04-25,1.39500045776,hampachuwar_31,681,11.8,10.6
2024-04-27,1.22000026703,hampachuwar_31,681,11.8,10.6
2024-04-29,1.20100021362,hampachuwar_31,681,11.8,10.6
2024-04-30,1.31500053406,hampachuwar_31,681,11.8,10.6
2024-05-01,1.47300052643,hampachuwar_31,681,11.8,10.6
2024-05-02,1.48900032043,hampachuwar_31,681,11.8,10.6
2024-05-03,1.32700061798,hampachuwar_31,681,11.8,10.6
2024-05-04,1.26300048828,hampachuwar_31,681,11.8,10.6
2024-05-05,1.25899982452,hampachuwar_31,681,11.8,10.6
2024-05-06,1.34599971771,hampachuwar_31,681,11.8,10.6
2024-05-07,2.33199977875,hampachuwar_31,681,11.8,10.6
2024-05-08,2.33100032806,hampachuwar_31,681,11.8,10.6
2024-05-09,2.32299995422,hampachuwar_31,681,11.8,10.6
2024-05-10,1.49499988556,hampachuwar_31,681,11.8,10.6
2024-05-11,1.47900009155,hampachuwar_31,681,11.8,10.6
2024-05-12,1.75699996948,hampachuwar_31,681,11.8,10.6
2024-05-13,2.07400035858,hampachuwar_31,681,11.8,10.6
2024-05-14,1.76500034332,hampachuwar_31,681,11.8,10.6
2024-05-15,1.66699981689,hampachuwar_31,681,11.8,10.6
2024-05-16,1.71000003815,hampachuwar_31,681,11.8,10.6
2024-05-17,1.64500045776,hampachuwar_31,681,11.8,10.6
2024-05-18,1.57600021362,hampachuwar_31,681,11.8,10.6
2024-05-19,1.61700057983,hampachuwar_31,681,11.8,10.6
2024-05-20,1.87699985504,hampachuwar_31,681,11.8,10.6
2024-05-21,1.88899993896,hampachuwar_31,681,11.8,10.6
2024-05-22,1.7560005188,hampachuwar_31,681,11.8,10.6
2024-05-23,1.71399974823,hampachuwar_31,681,11.8,10.6
2024-05-24,1.93500041962,hampachuwar_31,681,11.8,10.6
2024-05-25,1.82400035858,hampachuwar_31,681,11.8,10.6
2024-05-26,1.81000041962,hampachuwar_31,681,11.8,10.6
2024-05-27,2.25100040436,hampachuwar_31,681,11.8,10.6
2024-05-28,2.91699981689,hampachuwar_31,681,11.8,10.6
2024-05-29,2.93200016022,hampachuwar_31,681,11.8,10.6
2024-05-30,2.5609998703,hampachuwar_31,681,11.8,10.6
2024-05-31,2.36200046539,hampachuwar_31,681,11.8,10.6
2024-06-01,2.28100013733,hampachuwar_31,681,11.8,10.6
2024-06-02,2.28100013733,hampachuwar_31,681,11.8,10.6
2024-06-03,2.19299983978,hampachuwar_31,681,11.8,10.6
2024-06-04,2.1310005188,hampachuwar_31,681,11.8,10.6
2024-06-05,2.16800022125,hampachuwar_31,681,11.8,10.6
2024-06-06,2.16600036621,hampachuwar_31,681,11.8,10.6
2024-06-07,2.15299987793,hampachuwar_31,681,11.8,10.6
2024-06-08,2.15600013733,hampachuwar_31,681,11.8,10.6
2024-06-09,2.28299999237,hampachuwar_31,681,11.8,10.6
2024-06-10,2.36800003052,hampachuwar_31,681,11.8,10.6
2024-06-11,2.42800045013,hampachuwar_31,681,11.8,10.6
2024-06-12,3.04800033569,hampachuwar_31,681,11.8,10.6
2024-06-13,3.02999973297,hampachuwar_31,681,11.8,10.6
2024-06-14,2.90499973297,hampachuwar_31,681,11.8,10.6
2024-06-15,3.05800056458,hampachuwar_31,681,11.8,10.6
2024-06-16,3.16100025177,hampachuwar_31,681,11.8,10.6
2024-06-17,3.45800018311,hampachuwar_31,681,11.8,10.6
2024-06-18,3.25699996948,hampachuwar_31,681,11.8,10.6
2024-06-19,4.69799995422,hampachuwar_31,681,11.8,10.6
2024-06-20,6.63199996948,hampachuwar_31,681,11.8,10.6
2024-06-21,4.16300010681,hampachuwar_31,681,11.8,10.6
2024-06-22,3.99300003052,hampachuwar_31,681,11.8,10.6
2024-06-23,4.02900028229,hampachuwar_31,681,11.8,10.6
2024-06-24,4.53499984741,hampachuwar_31,681,11.8,10.6
2024-06-25,4.51000022888,hampachuwar_31,681,11.8,10.6
2024-06-26,6.73400020599,hampachuwar_31,681,11.8,10.6
2024-06-27,6.34899997711,hampachuwar_31,681,11.8,10.6
2024-06-28,6.23600006104,hampachuwar_31,681,11.8,10.6
2024-06-29,7.09600019455,hampachuwar_31,681,11.8,10.6
2024-06-30,7.30900001526,hampachuwar_31,681,11.8,10.6
2024-07-01,7.04699993134,hampachuwar_31,681,11.8,10.6
2024-07-02,7.80200004578,hampachuwar_31,681,11.8,10.6
2024-07-03,7.53500032425,hampachuwar_31,681,11.8,10.6
2024-07-04,6.25800037384,hampachuwar_31,681,11.8,10.6
2024-07-05,6.71500015259,hampachuwar_31,681,11.8,10.6
2024-07-06,11.0230007172,hampachuwar_31,681,11.8,10.6
2024-07-07,11.501999855,hampachuwar_31,681,11.8,10.6
2024-07-08,8.5640001297,hampachuwar_31,681,11.8,10.6
2024-07-09,9.10200023651,hampachuwar_31,681,11.8,10.6
2024-07-10,8.62100028992,hampachuwar_31,681,11.8,10.6
2024-07-11,7.7610001564,hampachuwar_31,681,11.8,10.6
2024-07-12,7.92900037766,hampachuwar_31,681,11.8,10.6
2024-07-13,7.48600006104,hampachuwar_31,681,11.8,10.6
2024-07-14,6.59200000763,hampachuwar_31,681,11.8,10.6
2024-07-15,8.92399978638,hampachuwar_31,681,11.8,10.6
2024-07-16,8.71899986267,hampachuwar_31,681,11.8,10.6
2024-07-17,7.92600011826,hampachuwar_31,681,11.8,10.6
2024-07-18,6.72599983215,hampachuwar_31,681,11.8,10.6
2024-07-19,9.87400054932,hampachuwar_31,681,11.8,10.6
2024-07-20,9.34200000763,hampachuwar_31,681,11.8,10.6
2024-07-21,8.01600074768,hampachuwar_31,681,11.8,10.6
2024-07-22,7.69300031662,hampachuwar_31,681,11.8,10.6
2024-07-23,7.40300035477,hampachuwar_31,681,11.8,10.6
2024-07-24,7.23900032043,hampachuwar_31,681,11.8,10.6
2024-07-25,7.49700021744,hampachuwar_31,681,11.8,10.6
2024-07-26,8.6890001297,hampachuwar_31,681,11.8,10.6
2024-07-27,7.80800008774,hampachuwar_31,681,11.8,10.6
2024-07-28,8.17300033569,hampachuwar_31,681,11.8,10.6
2024-07-29,8.07800006866,hampachuwar_31,681,11.8,10.6
2024-07-30,7.45300006866,hampachuwar_31,681,11.8,10.6
2024-07-31,9.84799957275,hampachuwar_31,681,11.8,10.6
2024-08-01,8.95100021362,hampachuwar_31,681,11.8,10.6
2024-08-02,7.9310002327,hampachuwar_31,681,11.8,10.6
2024-08-03,7.64600038528,hampachuwar_31,681,11.8,10.6
2024-08-04,7.98200035095,hampachuwar_31,681,11.8,10.6
2024-08-05,6.96899986267,hampachuwar_31,681,11.8,10.6
2024-08-06,8.72900009155,hampachuwar_31,681,11.8,10.6
2024-08-07,10.2919998169,hampachuwar_31,681,11.8,10.6
2024-08-08,10.1879997253,hampachuwar_31,681,11.8,10.6
2024-08-09,10.0039997101,hampachuwar_31,681,11.8,10.6
2024-08-10,9.36000061035,hampachuwar_31,681,11.8,10.6
2024-08-11,9.4969997406,hampachuwar_31,681,11.8,10.6
2024-08-12,9.08300018311,hampachuwar_31,681,11.8,10.6
2024-08-13,9.6189994812,hampachuwar_31,681,11.8,10.6
2024-08-14,8.77000045776,hampachuwar_31,681,11.8,10.6
2024-08-15,8.68400001526,hampachuwar_31,681,11.8,10.6
2024-08-16,7.73500013351,hampachuwar_31,681,11.8,10.6
2024-08-17,7.67500019073,hampachuwar_31,681,11.8,10.6
2024-08-20,8.88700008392,hampachuwar_31,681,11.8,10.6
2024-08-22,8.59399986267,hampachuwar_31,681,11.8,10.6
2024-08-24,7.94799995422,hampachuwar_31,681,11.8,10.6
2024-08-25,8.9390001297,hampachuwar_31,681,11.8,10.6
2024-08-26,7.66200017929,hampachuwar_31,681,11.8,10.6
2024-08-27,7.15000009537,hampachuwar_31,681,11.8,10.6
2024-09-01,6.55500030518,hampachuwar_31,681,11.8,10.6
2024-09-07,8.19099998474,hampachuwar_31,681,11.8,10.6
2024-09-08,7.61100006104,hampachuwar_31,681,11.8,10.6
2024-09-09,7.5140004158,hampachuwar_31,681,11.8,10.6
2024-09-10,6.97099971771,hampachuwar_31,681,11.8,10.6
2024-09-11,6.57900047302,hampachuwar_31,681,11.8,10.6
2024-09-20,5.14599990845,hampachuwar_31,681,11.8,10.6
2024-09-23,4.8360004425,hampachuwar_31,681,11.8,10.6
2024-09-24,4.84599971771,hampachuwar_31,681,11.8,10.6
2024-09-25,5.74100017548,hampachuwar_31,681,11.8,10.6
2024-09-26,5.28999996185,hampachuwar_31,681,11.8,10.6
2024-09-27,8.30400085449,hampachuwar_31,681,11.8,10.6
2024-09-28,14.5030002594,hampachuwar_31,681,11.8,10.6
2025-06-12,3.20610046387,hampachuwar_31,681,11.8,10.6
2025-06-13,3.48200035095,hampachuwar_31,681,11.8,10.6
2025-06-14,3.72169971466,hampachuwar_31,681,11.8,10.6
2025-06-15,4.06970024109,hampachuwar_31,681,11.8,10.6
2025-06-16,4.28450012207,hampachuwar_31,681,11.8,10.6
2025-06-17,5.12829971313,hampachuwar_31,681,11.8,10.6
2025-06-18,5.54310035706,hampachuwar_31,681,11.8,10.6
2025-06-19,5.36400032043,hampachuwar_31,681,11.8,10.6
2025-06-20,5.49429988861,hampachuwar_31,681,11.8,10.6
2025-06-21,5.14750003815,hampachuwar_31,681,11.8,10.6
2025-06-22,5.65670013428,hampachuwar_31,681,11.8,10.6
2025-06-23,5.51109981537,hampachuwar_31,681,11.8,10.6
2025-06-24,5.95670032501,hampachuwar_31,681,11.8,10.6
2025-06-29,5.45660018921,hampachuwar_31,681,11.8,10.6
2025-06-30,6.63770008087,hampachuwar_31,681,11.8,10.6
2025-07-01,5.85439968109,hampachuwar_31,681,11.8,10.6
2025-07-02,6.36040019989,hampachuwar_31,681,11.8,10.6
2025-07-03,6.18809986115,hampachuwar_31,681,11.8,10.6
2025-07-04,7.08220005035,hampachuwar_31,681,11.8,10.6
2025-07-05,7.01900005341,hampachuwar_31,681,11.8,10.6
2025-07-06,6.24209976196,hampachuwar_31,681,11.8,10.6
2025-07-07,6.16919994354,hampachuwar_31,681,11.8,10.6
2025-07-08,5.7123003006,hampachuwar_31,681,11.8,10.6
2025-07-09,7.26039981842,hampachuwar_31,681,11.8,10.6
2025-07-10,7.67269992828,hampachuwar_31,681,11.8,10.6
2025-07-11,6.7311000824,hampachuwar_31,681,11.8,10.6
2025-07-12,5.73050022125,hampachuwar_31,681,11.8,10.6
2025-07-13,5.98620033264,hampachuwar_31,681,11.8,10.6
2025-07-14,6.24240016937,hampachuwar_31,681,11.8,10.6
2025-07-15,6.79450035095,hampachuwar_31,681,11.8,10.6
2025-07-16,6.96310043335,hampachuwar_31,681,11.8,10.6
2025-07-17,6.40680027008,hampachuwar_31,681,11.8,10.6
2025-07-18,5.97850036621,hampachuwar_31,681,11.8,10.6
2025-07-19,5.77880001068,hampachuwar_31,681,11.8,10.6
2025-07-20,8.06839942932,hampachuwar_31,681,11.8,10.6
2025-07-21,7.18200016022,hampachuwar_31,681,11.8,10.6
2025-07-22,6.86719989777,hampachuwar_31,681,11.8,10.6
2025-07-23,7.83969974518,hampachuwar_31,681,11.8,10.6
2025-07-24,7.43020057678,hampachuwar_31,681,11.8,10.6
2025-07-25,6.59679985046,hampachuwar_31,681,11.8,10.6
2025-07-26,6.77270030975,hampachuwar_31,681,11.8,10.6
2025-07-27,6.77600002289,hampachuwar_31,681,11.8,10.6
2025-07-28,7.66050052643,hampachuwar_31,681,11.8,10.6
2025-07-29,8.44499969482,hampachuwar_31,681,11.8,10.6
2025-07-30,7.69089984894,hampachuwar_31,681,11.8,10.6
2025-07-31,7.7125005722,hampachuwar_31,681,11.8,10.6
2025-08-01,7.13319969177,hampachuwar_31,681,11.8,10.6
2025-08-02,7.60210037231,hampachuwar_31,681,11.8,10.6
2025-08-03,8.856300354,hampachuwar_31,681,11.8,10.6
2025-08-04,9.00810050964,hampachuwar_31,681,11.8,10.6
2025-08-05,8.34409999847,hampachuwar_31,681,11.8,10.6
2025-08-06,8.24920082092,hampachuwar_31,681,11.8,10.6
2025-08-07,7.23859977722,hampachuwar_31,681,11.8,10.6
2025-08-08,7.59450054169,hampachuwar_31,681,11.8,10.6
2025-08-09,9.4953994751,hampachuwar_31,681,11.8,10.6
2025-08-10,8.0392999649,hampachuwar_31,681,11.8,10.6
2025-08-11,8.54979991913,hampachuwar_31,681,11.8,10.6
2025-08-12,8.46120071411,hampachuwar_31,681,11.8,10.6
2025-08-13,8.18039989471,hampachuwar_31,681,11.8,10.6
2025-08-14,8.80500030518,hampachuwar_31,681,11.8,10.6
2025-08-15,8.01290035248,hampachuwar_31,681,11.8,10.6
2025-08-16,7.5656003952,hampachuwar_31,681,11.8,10.6
2025-08-17,7.58330059052,hampachuwar_31,681,11.8,10.6
2025-08-18,7.71129989624,hampachuwar_31,681,11.8,10.6
2025-08-19,7.74270057678,hampachuwar_31,681,11.8,10.6
2025-08-20,7.36509990692,hampachuwar_31,681,11.8,10.6
2025-08-21,7.11530017853,hampachuwar_31,681,11.8,10.6
2025-08-22,7.68080043793,hampachuwar_31,681,11.8,10.6
2025-08-23,8.03269958496,hampachuwar_31,681,11.8,10.6
2025-08-24,7.18039989471,hampachuwar_31,681,11.8,10.6
2025-08-25,7.10270023346,hampachuwar_31,681,11.8,10.6
2025-08-26,6.606300354,hampachuwar_31,681,11.8,10.6
2025-08-27,7.11159992218,hampachuwar_31,681,11.8,10.6
2025-08-28,8.11420059204,hampachuwar_31,681,11.8,10.6
2025-08-29,8.88730049133,hampachuwar_31,681,11.8,10.6
2025-08-30,8.55170059204,hampachuwar_31,681,11.8,10.6
2025-08-31,8.85960006714,hampachuwar_31,681,11.8,10.6
2025-09-01,9.92379951477,hampachuwar_31,681,11.8,10.6
2025-09-02,8.78409957886,hampachuwar_31,681,11.8,10.6
2025-09-03,7.76360034943,hampachuwar_31,681,11.8,10.6
2025-09-04,7.78789997101,hampachuwar_31,681,11.8,10.6
2025-09-05,7.04699993134,hampachuwar_31,681,11.8,10.6
2025-09-06,7.51640033722,hampachuwar_31,681,11.8,10.6
2025-09-07,7.79269981384,hampachuwar_31,681,11.8,10.6
2025-09-08,7.67640018463,hampachuwar_31,681,11.8,10.6
2025-09-09,8.34449958801,hampachuwar_31,681,11.8,10.6
2025-09-10,7.92050027847,hampachuwar_31,681,11.8,10.6
2025-09-11,8.28630065918,hampachuwar_31,681,11.8,10.6
2025-09-12,8.10510063171,hampachuwar_31,681,11.8,10.6
2025-09-13,8.02970027924,hampachuwar_31,681,11.8,10.6
2025-09-14,8.43810081482,hampachuwar_31,681,11.8,10.6
2025-09-15,8.49580001831,hampachuwar_31,681,11.8,10.6
2025-09-16,9.09479999542,hampachuwar_31,681,11.8,10.6
2025-09-17,9.2923002243,hampachuwar_31,681,11.8,10.6
2025-09-18,8.96140003204,hampachuwar_31,681,11.8,10.6
2025-09-19,8.47609996796,hampachuwar_31,681,11.8,10.6
2025-09-20,8.30140018463,hampachuwar_31,681,11.8,10.6
2025-09-21,7.66989994049,hampachuwar_31,681,11.8,10.6
2025-09-22,7.49349975586,hampachuwar_31,681,11.8,10.6
2025-09-23,7.00549983978,hampachuwar_31,681,11.8,10.6
2025-09-24,6.58049964905,hampachuwar_31,681,11.8,10.6
2025-09-25,6.7484998703,hampachuwar_31,681,11.8,10.6
2025-09-26,6.13230037689,hampachuwar_31,681,11.8,10.6
2025-09-27,6.26420021057,hampachuwar_31,681,11.8,10.6
2025-09-28,5.91320037842,hampachuwar_31,681,11.8,10.6
2025-09-29,6.57369995117,hampachuwar_31,681,11.8,10.6
2025-09-30,6.42129993439,hampachuwar_31,681,11.8,10.6
2025-10-01,6.17689990997,hampachuwar_31,681,11.8,10.6
2025-10-02,6.37820053101,hampachuwar_31,681,11.8,10.6
2025-10-03,6.24660015106,hampachuwar_31,681,11.8,10.6
2025-10-04,7.28400039673,hampachuwar_31,681,11.8,10.6
2025-10-05,14.2630004883,hampachuwar_31,681,11.8,10.6
2025-10-06,12.1156997681,hampachuwar_31,681,11.8,10.6
2025-10-07,8.06730079651,hampachuwar_31,681,11.8,10.6
2025-10-08,7.09879970551,hampachuwar_31,681,11.8,10.6
2025-10-09,6.55459976196,hampachuwar_31,681,11.8,10.6
2025-10-10,6.14939975739,hampachuwar_31,681,11.8,10.6
2025-10-11,5.78579998016,hampachuwar_31,681,11.8,10.6
2025-10-12,5.52850055695,hampachuwar_31,681,11.8,10.6
2025-10-13,5.31910037994,hampachuwar_31,681,11.8,10.6
2025-10-14,5.17129993439,hampachuwar_31,681,11.8,10.6
2025-10-15,5.01500034332,hampachuwar_31,681,11.8,10.6
2025-10-16,4.87090015411,hampachuwar_31,681,11.8,10.6
2025-10-17,4.77910041809,hampachuwar_31,681,11.8,10.6
2025-10-18,4.62909984589,hampachuwar_31,681,11.8,10.6
2025-10-19,4.53390026093,hampachuwar_31,681,11.8,10.6
2025-10-20,4.44630050659,hampachuwar_31,681,11.8,10.6
2025-10-21,4.33040046692,hampachuwar_31,681,11.8,10.6
2025-10-22,4.23970031738,hampachuwar_31,681,11.8,10.6
2025-10-23,4.17360019684,hampachuwar_31,681,11.8,10.6
2025-10-24,4.13339996338,hampachuwar_31,681,11.8,10.6
2025-10-25,4.05870056152,hampachuwar_31,681,11.8,10.6
2025-10-26,3.98929977417,hampachuwar_31,681,11.8,10.6
2025-10-27,3.92420005798,hampachuwar_31,681,11.8,10.6
2025-10-28,3.88959980011,hampachuwar_31,681,11.8,10.6
2025-10-29,4.03299999237,hampachuwar_31,681,11.8,10.6
2025-10-30,4.02229976654,hampachuwar_31,681,11.8,10.6
2025-10-31,6.00059986115,hampachuwar_31,681,11.8,10.6
2025-11-01,5.84730052948,hampachuwar_31,681,11.8,10.6
2025-11-02,6.02690029144,hampachuwar_31,681,11.8,10.6
2025-11-03,4.82730007172,hampachuwar_31,681,11.8,10.6
2025-11-04,4.39290046692,hampachuwar_31,681,11.8,10.6
2025-11-05,4.16330051422,hampachuwar_31,681,11.8,10.6
2025-11-06,4.03970050812,hampachuwar_31,681,11.8,10.6
2025-11-07,3.94700050354,hampachuwar_31,681,11.8,10.6
2025-11-08,3.85850048065,hampachuwar_31,681,11.8,10.6
2025-11-09,3.81360054016,hampachuwar_31,681,11.8,10.6
2025-11-10,3.77070045471,hampachuwar_31,681,11.8,10.6
2025-11-11,3.74060058594,hampachuwar_31,681,11.8,10.6
2025-11-12,3.67339992523,hampachuwar_31,681,11.8,10.6
2025-11-13,3.64790058136,hampachuwar_31,681,11.8,10.6
2025-11-14,3.59920024872,hampachuwar_31,681,11.8,10.6
2025-11-15,3.53740024567,hampachuwar_31,681,11.8,10.6
2025-11-16,3.50080013275,hampachuwar_31,681,11.8,10.6
2025-11-17,3.44970035553,hampachuwar_31,681,11.8,10.6
2025-11-18,3.4217004776,hampachuwar_31,681,11.8,10.6
2025-11-19,3.3720998764,hampachuwar_31,681,11.8,10.6
2025-11-20,3.36340045929,hampachuwar_31,681,11.8,10.6
2025-11-21,3.33860015869,hampachuwar_31,681,11.8,10.6
2025-11-22,3.30319976807,hampachuwar_31,681,11.8,10.6
2025-11-23,3.27150058746,hampachuwar_31,681,11.8,10.6
2025-11-24,3.24149990082,hampachuwar_31,681,11.8,10.6
2025-11-25,3.19429969788,hampachuwar_31,681,11.8,10.6
2025-11-26,3.17520046234,hampachuwar_31,681,11.8,10.6
2025-11-27,3.14760017395,hampachuwar_31,681,11.8,10.6
2025-11-28,3.12839984894,hampachuwar_31,681,11.8,10.6
2025-11-29,3.10840034485,hampachuwar_31,681,11.8,10.6
2025-11-30,3.07610034943,hampachuwar_31,681,11.8,10.6
2025-12-01,3.07579994202,hampachuwar_31,681,11.8,10.6
2025-12-02,3.03859996796,hampachuwar_31,681,11.8,10.6
2025-12-03,3.01329994202,hampachuwar_31,681,11.8,10.6
2025-12-04,2.99230003357,hampachuwar_31,681,11.8,10.6
2025-12-05,2.97589969635,hampachuwar_31,681,11.8,10.6
2025-12-06,2.96040058136,hampachuwar_31,681,11.8,10.6
2025-12-07,2.94140052795,hampachuwar_31,681,11.8,10.6
2025-12-08,2.91650009155,hampachuwar_31,681,11.8,10.6
2025-12-09,2.87450027466,hampachuwar_31,681,11.8,10.6
2025-12-10,2.88290023804,hampachuwar_31,681,11.8,10.6
2025-12-11,2.85239982605,hampachuwar_31,681,11.8,10.6
2025-12-12,2.84150028229,hampachuwar_31,681,11.8,10.6
2025-12-13,2.82149982452,hampachuwar_31,681,11.8,10.6
2025-12-14,2.80380058289,hampachuwar_31,681,11.8,10.6
2025-12-15,2.77649974823,hampachuwar_31,681,11.8,10.6
2025-12-16,2.76570034027,hampachuwar_31,681,11.8,10.6
2025-12-17,2.74960041046,hampachuwar_31,681,11.8,10.6
2025-12-18,2.74650001526,hampachuwar_31,681,11.8,10.6
2025-12-19,2.72130012512,hampachuwar_31,681,11.8,10.6
2025-12-20,2.71500015259,hampachuwar_31,681,11.8,10.6
2025-12-21,2.71360015869,hampachuwar_31,681,11.8,10.6
2025-12-22,2.71049976349,hampachuwar_31,681,11.8,10.6
2025-12-23,2.67800045013,hampachuwar_31,681,11.8,10.6
2025-12-24,2.66160011292,hampachuwar_31,681,11.8,10.6
2025-12-25,2.64879989624,hampachuwar_31,681,11.8,10.6
2025-12-26,2.59720039368,hampachuwar_31,681,11.8,10.6
2025-12-27,2.61789989471,hampachuwar_31,681,11.8,10.6
2025-12-28,2.62020015717,hampachuwar_31,681,11.8,10.6
2025-12-29,2.58860015869,hampachuwar_31,681,11.8,10.6
2025-12-30,2.56270027161,hampachuwar_31,681,11.8,10.6
2025-12-31,2.57190036774,hampachuwar_31,681,11.8,10.6
2026-01-01,2.54030036926,hampachuwar_31,681,11.8,10.6
2026-01-02,2.52430057526,hampachuwar_31,681,11.8,10.6
2026-01-03,2.53559970856,hampachuwar_31,681,11.8,10.6
2026-01-04,2.4983997345,hampachuwar_31,681,11.8,10.6
2026-01-05,2.49390029907,hampachuwar_31,681,11.8,10.6
2026-01-06,2.47150039673,hampachuwar_31,681,11.8,10.6
2026-01-07,2.47060012817,hampachuwar_31,681,11.8,10.6
2026-01-08,2.45970058441,hampachuwar_31,681,11.8,10.6
2026-01-09,2.43669986725,hampachuwar_31,681,11.8,10.6
2026-01-10,2.44999980927,hampachuwar_31,681,11.8,10.6
2026-01-11,2.41510009766,hampachuwar_31,681,11.8,10.6
2026-01-12,2.38389968872,hampachuwar_31,681,11.8,10.6
2026-01-13,2.41829967499,hampachuwar_31,681,11.8,10.6
2026-01-14,2.36490058899,hampachuwar_31,681,11.8,10.6
2026-01-15,2.38500022888,hampachuwar_31,681,11.8,10.6
2026-01-16,2.34049987793,hampachuwar_31,681,11.8,10.6
2026-01-17,2.36400032043,hampachuwar_31,681,11.8,10.6
2026-01-18,2.34920024872,hampachuwar_31,681,11.8,10.6
2026-01-19,2.32229995728,hampachuwar_31,681,11.8,10.6
2026-01-20,2.31809997559,hampachuwar_31,681,11.8,10.6
2026-01-21,2.3080997467,hampachuwar_31,681,11.8,10.6
2026-01-22,2.27740001678,hampachuwar_31,681,11.8,10.6
2026-01-23,2.27659988403,hampachuwar_31,681,11.8,10.6
2026-01-24,2.27620029449,hampachuwar_31,681,11.8,10.6
2026-01-25,2.25759983063,hampachuwar_31,681,11.8,10.6
2026-01-26,2.25940036774,hampachuwar_31,681,11.8,10.6
2026-01-27,2.2311000824,hampachuwar_31,681,11.8,10.6
2026-01-28,2.2125005722,hampachuwar_31,681,11.8,10.6
2026-02-11,2.26860046387,hampachuwar_31,681,11.8,10.6
2026-02-12,2.26720046997,hampachuwar_31,681,11.8,10.6
2026-02-13,2.18340015411,hampachuwar_31,681,11.8,10.6
2026-02-14,2.1830997467,hampachuwar_31,681,11.8,10.6
2026-02-15,2.26850032806,hampachuwar_31,681,11.8,10.6
2026-02-16,2.25889968872,hampachuwar_31,681,11.8,10.6
2026-02-17,2.25619983673,hampachuwar_31,681,11.8,10.6
2026-02-18,2.25479984283,hampachuwar_31,681,11.8,10.6
2026-02-19,2.25860023499,hampachuwar_31,681,11.8,10.6
2026-02-20,2.26150035858,hampachuwar_31,681,11.8,10.6
2026-02-21,2.26090049744,hampachuwar_31,681,11.8,10.6
2026-02-22,2.26140022278,hampachuwar_31,681,11.8,10.6
2026-02-23,2.26360034943,hampachuwar_31,681,11.8,10.6
2026-02-24,2.26049995422,hampachuwar_31,681,11.8,10.6
2026-02-25,2.26150035858,hampachuwar_31,681,11.8,10.6
2026-02-26,2.26140022278,hampachuwar_31,681,11.8,10.6
2026-02-27,2.26200008392,hampachuwar_31,681,11.8,10.6
2026-02-28,2.26350021362,hampachuwar_31,681,11.8,10.6
2026-03-01,2.26449966431,hampachuwar_31,681,11.8,10.6
2026-03-02,2.26500034332,hampachuwar_31,681,11.8,10.6
2026-03-03,2.16790008545,hampachuwar_31,681,11.8,10.6
2026-03-04,2.16969966888,hampachuwar_31,681,11.8,10.6
2026-03-05,2.17500019073,hampachuwar_31,681,11.8,10.6
2026-03-06,2.16989994049,hampachuwar_31,681,11.8,10.6
2026-03-07,2.03970050812,hampachuwar_31,681,11.8,10.6
2026-03-08,2.26090049744,hampachuwar_31,681,11.8,10.6
2026-03-09,2.25880050659,hampachuwar_31,681,11.8,10.6
2026-03-10,2.05049991608,hampachuwar_31,681,11.8,10.6
2026-03-11,2.25390052795,hampachuwar_31,681,11.8,10.6
2026-03-12,2.24779987335,hampachuwar_31,681,11.8,10.6
2026-03-13,2.13329982758,hampachuwar_31,681,11.8,10.6
2026-03-14,2.30500030518,hampachuwar_31,681,11.8,10.6
2026-03-15,2.26070022583,hampachuwar_31,681,11.8,10.6
2026-03-16,2.15270042419,hampachuwar_31,681,11.8,10.6
2026-03-17,2.1205997467,hampachuwar_31,681,11.8,10.6
2026-03-18,2.07779979706,hampachuwar_31,681,11.8,10.6
2026-03-26,2.10820007324,hampachuwar_31,681,11.8,10.6
2026-03-27,2.13520050049,hampachuwar_31,681,11.8,10.6
2026-03-28,2.60029983521,hampachuwar_31,681,11.8,10.6
2026-03-29,2.69400024414,hampachuwar_31,681,11.8,10.6
2026-03-30,2.41829967499,hampachuwar_31,681,11.8,10.6
2026-03-31,2.23099994659,hampachuwar_31,681,11.8,10.6
2026-04-01,2.24230003357,hampachuwar_31,681,11.8,10.6
2026-04-02,2.26949977875,hampachuwar_31,681,11.8,10.6
2026-04-03,2.20279979706,hampachuwar_31,681,11.8,10.6
2026-04-04,2.16610050201,hampachuwar_31,681,11.8,10.6
2026-04-05,2.16349983215,hampachuwar_31,681,11.8,10.6
2026-04-06,2.16470050812,hampachuwar_31,681,11.8,10.6
2026-04-07,2.11260032654,hampachuwar_31,681,11.8,10.6
2026-04-08,2.17609977722,hampachuwar_31,681,11.8,10.6
2026-04-09,2.24380016327,hampachuwar_31,681,11.8,10.6
2026-04-10,2.32590007782,hampachuwar_31,681,11.8,10.6
2026-04-11,2.2732000351,hampachuwar_31,681,11.8,10.6
2026-04-12,2.14729976654,hampachuwar_31,681,11.8,10.6
2026-04-13,2.14589977264,hampachuwar_31,681,11.8,10.6
2026-04-14,2.16079998016,hampachuwar_31,681,11.8,10.6
2026-04-15,2.13269996643,hampachuwar_31,681,11.8,10.6
2026-04-16,2.15110015869,hampachuwar_31,681,11.8,10.6
2026-04-17,2.19649982452,hampachuwar_31,681,11.8,10.6
2026-04-18,2.2266998291,hampachuwar_31,681,11.8,10.6
2026-04-19,2.44610023499,hampachuwar_31,681,11.8,10.6
2026-04-20,2.41610050201,hampachuwar_31,681,11.8,10.6
2026-04-21,2.48509979248,hampachuwar_31,681,11.8,10.6
2026-04-22,2.34300041199,hampachuwar_31,681,11.8,10.6
2026-04-23,2.25049972534,hampachuwar_31,681,11.8,10.6
2026-04-24,2.18109989166,hampachuwar_31,681,11.8,10.6
2026-04-25,2.30469989777,hampachuwar_31,681,11.8,10.6
2026-04-26,2.59109973907,hampachuwar_31,681,11.8,10.6
2026-04-27,2.53489971161,hampachuwar_31,681,11.8,10.6
2026-04-28,2.44120025635,hampachuwar_31,681,11.8,10.6
2026-04-29,2.86030006409,hampachuwar_31,681,11.8,10.6
2026-04-30,2.95310020447,hampachuwar_31,681,11.8,10.6
2026-05-01,3.01939964294,hampachuwar_31,681,11.8,10.6
2026-05-02,2.86079978943,hampachuwar_31,681,11.8,10.6
2026-05-03,2.58530044556,hampachuwar_31,681,11.8,10.6
2026-05-04,2.59959983826,hampachuwar_31,681,11.8,10.6
2026-05-05,2.93010044098,hampachuwar_31,681,11.8,10.6
2026-05-06,3.01819992065,hampachuwar_31,681,11.8,10.6
2026-05-07,3.01939964294,hampachuwar_31,681,11.8,10.6
2026-05-08,2.86509990692,hampachuwar_31,681,11.8,10.6
2026-05-09,2.78699970245,hampachuwar_31,681,11.8,10.6
2026-05-10,2.6935005188,hampachuwar_31,681,11.8,10.6
2026-05-11,2.61190032959,hampachuwar_31,681,11.8,10.6
2026-05-12,2.70409965515,hampachuwar_31,681,11.8,10.6
2026-05-13,2.49600028992,hampachuwar_31,681,11.8,10.6
2026-05-14,2.52810001373,hampachuwar_31,681,11.8,10.6
2026-05-15,2.59490013123,hampachuwar_31,681,11.8,10.6
2026-05-16,2.78340053558,hampachuwar_31,681,11.8,10.6
2026-05-17,2.76259994507,hampachuwar_31,681,11.8,10.6
2026-05-18,2.66330051422,hampachuwar_31,681,11.8,10.6
2026-05-19,2.72430038452,hampachuwar_31,681,11.8,10.6
2026-05-20,2.65789985657,hampachuwar_31,681,11.8,10.6
2026-05-21,2.80609989166,hampachuwar_31,681,11.8,10.6
2026-05-22,2.89879989624,hampachuwar_31,681,11.8,10.6
2026-05-23,2.98180007935,hampachuwar_31,681,11.8,10.6
2026-05-24,3.08860015869,hampachuwar_31,681,11.8,10.6
2026-05-25,2.981300354,hampachuwar_31,681,11.8,10.6
2026-05-26,2.90350055695,hampachuwar_31,681,11.8,10.6
2026-05-27,2.90450000763,hampachuwar_31,681,11.8,10.6
2026-05-28,2.8080997467,hampachuwar_31,681,11.8,10.6
2026-05-29,2.82670021057,hampachuwar_31,681,11.8,10.6
2026-05-30,2.84409999847,hampachuwar_31,681,11.8,10.6
2026-05-31,2.74460029602,hampachuwar_31,681,11.8,10.6
2026-06-01,2.74670028687,hampachuwar_31,681,11.8,10.6
2026-06-02,2.76340007782,hampachuwar_31,681,11.8,10.6
2026-06-03,2.69159984589,hampachuwar_31,681,11.8,10.6
2026-06-04,2.72449970245,hampachuwar_31,681,11.8,10.6
2026-06-05,2.78200054169,hampachuwar_31,681,11.8,10.6
2026-06-06,3.24580001831,hampachuwar_31,681,11.8,10.6
2026-06-07,3.49050045013,hampachuwar_31,681,11.8,10.6
2026-06-08,3.24569988251,hampachuwar_31,681,11.8,10.6
2026-06-09,3.46269989014,hampachuwar_31,681,11.8,10.6
2026-06-10,3.51290035248,hampachuwar_31,681,11.8,10.6
2026-06-11,3.52890014648,hampachuwar_31,681,11.8,10.6
2026-06-12,3.46469974518,hampachuwar_31,681,11.8,10.6
2026-06-13,3.36320018768,hampachuwar_31,681,11.8,10.6
2026-06-14,3.5857000351,hampachuwar_31,681,11.8,10.6
2026-06-15,3.41300010681,hampachuwar_31,681,11.8,10.6
2026-06-16,3.71959972382,hampachuwar_31,681,11.8,10.6
2026-06-18,3.34879970551,hampachuwar_31,681,11.8,10.6
2026-06-19,3.47109985352,hampachuwar_31,681,11.8,10.6
2026-06-20,3.72300052643,hampachuwar_31,681,11.8,10.6
2026-06-21,3.91549968719,hampachuwar_31,681,11.8,10.6
2026-06-22,5.43270015717,hampachuwar_31,681,11.8,10.6
2026-06-23,4.57009983063,hampachuwar_31,681,11.8,10.6
2026-06-24,4.06010055542,hampachuwar_31,681,11.8,10.6
2026-06-25,3.81729984283,hampachuwar_31,681,11.8,10.6
2026-06-26,3.64420032501,hampachuwar_31,681,11.8,10.6
2026-06-27,3.67740058899,hampachuwar_31,681,11.8,10.6
2026-06-28,4.22609996796,hampachuwar_31,681,11.8,10.6
2026-06-29,5.02670001984,hampachuwar_31,681,11.8,10.6
2026-06-30,5.13409996033,hampachuwar_31,681,11.8,10.6
2026-07-01,4.97720050812,hampachuwar_31,681,11.8,10.6
2026-07-02,4.73999977112,hampachuwar_31,681,11.8,10.6
2026-07-03,6.04320049286,hampachuwar_31,681,11.8,10.6
2026-07-04,5.77719974518,hampachuwar_31,681,11.8,10.6
2026-07-05,5.59130001068,hampachuwar_31,681,11.8,10.6
2026-07-06,5.28279972076,hampachuwar_31,681,11.8,10.6
2026-07-07,4.81900024414,hampachuwar_31,681,11.8,10.6
2026-07-08,5.21479988098,hampachuwar_31,681,11.8,10.6
2026-07-09,5.65950012207,hampachuwar_31,681,11.8,10.6
2026-07-10,5.89449977875,hampachuwar_31,681,11.8,10.6
2026-07-11,6.49569988251,hampachuwar_31,681,11.8,10.6
2026-07-12,7.10999965668,hampachuwar_31,681,11.8,10.6
2026-07-13,7.56050014496,hampachuwar_31,681,11.8,10.6
2026-07-14,8.35050010681,hampachuwar_31,681,11.8,10.6
2026-07-15,8.14920043945,hampachuwar_31,681,11.8,10.6
2026-07-16,7.91900014877,hampachuwar_31,681,11.8,10.6
2026-07-17,8.35809993744,hampachuwar_31,681,11.8,10.6
2026-07-18,9.11330032349,hampachuwar_31,681,11.8,10.6
2026-07-19,9.95670032501,hampachuwar_31,681,11.8,10.6
2026-07-20,10.0338001251,hampachuwar_31,681,11.8,10.6
2026-07-21,8.59930038452,hampachuwar_31,681,11.8,10.6
2026-07-22,8.09700012207,hampachuwar_31,681,11.8,10.6
2026-07-23,9.01609992981,hampachuwar_31,681,11.8,10.6
2026-07-24,7.73890018463,hampachuwar_31,681,11.8,10.6
2026-07-25,7.27080059052,hampachuwar_31,681,11.8,10.6
2026-07-26,6.96689987183,hampachuwar_31,681,11.8,10.6
2026-07-27,7.70800018311,hampachuwar_31,681,11.8,10.6
2026-07-28,7.22539997101,hampachuwar_31,681,11.8,10.6
2026-07-29,7.39270019531,hampachuwar_31,681,11.8,10.6
2026-07-30,7.03149986267,hampachuwar_31,681,11.8,10.6
2026-07-31,7.37610054016,hampachuwar_31,681,11.8,10.6
2026-08-01,7.08930015564,hampachuwar_31,681,11.8,10.6
2026-08-02,6.9390001297,hampachuwar_31,681,11.8,10.6
2026-08-03,8.83080005646,hampachuwar_31,681,11.8,10.6
2026-08-04,8.68830013275,hampachuwar_31,681,11.8,10.6
2026-08-05,8.4465007782,hampachuwar_31,681,11.8,10.6
2026-08-06,10.1419000626,hampachuwar_31,681,11.8,10.6
2026-08-07,8.91800022125,hampachuwar_31,681,11.8,10.6
2026-08-08,8.19149971008,hampachuwar_31,681,11.8,10.6
2026-08-09,8.1220998764,hampachuwar_31,681,11.8,10.6
2026-08-10,9.00889968872,hampachuwar_31,681,11.8,10.6
2026-08-11,8.32399940491,hampachuwar_31,681,11.8,10.6
2026-08-12,7.16800022125,hampachuwar_31,681,11.8,10.6
2026-08-13,6.88840007782,hampachuwar_31,681,11.8,10.6
2026-08-14,8.02910041809,hampachuwar_31,681,11.8,10.6
2026-08-15,7.44379997253,hampachuwar_31,681,11.8,10.6
2026-08-16,7.62549972534,hampachuwar_31,681,11.8,10.6
2026-08-17,7.17669963837,hampachuwar_31,681,11.8,10.6
2026-08-18,6.87680053711,hampachuwar_31,681,11.8,10.6
2026-08-19,7.46290016174,hampachuwar_31,681,11.8,10.6
2026-08-20,7.2469997406,hampachuwar_31,681,11.8,10.6
2026-08-21,7.88920021057,hampachuwar_31,681,11.8,10.6
2026-08-22,8.62050056458,hampachuwar_31,681,11.8,10.6
2026-08-23,8.94659996033,hampachuwar_31,681,11.8,10.6
2026-08-24,7.94280004501,hampachuwar_31,681,11.8,10.6
2026-08-25,7.76990032196,hampachuwar_31,681,11.8,10.6
2026-08-26,7.91340017319,hampachuwar_31,681,11.8,10.6
2026-08-27,8.04860019684,hampachuwar_31,681,11.8,10.6
2026-08-28,7.86310005188,hampachuwar_31,681,11.8,10.6
2026-08-29,8.40320014954,hampachuwar_31,681,11.8,10.6
2026-08-30,9.95429992676,hampachuwar_31,681,11.8,10.6
2026-08-31,8.96570014954,hampachuwar_31,681,11.8,10.6
2026-09-01,9.29489994049,hampachuwar_31,681,11.8,10.6
2026-09-02,10.0869007111,hampachuwar_31,681,11.8,10.6
2026-09-03,9.72710037231,hampachuwar_31,681,11.8,10.6
2026-09-04,8.86460018158,hampachuwar_31,681,11.8,10.6
2026-09-05,9.26659965515,hampachuwar_31,681,11.8,10.6
2026-09-06,9.53000068665,hampachuwar_31,681,11.8,10.6
2026-09-07,9.07570075989,hampachuwar_31,681,11.8,10.6
2026-09-08,8.50640010834,hampachuwar_31,681,11.8,10.6
2026-09-09,8.11789989471,hampachuwar_31,681,11.8,10.6
2026-09-10,8.26630020142,hampachuwar_31,681,11.8,10.6
2026-09-11,8.52659988403,hampachuwar_31,681,11.8,10.6
2026-09-12,7.97110033035,hampachuwar_31,681,11.8,10.6
2026-09-13,8.13520050049,hampachuwar_31,681,11.8,10.6
2026-09-14,8.28960037231,hampachuwar_31,681,11.8,10.6
2026-09-15,7.91510009766,hampachuwar_31,681,11.8,10.6
2026-09-16,8.22949981689,hampachuwar_31,681,11.8,10.6
2026-09-17,7.62220001221,hampachuwar_31,681,11.8,10.6
2026-09-18,7.15240001678,hampachuwar_31,681,11.8,10.6
2026-09-19,7.25979995728,hampachuwar_31,681,11.8,10.6
2026-09-20,6.34780025482,hampachuwar_31,681,11.8,10.6
2026-09-21,6.0046005249,hampachuwar_31,681,11.8,10.6
2026-09-22,5.78139972687,hampachuwar_31,681,11.8,10.6
2026-09-23,5.82849979401,hampachuwar_31,681,11.8,10.6
2026-09-24,6.92090034485,hampachuwar_31,681,11.8,10.6
2026-09-25,11.7285003662,hampachuwar_31,681,11.8,10.6
2026-09-26,11.7919006348,hampachuwar_31,681,11.8,10.6
2026-09-27,9.16189956665,hampachuwar_31,681,11.8,10.6
2026-09-28,8.4607000351,hampachuwar_31,681,11.8,10.6
