date,discharge_m3s
1979-01-02,362.03125
1979-01-03,361.14062
1979-01-04,357.84375
1979-01-05,352.79688
1979-01-06,348.9375
1979-01-07,344.82812
1979-01-08,338.90625
1979-01-09,333.17188
1979-01-10,327.73438
1979-01-11,323.32812
1979-01-12,321.60938
1979-01-13,319.4375
1979-01-14,314.89062
1979-01-15,312.60938
1979-01-16,314.9375
1979-01-17,327.95312
1979-01-18,351.09375
1979-01-19,359.4375
1979-01-20,350.28125
1979-01-21,340.20312
1979-01-22,332.14062
1979-01-23,333.17188
1979-01-24,343.60938
1979-01-25,343.9375
1979-01-26,333.95312
1979-01-27,324.5625
1979-01-28,325.21875
1979-01-29,339.1875
1979-01-30,352.67188
1979-01-31,365.40625
1979-02-01,368.6875
1979-02-02,366.79688
1979-02-03,375.67188
1979-02-04,374.25
1979-02-05,360.71875
1979-02-06,349.375
1979-02-07,341.60938
1979-02-08,342.90625
1979-02-09,354.875
1979-02-10,372.15625
1979-02-11,380.14062
1979-02-12,380.98438
1979-02-13,381.8125
1979-02-14,378.59375
1979-02-15,371.84375
1979-02-16,365.34375
1979-02-17,361.40625
1979-02-18,370.26562
1979-02-19,377.3125
1979-02-20,385.34375
1979-02-21,420.73438
1979-02-22,437.60938
1979-02-23,428.29688
1979-02-24,435.09375
1979-02-25,440.14062
1979-02-26,430.375
1979-02-27,422.92188
1979-02-28,417.84375
1979-03-01,407.29688
1979-03-02,394.67188
1979-03-03,383.75
1979-03-04,375.84375
1979-03-05,371.23438
1979-03-06,368.82812
1979-03-07,367.40625
1979-03-08,366.20312
1979-03-09,363.79688
1979-03-10,361.14062
1979-03-11,358.9375
1979-03-12,355.04688
1979-03-13,355.20312
1979-03-14,357.92188
1979-03-15,363.17188
1979-03-16,364.64062
1979-03-17,357.34375
1979-03-18,357.8125
1979-03-19,368.1875
1979-03-20,372.3125
1979-03-21,365.625
1979-03-22,355.84375
1979-03-23,348.46875
1979-03-24,343.4375
1979-03-25,338.65625
1979-03-26,332.78125
1979-03-27,327.125
1979-03-28,321.90625
1979-03-29,318.0625
1979-03-30,315.59375
1979-03-31,313.65625
1979-04-01,312.46875
1979-04-02,309.875
1979-04-03,306.1875
1979-04-04,303.09375
1979-04-05,302.21875
1979-04-06,304.8125
1979-04-07,307.6875
1979-04-08,306.15625
1979-04-09,303.75
1979-04-10,306.59375
1979-04-11,315.09375
1979-04-12,322.625
1979-04-13,327.3125
1979-04-14,328.875
1979-04-15,329.40625
1979-04-16,340.96875
1979-04-17,360.375
1979-04-18,367.84375
1979-04-19,370.21875
1979-04-20,372.0625
1979-04-21,378.9375
1979-04-22,400.84375
1979-04-23,426.9375
1979-04-24,427.25
1979-04-25,410.28125
1979-04-26,397.0625
1979-04-27,387.0
1979-04-28,382.53125
1979-04-29,383.84375
1979-04-30,390.125
1979-05-01,405.84375
1979-05-02,424.34375
1979-05-03,437.625
1979-05-04,459.3125
1979-05-05,497.875
1979-05-06,505.53125
1979-05-07,481.0625
1979-05-08,461.0
1979-05-09,443.65625
1979-05-10,430.5
1979-05-11,463.78125
1979-05-12,489.9375
1979-05-13,510.09375
1979-05-14,540.21875
1979-05-15,560.15625
1979-05-16,579.71875
1979-05-17,652.15625
1979-05-18,747.3125
1979-05-19,773.03125
1979-05-20,723.21875
1979-05-21,684.5
1979-05-22,704.4375
1979-05-23,720.75
1979-05-24,709.5
1979-05-25,675.4375
1979-05-26,641.3125
1979-05-27,624.3125
1979-05-28,614.78125
1979-05-29,612.28125
1979-05-30,599.0625
1979-05-31,590.1875
1979-06-01,577.625
1979-06-02,560.75
1979-06-03,545.34375
1979-06-04,535.40625
1979-06-05,537.9375
1979-06-06,533.8125
1979-06-07,519.3125
1979-06-08,513.21875
1979-06-09,568.375
1979-06-10,609.71875
1979-06-11,603.125
1979-06-12,591.15625
1979-06-13,587.125
1979-06-14,597.8125
1979-06-15,618.75
1979-06-16,645.125
1979-06-17,666.21875
1979-06-18,680.375
1979-06-19,693.75
1979-06-20,728.75
1979-06-21,984.09375
1979-06-22,2228.2812
1979-06-23,1969.5938
1979-06-24,1513.875
1979-06-25,1372.0781
1979-06-26,1321.7344
1979-06-27,1336.3125
1979-06-28,1428.2344
1979-06-29,1653.4844
1979-06-30,1868.4062
1979-07-01,1841.9688
1979-07-02,2692.4062
1979-07-03,3960.625
1979-07-04,3672.1562
1979-07-05,2797.1875
1979-07-06,2337.6719
1979-07-07,2144.1719
1979-07-08,2063.9688
1979-07-09,2087.4375
1979-07-10,2167.1094
1979-07-11,2156.1562
1979-07-12,2548.375
1979-07-13,2699.3125
1979-07-14,2705.6719
1979-07-15,2764.7656
1979-07-16,3126.4844
1979-07-17,2932.9531
1979-07-18,4875.0
1979-07-19,4808.3594
1979-07-20,5192.6094
1979-07-21,5607.797
1979-07-22,5913.2812
1979-07-23,5115.703
1979-07-24,9413.406
1979-07-25,8806.969
1979-07-26,6529.375
1979-07-27,5873.9062
1979-07-28,7336.172
1979-07-29,8380.156
1979-07-30,7303.7656
1979-07-31,6325.4688
1979-08-01,5868.5156
1979-08-02,5597.828
1979-08-03,5811.4688
1979-08-04,5936.6406
1979-08-05,5572.0156
1979-08-06,5251.5938
1979-08-07,5094.0625
1979-08-08,4942.8906
1979-08-09,4791.7188
1979-08-10,4644.453
1979-08-11,4488.3594
1979-08-12,4337.1875
1979-08-13,4195.953
1979-08-14,4116.2344
1979-08-15,4199.797
1979-08-16,4147.5156
1979-08-17,3942.7656
1979-08-18,3803.7656
1979-08-19,3693.9375
1979-08-20,3824.4531
1979-08-21,5076.625
1979-08-22,5324.8594
1979-08-23,4717.953
1979-08-24,4251.2344
1979-08-25,3942.039
1979-08-26,3842.5234
1979-08-27,3801.8281
1979-08-28,3680.336
1979-08-29,3529.2266
1979-08-30,3404.9922
1979-08-31,3358.5234
1979-09-01,3325.0
1979-09-02,3230.25
1979-09-03,3197.1953
1979-09-04,3269.0547
1979-09-05,3411.3516
1979-09-06,3426.3516
1979-09-07,3283.6797
1979-09-08,3103.9375
1979-09-09,2971.289
1979-09-10,2945.5312
1979-09-11,2893.8203
1979-09-12,2825.4766
1979-09-13,2817.0078
1979-09-14,2759.7578
1979-09-15,2650.0312
1979-09-16,2551.125
1979-09-17,2459.7969
1979-09-18,2375.0547
1979-09-19,2296.5781
1979-09-20,2211.5234
1979-09-21,2129.7812
1979-09-22,2064.1797
1979-09-23,2011.1172
1979-09-24,1958.0703
1979-09-25,1900.9766
1979-09-26,1837.7188
1979-09-27,1767.625
1979-09-28,1698.9062
1979-09-29,1637.4609
1979-09-30,1578.5859
1979-10-01,1532.4766
1979-10-02,1505.6016
1979-10-03,1484.1172
1979-10-04,1483.4766
1979-10-05,1510.5703
1979-10-06,1573.375
1979-10-07,1561.2188
1979-10-08,1497.2734
1979-10-09,1445.8125
1979-10-10,1468.7031
1979-10-11,1754.75
1979-10-12,2244.375
1979-10-13,2255.6953
1979-10-14,1949.5469
1979-10-15,1776.875
1979-10-16,1674.8047
1979-10-17,1628.1172
1979-10-18,1579.1797
1979-10-19,1516.1016
1979-10-20,1455.4688
1979-10-21,1399.2031
1979-10-22,1344.1016
1979-10-23,1291.0312
1979-10-24,1239.0312
1979-10-25,1188.7969
1979-10-26,1162.0938
1979-10-27,1183.5625
1979-10-28,1170.5469
1979-10-29,1124.0938
1979-10-30,1081.9062
1979-10-31,1043.7734
1979-11-01,1007.6172
1979-11-02,972.5469
1979-11-03,943.39844
1979-11-04,923.53125
1979-11-05,909.3594
1979-11-06,892.34375
1979-11-07,865.90625
1979-11-08,833.1875
1979-11-09,804.3203
1979-11-10,794.7656
1979-11-11,796.28125
1979-11-12,781.9297
1979-11-13,756.27344
1979-11-14,729.21875
1979-11-15,706.7969
1979-11-16,696.4219
1979-11-17,686.3203
1979-11-18,670.9844
1979-11-19,659.0625
1979-11-20,659.4922
1979-11-21,666.33594
1979-11-22,663.375
1979-11-23,651.33594
1979-11-24,640.10156
1979-11-25,632.6094
1979-11-26,645.875
1979-11-27,655.8281
1979-11-28,655.3125
1979-11-29,644.9844
1979-11-30,643.4375
1979-12-01,668.75
1979-12-02,686.1406
1979-12-03,685.9375
1979-12-04,673.25
1979-12-05,667.5156
1979-12-06,660.5625
1979-12-07,640.25
1979-12-08,616.21875
1979-12-09,594.46875
1979-12-10,574.9219
1979-12-11,557.1406
1979-12-12,541.4531
1979-12-13,530.5625
1979-12-14,522.9375
1979-12-15,514.46875
1979-12-16,504.5625
1979-12-17,499.17188
1979-12-18,499.15625
1979-12-19,490.92188
1979-12-20,490.875
1979-12-21,507.625
1979-12-22,505.53125
1979-12-23,486.53125
1979-12-24,468.78125
1979-12-25,453.90625
1979-12-26,442.15625
1979-12-27,438.875
1979-12-28,446.14062
1979-12-29,448.70312
1979-12-30,457.09375
1979-12-31,485.42188
1980-01-01,494.25
1980-01-02,489.20312
1980-01-03,485.59375
1980-01-04,478.54688
1980-01-05,467.5625
1980-01-06,454.53125
1980-01-07,442.09375
1980-01-08,430.84375
1980-01-09,419.60938
1980-01-10,411.1875
1980-01-11,415.875
1980-01-12,421.78125
1980-01-13,423.29688
1980-01-14,422.96875
1980-01-15,417.45312
1980-01-16,408.21875
1980-01-17,397.3125
1980-01-18,391.26562
1980-01-19,386.5
1980-01-20,381.59375
1980-01-21,377.07812
1980-01-22,375.125
1980-01-23,386.0
1980-01-24,398.98438
1980-01-25,394.46875
1980-01-26,380.09375
1980-01-27,381.46875
1980-01-28,421.07812
1980-01-29,452.82812
1980-01-30,440.51562
1980-01-31,415.17188
1980-02-01,396.82812
1980-02-02,384.70312
1980-02-03,386.26562
1980-02-04,411.6875
1980-02-05,448.375
1980-02-06,461.46875
1980-02-07,454.01562
1980-02-08,441.5625
1980-02-09,427.8125
1980-02-10,418.1875
1980-02-11,412.21875
1980-02-12,405.14062
1980-02-13,395.32812
1980-02-14,384.70312
1980-02-15,375.45312
1980-02-16,379.3125
1980-02-17,396.375
1980-02-18,416.17188
1980-02-19,438.10938
1980-02-20,441.20312
1980-02-21,427.42188
1980-02-22,417.125
1980-02-23,418.79688
1980-02-24,433.59375
1980-02-25,449.04688
1980-02-26,447.65625
1980-02-27,433.03125
1980-02-28,419.35938
1980-02-29,420.78125
1980-03-01,439.79688
1980-03-02,462.5625
1980-03-03,467.04688
1980-03-04,457.4375
1980-03-05,452.28125
1980-03-06,461.71875
1980-03-07,506.89062
1980-03-08,526.1094
1980-03-09,517.8594
1980-03-10,504.51562
1980-03-11,488.6875
1980-03-12,472.34375
1980-03-13,455.25
1980-03-14,440.46875
1980-03-15,426.89062
1980-03-16,415.0
1980-03-17,408.53125
1980-03-18,408.9375
1980-03-19,406.29688
1980-03-20,400.1875
1980-03-21,395.96875
1980-03-22,390.60938
1980-03-23,393.5625
1980-03-24,400.28125
1980-03-25,398.17188
1980-03-26,391.09375
1980-03-27,386.32812
1980-03-28,382.84375
1980-03-29,377.17188
1980-03-30,372.29688
1980-03-31,371.23438
1980-04-01,371.46875
1980-04-02,369.76562
1980-04-03,373.71875
1980-04-04,387.46875
1980-04-05,390.3125
1980-04-06,380.75
1980-04-07,371.9375
1980-04-08,365.90625
1980-04-09,362.875
1980-04-10,362.21875
1980-04-11,364.9375
1980-04-12,365.5625
1980-04-13,361.03125
1980-04-14,356.875
1980-04-15,353.71875
1980-04-16,350.0625
1980-04-17,345.59375
1980-04-18,341.09375
1980-04-19,337.3125
1980-04-20,335.875
1980-04-21,340.3125
1980-04-22,349.34375
1980-04-23,364.28125
1980-04-24,378.65625
1980-04-25,376.625
1980-04-26,367.09375
1980-04-27,363.53125
1980-04-28,367.40625
1980-04-29,371.96875
1980-04-30,370.90625
1980-05-01,365.90625
1980-05-02,361.84375
1980-05-03,361.375
1980-05-04,365.03125
1980-05-05,378.6875
1980-05-06,420.15625
1980-05-07,454.25
1980-05-08,470.96875
1980-05-09,473.125
1980-05-10,445.9375
1980-05-11,495.0
1980-05-12,564.34375
1980-05-13,552.40625
1980-05-14,520.6875
1980-05-15,526.34375
1980-05-16,567.0625
1980-05-17,608.78125
1980-05-18,610.25
1980-05-19,645.65625
1980-05-20,827.0
1980-05-21,923.0
1980-05-22,965.4375
1980-05-23,974.2344
1980-05-24,903.875
1980-05-25,866.21875
1980-05-26,878.125
1980-05-27,917.40625
1980-05-28,881.125
1980-05-29,830.1875
1980-05-30,844.875
1980-05-31,897.4844
1980-06-01,933.0781
1980-06-02,922.8906
1980-06-03,924.1875
1980-06-04,935.5
1980-06-05,958.75
1980-06-06,982.5625
1980-06-07,1118.6875
1980-06-08,1413.5156
1980-06-09,1424.9688
1980-06-10,1335.5312
1980-06-11,1266.9375
1980-06-12,1228.2188
1980-06-13,1236.9062
1980-06-14,1266.4062
1980-06-15,1349.6094
1980-06-16,1466.6406
1980-06-17,1694.0469
1980-06-18,1696.9688
1980-06-19,2002.5781
1980-06-20,2060.8906
1980-06-21,1999.1875
1980-06-22,1970.0312
1980-06-23,1916.7344
1980-06-24,1898.5469
1980-06-25,1957.3125
1980-06-26,2021.3594
1980-06-27,2042.0469
1980-06-28,2073.1094
1980-06-29,2123.1562
1980-06-30,2240.2188
1980-07-01,2390.9219
1980-07-02,2552.8125
1980-07-03,2596.3594
1980-07-04,2600.2969
1980-07-05,2607.7812
1980-07-06,2692.3594
1980-07-07,3264.875
1980-07-08,3290.4688
1980-07-09,3056.3438
1980-07-10,2961.0156
1980-07-11,2936.3594
1980-07-12,3143.3438
1980-07-13,3285.9219
1980-07-14,3597.1406
1980-07-15,3800.9531
1980-07-16,5225.422
1980-07-17,5637.9375
1980-07-18,4915.0156
1980-07-19,4438.7812
1980-07-20,4717.7188
1980-07-21,4472.8125
1980-07-22,4105.7812
1980-07-23,3972.5625
1980-07-24,3832.7344
1980-07-25,3675.1562
1980-07-26,3537.0156
1980-07-27,3512.5
1980-07-28,3652.375
1980-07-29,3892.2031
1980-07-30,4386.3906
1980-07-31,4665.9688
1980-08-01,4906.2188
1980-08-02,4694.9844
1980-08-03,4415.7656
1980-08-04,4242.7656
1980-08-05,4259.7344
1980-08-06,4243.0156
1980-08-07,4592.4688
1980-08-08,4429.578
1980-08-09,4895.4688
1980-08-10,6274.6875
1980-08-11,7074.9375
1980-08-12,6514.6484
1980-08-13,6017.703
1980-08-14,5513.0703
1980-08-15,5395.6016
1980-08-16,6100.1484
1980-08-17,6345.578
1980-08-18,6083.047
1980-08-19,5657.258
1980-08-20,5199.4375
1980-08-21,4850.6562
1980-08-22,4612.758
1980-08-23,4472.9844
1980-08-24,4398.6953
1980-08-25,4311.1797
1980-08-26,4266.8125
1980-08-27,4213.9766
1980-08-28,4154.367
1980-08-29,4247.961
1980-08-30,4129.867
1980-08-31,3946.3281
1980-09-01,3866.164
1980-09-02,3797.2031
1980-09-03,3680.0156
1980-09-04,3563.0469
1980-09-05,3516.7188
1980-09-06,3788.8828
1980-09-07,3802.0938
1980-09-08,3607.8281
1980-09-09,3439.4688
1980-09-10,3305.6875
1980-09-11,3205.8047
1980-09-12,3116.25
1980-09-13,3126.9766
1980-09-14,3145.3906
1980-09-15,3103.7656
1980-09-16,3004.6719
1980-09-17,2885.8984
1980-09-18,2781.8047
1980-09-19,2699.6484
1980-09-20,2628.961
1980-09-21,2553.0
1980-09-22,2484.4688
1980-09-23,2412.5703
1980-09-24,2336.211
1980-09-25,2258.6953
1980-09-26,2188.2422
1980-09-27,2130.2734
1980-09-28,2076.8203
1980-09-29,2021.7109
1980-09-30,1960.8984
1980-10-01,1907.9375
1980-10-02,1860.4219
1980-10-03,1806.3359
1980-10-04,1744.4219
1980-10-05,1680.1953
1980-10-06,1618.4062
1980-10-07,1568.6797
1980-10-08,1528.4375
1980-10-09,1486.1094
1980-10-10,1436.1172
1980-10-11,1385.7344
1980-10-12,1340.9062
1980-10-13,1299.8359
1980-10-14,1260.8438
1980-10-15,1223.1641
1980-10-16,1184.0469
1980-10-17,1147.4531
1980-10-18,1115.2344
1980-10-19,1083.8594
1980-10-20,1050.6797
1980-10-21,1017.1875
1980-10-22,988.85156
1980-10-23,964.625
1980-10-24,962.5469
1980-10-25,978.0625
1980-10-26,985.78125
1980-10-27,981.2344
1980-10-28,963.875
1980-10-29,936.4531
1980-10-30,905.9531
1980-10-31,875.1094
1980-11-01,844.1719
1980-11-02,813.2969
1980-11-03,782.34375
1980-11-04,753.375
1980-11-05,726.2031
1980-11-06,702.9219
1980-11-07,683.0156
1980-11-08,663.6094
1980-11-09,644.6406
1980-11-10,624.8125
1980-11-11,604.5156
1980-11-12,584.3125
1980-11-13,565.71875
1980-11-14,548.0469
1980-11-15,533.0625
1980-11-16,520.0625
1980-11-17,506.67188
1980-11-18,492.65625
1980-11-19,479.46875
1980-11-20,467.48438
1980-11-21,456.40625
1980-11-22,448.0
1980-11-23,439.54688
1980-11-24,442.25
1980-11-25,451.53125
1980-11-26,448.71875
1980-11-27,439.28125
1980-11-28,429.95312
1980-11-29,424.65625
1980-11-30,422.9375
1980-12-01,422.39062
1980-12-02,415.39062
1980-12-03,404.03125
1980-12-04,393.71875
1980-12-05,385.84375
1980-12-06,382.92188
1980-12-07,385.29688
1980-12-08,386.46875
1980-12-09,382.76562
1980-12-10,376.3125
1980-12-11,367.96875
1980-12-12,360.5
1980-12-13,353.04688
1980-12-14,345.5
1980-12-15,341.39062
1980-12-16,340.10938
1980-12-17,338.625
1980-12-18,337.21875
1980-12-19,336.21875
1980-12-20,334.375
1980-12-21,333.9375
1980-12-22,334.1875
1980-12-23,330.6875
1980-12-24,326.46875
1980-12-25,326.21875
1980-12-26,331.17188
1980-12-27,338.875
1980-12-28,342.95312
1980-12-29,337.89062
1980-12-30,329.45312
1980-12-31,323.28125
1981-01-01,324.90625
1981-01-02,327.6875
1981-01-03,323.78125
1981-01-04,320.42188
1981-01-05,322.04688
1981-01-06,337.28125
1981-01-07,361.5625
1981-01-08,372.14062
1981-01-09,366.34375
1981-01-10,357.9375
1981-01-11,347.39062
1981-01-12,337.42188
1981-01-13,329.26562
1981-01-14,324.28125
1981-01-15,320.6875
1981-01-16,315.32812
1981-01-17,308.23438
1981-01-18,301.53125
1981-01-19,296.51562
1981-01-20,295.57812
1981-01-21,299.1875
1981-01-22,300.8125
1981-01-23,301.60938
1981-01-24,308.64062
1981-01-25,350.51562
1981-01-26,420.53125
1981-01-27,447.5625
1981-01-28,432.32812
1981-01-29,409.67188
1981-01-30,398.04688
1981-01-31,431.0
1981-02-01,466.875
1981-02-02,465.15625
1981-02-03,448.59375
1981-02-04,431.48438
1981-02-05,418.84375
1981-02-06,416.67188
1981-02-07,425.9375
1981-02-08,430.875
1981-02-09,420.54688
1981-02-10,404.10938
1981-02-11,389.4375
1981-02-12,378.6875
1981-02-13,369.39062
1981-02-14,360.71875
1981-02-15,359.6875
1981-02-16,366.375
1981-02-17,374.59375
1981-02-18,381.90625
1981-02-19,384.46875
1981-02-20,381.8125
1981-02-21,382.53125
1981-02-22,381.0
1981-02-23,370.84375
1981-02-24,363.90625
1981-02-25,362.46875
1981-02-26,360.65625
1981-02-27,357.46875
1981-02-28,362.09375
1981-03-01,369.8125
1981-03-02,368.65625
1981-03-03,363.78125
1981-03-04,357.1875
1981-03-05,348.09375
1981-03-06,339.8125
1981-03-07,335.4375
1981-03-08,339.1875
1981-03-09,345.15625
1981-03-10,343.0
1981-03-11,337.0625
1981-03-12,333.3125
1981-03-13,333.34375
1981-03-14,334.75
1981-03-15,333.78125
1981-03-16,332.125
1981-03-17,336.15625
1981-03-18,341.03125
1981-03-19,340.6875
1981-03-20,349.65625
1981-03-21,378.0
1981-03-22,402.78125
1981-03-23,401.59375
1981-03-24,387.46875
1981-03-25,373.875
1981-03-26,362.625
1981-03-27,359.0625
1981-03-28,364.375
1981-03-29,371.1875
1981-03-30,372.15625
1981-03-31,374.15625
1981-04-01,455.96875
1981-04-02,528.90625
1981-04-03,548.125
1981-04-04,563.6875
1981-04-05,575.4375
1981-04-06,558.4375
1981-04-07,525.78125
1981-04-08,501.5625
1981-04-09,487.25
1981-04-10,482.15625
1981-04-11,479.65625
1981-04-12,482.53125
1981-04-13,501.15625
1981-04-14,516.78125
1981-04-15,518.6875
1981-04-16,524.875
1981-04-17,648.8125
1981-04-18,830.15625
1981-04-19,850.09375
1981-04-20,797.53125
1981-04-21,768.5
1981-04-22,741.375
1981-04-23,736.8125
1981-04-24,776.6875
1981-04-25,790.78125
1981-04-26,760.78125
1981-04-27,727.5
1981-04-28,703.375
1981-04-29,688.6875
1981-04-30,704.6875
1981-05-01,732.40625
1981-05-02,735.375
1981-05-03,734.65625
1981-05-04,745.75
1981-05-05,756.125
1981-05-06,754.0
1981-05-07,744.53125
1981-05-08,742.6875
1981-05-09,752.53125
1981-05-10,762.4375
1981-05-11,760.5
1981-05-12,775.84375
1981-05-13,772.28125
1981-05-14,756.4375
1981-05-15,742.1875
1981-05-16,787.0625
1981-05-17,902.53125
1981-05-18,913.90625
1981-05-19,877.4375
1981-05-20,852.75
1981-05-21,835.34375
1981-05-22,834.6875
1981-05-23,863.0625
1981-05-24,889.625
1981-05-25,882.6875
1981-05-26,864.40625
1981-05-27,870.09375
1981-05-28,1082.0625
1981-05-29,1240.9062
1981-05-30,1219.1875
1981-05-31,1162.3438
1981-06-01,1123.8438
1981-06-02,1112.0
1981-06-03,1122.8125
1981-06-04,1142.9688
1981-06-05,1234.0
1981-06-06,1256.1562
1981-06-07,1175.0938
1981-06-08,1101.25
1981-06-09,1054.9062
1981-06-10,1034.0312
1981-06-11,1037.8125
1981-06-12,1045.0938
1981-06-13,1043.875
1981-06-14,1045.0
1981-06-15,1024.125
1981-06-16,998.75
1981-06-17,1011.59375
1981-06-18,1053.8438
1981-06-19,1084.2188
1981-06-20,1104.6875
1981-06-21,1131.9375
1981-06-22,1185.25
1981-06-23,1263.375
1981-06-24,1347.875
1981-06-25,1446.5625
1981-06-26,1536.75
1981-06-27,1710.6562
1981-06-28,3127.3125
1981-06-29,6041.7812
1981-06-30,4839.2188
1981-07-01,4105.7344
1981-07-02,4196.0156
1981-07-03,5224.547
1981-07-04,6773.2344
1981-07-05,6891.453
1981-07-06,5370.625
1981-07-07,4428.953
1981-07-08,4157.8594
1981-07-09,4116.0
1981-07-10,4170.2344
1981-07-11,4040.5625
1981-07-12,4172.203
1981-07-13,4512.3906
1981-07-14,4384.703
1981-07-15,4389.125
1981-07-16,4427.1406
1981-07-17,4558.3906
1981-07-18,5386.1562
1981-07-19,5217.422
1981-07-20,5149.4062
1981-07-21,4750.3438
1981-07-22,4477.078
1981-07-23,4370.4688
1981-07-24,4503.5938
1981-07-25,4534.797
1981-07-26,4353.3594
1981-07-27,4720.8125
1981-07-28,5548.3594
1981-07-29,5204.828
1981-07-30,4731.9844
1981-07-31,4751.25
1981-08-01,6096.25
1981-08-02,5754.0
1981-08-03,5103.4844
1981-08-04,4866.625
1981-08-05,4766.5312
1981-08-06,4544.1094
1981-08-07,4313.375
1981-08-08,4162.1094
1981-08-09,4074.7344
1981-08-10,3967.1719
1981-08-11,3902.4375
1981-08-12,3879.4062
1981-08-13,3938.9531
1981-08-14,3992.7969
1981-08-15,4042.7188
1981-08-16,3898.0625
1981-08-17,3734.375
1981-08-18,3597.6875
1981-08-19,3649.5938
1981-08-20,4432.8047
1981-08-21,5368.711
1981-08-22,5408.5938
1981-08-23,4829.75
1981-08-24,4437.3203
1981-08-25,4544.867
1981-08-26,4738.7656
1981-08-27,4631.1875
1981-08-28,4295.211
1981-08-29,4017.0547
1981-08-30,3862.7344
1981-08-31,3765.0234
1981-09-01,3664.8672
1981-09-02,3580.461
1981-09-03,3491.8516
1981-09-04,3387.961
1981-09-05,3289.9844
1981-09-06,3216.336
1981-09-07,3149.9297
1981-09-08,3089.1875
1981-09-09,3112.2812
1981-09-10,3177.4062
1981-09-11,3155.3203
1981-09-12,3043.2188
1981-09-13,2939.586
1981-09-14,2855.6875
1981-09-15,2780.8828
1981-09-16,2698.9219
1981-09-17,2603.8125
1981-09-18,2506.3438
1981-09-19,2418.9766
1981-09-20,2362.586
1981-09-21,2313.4531
1981-09-22,2255.6094
1981-09-23,2183.4688
1981-09-24,2105.1016
1981-09-25,2027.3047
1981-09-26,1958.8359
1981-09-27,1894.3281
1981-09-28,1840.5
1981-09-29,1807.1875
1981-09-30,1876.0234
1981-10-01,1948.7109
1981-10-02,1892.7422
1981-10-03,1828.9844
1981-10-04,1776.4375
1981-10-05,1726.3594
1981-10-06,1678.4766
1981-10-07,1629.9531
1981-10-08,1579.7578
1981-10-09,1529.1797
1981-10-10,1480.2969
1981-10-11,1430.7969
1981-10-12,1384.6875
1981-10-13,1344.3516
1981-10-14,1302.0234
1981-10-15,1255.6562
1981-10-16,1208.1562
1981-10-17,1162.4531
1981-10-18,1121.3906
1981-10-19,1084.2031
1981-10-20,1053.875
1981-10-21,1028.6172
1981-10-22,1002.1172
1981-10-23,978.8906
1981-10-24,957.7031
1981-10-25,933.71094
1981-10-26,910.25
1981-10-27,894.90625
1981-10-28,883.78125
1981-10-29,871.4375
1981-10-30,859.60156
1981-10-31,850.52344
1981-11-01,837.21094
1981-11-02,813.8047
1981-11-03,786.7656
1981-11-04,766.5625
1981-11-05,799.25
1981-11-06,855.7969
1981-11-07,855.1094
1981-11-08,820.14844
1981-11-09,786.22656
1981-11-10,759.4375
1981-11-11,735.9375
1981-11-12,715.78125
1981-11-13,696.5469
1981-11-14,675.6172
1981-11-15,656.6875
1981-11-16,637.6875
1981-11-17,617.52344
1981-11-18,597.2656
1981-11-19,578.1953
1981-11-20,560.0547
1981-11-21,542.6328
1981-11-22,525.6328
1981-11-23,509.375
1981-11-24,494.34375
1981-11-25,480.6328
1981-11-26,470.07812
1981-11-27,463.26562
1981-11-28,456.22656
1981-11-29,446.7578
1981-11-30,436.51562
1981-12-01,426.21875
1981-12-02,415.95312
1981-12-03,405.8125
1981-12-04,396.23438
1981-12-05,387.95312
1981-12-06,381.46875
1981-12-07,376.375
1981-12-08,371.23438
1981-12-09,365.42188
1981-12-10,358.59375
1981-12-11,351.78125
1981-12-12,344.875
1981-12-13,339.4375
1981-12-14,336.64062
1981-12-15,335.54688
1981-12-16,334.125
1981-12-17,333.32812
1981-12-18,334.1875
1981-12-19,334.03125
1981-12-20,331.45312
1981-12-21,327.35938
1981-12-22,322.39062
1981-12-23,318.79688
1981-12-24,314.85938
1981-12-25,310.95312
1981-12-26,308.20312
1981-12-27,305.28125
1981-12-28,302.21875
1981-12-29,301.20312
1981-12-30,302.625
1981-12-31,302.39062
1982-01-01,301.0625
1982-01-02,300.90625
1982-01-03,304.21875
1982-01-04,306.5625
1982-01-05,306.5
1982-01-06,310.95312
1982-01-07,315.73438
1982-01-08,312.46875
1982-01-09,305.45312
1982-01-10,298.53125
1982-01-11,294.6875
1982-01-12,294.89062
1982-01-13,296.23438
1982-01-14,297.0625
1982-01-15,299.73438
1982-01-16,305.82812
1982-01-17,310.21875
1982-01-18,308.0625
1982-01-19,304.70312
1982-01-20,302.39062
1982-01-21,301.71875
1982-01-22,303.48438
1982-01-23,310.90625
1982-01-24,325.1875
1982-01-25,335.82812
1982-01-26,331.75
1982-01-27,324.34375
1982-01-28,324.46875
1982-01-29,328.78125
1982-01-30,332.4375
1982-01-31,328.84375
1982-02-01,321.09375
1982-02-02,324.09375
1982-02-03,340.4375
1982-02-04,349.96875
1982-02-05,351.8125
1982-02-06,353.15625
1982-02-07,352.125
1982-02-08,363.09375
1982-02-09,385.34375
1982-02-10,392.375
1982-02-11,385.03125
1982-02-12,375.75
1982-02-13,381.71875
1982-02-14,399.1875
1982-02-15,405.53125
1982-02-16,397.84375
1982-02-17,407.34375
1982-02-18,447.09375
1982-02-19,473.09375
1982-02-20,462.375
1982-02-21,444.09375
1982-02-22,442.0625
1982-02-23,436.0625
1982-02-24,420.8125
1982-02-25,408.90625
1982-02-26,401.125
1982-02-27,397.90625
1982-02-28,395.09375
1982-03-01,409.90625
1982-03-02,437.09375
1982-03-03,456.75
1982-03-04,452.9375
1982-03-05,440.15625
1982-03-06,442.09375
1982-03-07,466.5625
1982-03-08,481.65625
1982-03-09,487.53125
1982-03-10,495.34375
1982-03-11,500.5
1982-03-12,489.53125
1982-03-13,467.9375
1982-03-14,448.84375
1982-03-15,432.46875
1982-03-16,422.03125
1982-03-17,432.3125
1982-03-18,454.9375
1982-03-19,463.5
1982-03-20,458.4375
1982-03-21,447.34375
1982-03-22,432.40625
1982-03-23,424.96875
1982-03-24,424.25
1982-03-25,419.75
1982-03-26,413.09375
1982-03-27,407.65625
1982-03-28,401.25
1982-03-29,392.6875
1982-03-30,383.53125
1982-03-31,383.8125
1982-04-01,397.3125
1982-04-02,445.1875
1982-04-03,471.90625
1982-04-04,457.4375
1982-04-05,442.15625
1982-04-06,432.4375
1982-04-07,423.90625
1982-04-08,415.0625
1982-04-09,406.3125
1982-04-10,397.65625
1982-04-11,390.5
1982-04-12,386.25
1982-04-13,382.90625
1982-04-14,379.96875
1982-04-15,382.5625
1982-04-16,386.78125
1982-04-17,387.15625
1982-04-18,402.96875
1982-04-19,428.84375
1982-04-20,451.75
1982-04-21,469.5
1982-04-22,473.0625
1982-04-23,469.34375
1982-04-24,469.6875
1982-04-25,479.625
1982-04-26,493.5625
1982-04-27,508.125
1982-04-28,547.15625
1982-04-29,584.3125
1982-04-30,585.875
1982-05-01,560.03125
1982-05-02,533.125
1982-05-03,519.40625
1982-05-04,528.21875
1982-05-05,531.71875
1982-05-06,522.71875
1982-05-07,515.28125
1982-05-08,515.65625
1982-05-09,521.15625
1982-05-10,529.625
1982-05-11,540.15625
1982-05-12,572.59375
1982-05-13,649.21875
1982-05-14,713.375
1982-05-15,685.125
1982-05-16,628.625
1982-05-17,600.5625
1982-05-18,580.9375
1982-05-19,554.40625
1982-05-20,531.875
1982-05-21,524.21875
1982-05-22,522.96875
1982-05-23,517.0
1982-05-24,504.71875
1982-05-25,491.40625
1982-05-26,480.46875
1982-05-27,474.46875
1982-05-28,474.65625
1982-05-29,492.15625
1982-05-30,540.96875
1982-05-31,592.5
1982-06-01,628.9375
1982-06-02,738.09375
1982-06-03,796.0
1982-06-04,741.75
1982-06-05,756.28125
1982-06-06,781.6875
1982-06-07,775.40625
1982-06-08,928.15625
1982-06-09,1684.875
1982-06-10,2626.0
1982-06-11,2457.625
1982-06-12,1737.6875
1982-06-13,1497.5312
1982-06-14,1398.5938
1982-06-15,1348.5312
1982-06-16,1369.375
1982-06-17,1879.7656
1982-06-18,1802.6406
1982-06-19,1783.1875
1982-06-20,1950.1094
1982-06-21,2010.2969
1982-06-22,1968.1562
1982-06-23,1999.375
1982-06-24,2124.7969
1982-06-25,2236.1719
1982-06-26,2270.9062
1982-06-27,2079.3125
1982-06-28,1931.1562
1982-06-29,2082.7656
1982-06-30,2148.125
1982-07-01,2177.5625
1982-07-02,2086.7031
1982-07-03,2039.875
1982-07-04,2175.0312
1982-07-05,2503.0625
1982-07-06,2776.7188
1982-07-07,2825.3125
1982-07-08,2947.8125
1982-07-09,3104.2812
1982-07-10,3066.0938
1982-07-11,3105.9219
1982-07-12,3493.9844
1982-07-13,3237.3594
1982-07-14,2923.5781
1982-07-15,2875.2031
1982-07-16,2932.3594
1982-07-17,2965.5
1982-07-18,3003.5781
1982-07-19,3163.1719
1982-07-20,3512.5156
1982-07-21,3340.375
1982-07-22,3056.5156
1982-07-23,2980.2031
1982-07-24,3162.5625
1982-07-25,6268.0
1982-07-26,6143.1875
1982-07-27,4767.0938
1982-07-28,4384.9375
1982-07-29,4138.6094
1982-07-30,3965.6719
1982-07-31,3887.6875
1982-08-01,3790.0625
1982-08-02,3646.9688
1982-08-03,3492.2812
1982-08-04,3637.6719
1982-08-05,3825.2969
1982-08-06,3806.9531
1982-08-07,3683.6406
1982-08-08,3603.1562
1982-08-09,3713.9531
1982-08-10,3693.6875
1982-08-11,3649.9219
1982-08-12,3524.2188
1982-08-13,3372.2344
1982-08-14,3281.4531
1982-08-15,3187.9844
1982-08-16,3149.625
1982-08-17,3214.7812
1982-08-18,3161.4688
1982-08-19,3029.4844
1982-08-20,2935.2656
1982-08-21,2915.6562
1982-08-22,2953.1875
1982-08-23,2963.6562
1982-08-24,2918.5781
1982-08-25,2906.2031
1982-08-26,2933.2969
1982-08-27,2944.2969
1982-08-28,2887.0312
1982-08-29,2809.3906
1982-08-30,2753.8594
1982-08-31,2748.6562
1982-09-01,2763.4062
1982-09-02,2697.2812
1982-09-03,2590.2188
1982-09-04,2483.5156
1982-09-05,2390.7188
1982-09-06,2321.1406
1982-09-07,2267.3438
1982-09-08,2220.1406
1982-09-09,2168.0078
1982-09-10,2114.3984
1982-09-11,2079.7969
1982-09-12,2077.9297
1982-09-13,2076.6016
1982-09-14,2051.8125
1982-09-15,2213.3125
1982-09-16,2275.8906
1982-09-17,2181.8672
1982-09-18,2095.2656
1982-09-19,2090.4297
1982-09-20,2189.7422
1982-09-21,2261.3594
1982-09-22,2216.2344
1982-09-23,2199.5625
1982-09-24,2132.4453
1982-09-25,2036.6406
1982-09-26,1959.8125
1982-09-27,1896.2188
1982-09-28,1826.8828
1982-09-29,1759.0312
1982-09-30,1699.1094
1982-10-01,1646.5156
1982-10-02,1600.4375
1982-10-03,1549.7188
1982-10-04,1493.5938
1982-10-05,1435.5859
1982-10-06,1379.0312
1982-10-07,1325.2812
1982-10-08,1278.2422
1982-10-09,1234.7344
1982-10-10,1199.6719
1982-10-11,1168.2734
1982-10-12,1135.1016
1982-10-13,1098.7422
1982-10-14,1058.6484
1982-10-15,1017.47656
1982-10-16,978.8125
1982-10-17,940.7422
1982-10-18,903.375
1982-10-19,867.91406
1982-10-20,835.78125
1982-10-21,811.90625
1982-10-22,796.52344
1982-10-23,777.71094
1982-10-24,756.3281
1982-10-25,746.9219
1982-10-26,734.375
1982-10-27,717.4531
1982-10-28,711.9844
1982-10-29,705.9375
1982-10-30,696.85156
1982-10-31,695.66406
1982-11-01,688.4453
1982-11-02,669.9531
1982-11-03,648.625
1982-11-04,627.1328
1982-11-05,607.4219
1982-11-06,605.2031
1982-11-07,612.64844
1982-11-08,612.4453
1982-11-09,606.8203
1982-11-10,607.2969
1982-11-11,625.0
1982-11-12,636.96875
1982-11-13,631.78125
1982-11-14,636.1875
1982-11-15,636.2344
1982-11-16,627.8828
1982-11-17,616.9219
1982-11-18,610.14844
1982-11-19,601.21875
1982-11-20,586.35156
1982-11-21,604.6172
1982-11-22,651.9219
1982-11-23,669.4375
1982-11-24,652.6719
1982-11-25,637.53125
1982-11-26,644.28125
1982-11-27,651.5625
1982-11-28,659.7656
1982-11-29,649.1094
1982-11-30,628.4844
1982-12-01,610.78125
1982-12-02,592.2031
1982-12-03,574.3594
1982-12-04,561.1094
1982-12-05,557.7656
1982-12-06,563.40625
1982-12-07,566.625
1982-12-08,560.6719
1982-12-09,547.1406
1982-12-10,530.84375
1982-12-11,516.3125
1982-12-12,504.10938
1982-12-13,492.70312
1982-12-14,481.5
1982-12-15,478.17188
1982-12-16,500.65625
1982-12-17,515.75
1982-12-18,508.4375
1982-12-19,498.82812
1982-12-20,488.59375
1982-12-21,481.28125
1982-12-22,476.54688
1982-12-23,472.0625
1982-12-24,482.95312
1982-12-25,500.26562
1982-12-26,500.89062
1982-12-27,486.48438
1982-12-28,470.14062
1982-12-29,456.98438
1982-12-30,448.79688
1982-12-31,458.90625
1983-01-01,462.5
1983-01-02,455.73438
1983-01-03,449.875
1983-01-04,443.75
1983-01-05,433.82812
1983-01-06,422.76562
1983-01-07,412.54688
1983-01-08,402.67188
1983-01-09,396.40625
1983-01-10,404.65625
1983-01-11,413.07812
1983-01-12,406.98438
1983-01-13,399.89062
1983-01-14,394.51562
1983-01-15,386.25
1983-01-16,383.17188
1983-01-17,381.92188
1983-01-18,375.03125
1983-01-19,370.1875
1983-01-20,367.23438
1983-01-21,362.9375
1983-01-22,357.46875
1983-01-23,350.95312
1983-01-24,345.8125
1983-01-25,342.89062
1983-01-26,340.3125
1983-01-27,336.125
1983-01-28,330.73438
1983-01-29,330.76562
1983-01-30,367.4375
1983-01-31,413.14062
1983-02-01,414.45312
1983-02-02,398.92188
1983-02-03,386.1875
1983-02-04,374.70312
1983-02-05,364.57812
1983-02-06,358.3125
1983-02-07,354.59375
1983-02-08,350.67188
1983-02-09,347.9375
1983-02-10,347.67188
1983-02-11,347.625
1983-02-12,350.85938
1983-02-13,351.89062
1983-02-14,349.14062
1983-02-15,357.45312
1983-02-16,374.46875
1983-02-17,384.67188
1983-02-18,385.8125
1983-02-19,389.0
1983-02-20,398.26562
1983-02-21,415.45312
1983-02-22,423.07812
1983-02-23,424.625
1983-02-24,418.23438
1983-02-25,411.89062
1983-02-26,416.73438
1983-02-27,434.8125
1983-02-28,441.07812
1983-03-01,428.98438
1983-03-02,417.54688
1983-03-03,424.14062
1983-03-04,437.67188
1983-03-05,445.32812
1983-03-06,441.79688
1983-03-07,424.6875
1983-03-08,406.78125
1983-03-09,394.20312
1983-03-10,386.07812
1983-03-11,382.40625
1983-03-12,383.45312
1983-03-13,387.5625
1983-03-14,388.75
1983-03-15,390.53125
1983-03-16,392.8125
1983-03-17,390.375
1983-03-18,392.09375
1983-03-19,408.3125
1983-03-20,425.59375
1983-03-21,437.9375
1983-03-22,439.6875
1983-03-23,442.71875
1983-03-24,445.40625
1983-03-25,434.4375
1983-03-26,418.625
1983-03-27,414.75
1983-03-28,424.375
1983-03-29,420.8125
1983-03-30,403.90625
1983-03-31,389.8125
1983-04-01,377.9375
1983-04-02,368.03125
1983-04-03,360.0625
1983-04-04,353.59375
1983-04-05,348.15625
1983-04-06,342.8125
1983-04-07,338.4375
1983-04-08,337.09375
1983-04-09,336.71875
1983-04-10,333.84375
1983-04-11,329.84375
1983-04-12,327.3125
1983-04-13,327.15625
1983-04-14,330.3125
1983-04-15,339.03125
1983-04-16,349.15625
1983-04-17,365.5
1983-04-18,381.625
1983-04-19,381.125
1983-04-20,369.0625
1983-04-21,359.125
1983-04-22,354.3125
1983-04-23,363.21875
1983-04-24,385.25
1983-04-25,393.3125
1983-04-26,412.5
1983-04-27,439.84375
1983-04-28,505.375
1983-04-29,589.6875
1983-04-30,593.78125
1983-05-01,583.65625
1983-05-02,618.875
1983-05-03,664.8125
1983-05-04,658.34375
1983-05-05,627.71875
1983-05-06,673.84375
1983-05-07,695.5
1983-05-08,692.84375
1983-05-09,676.71875
1983-05-10,657.5
1983-05-11,628.34375
1983-05-12,620.5
1983-05-13,628.59375
1983-05-14,670.6875
1983-05-15,709.5
1983-05-16,768.5
1983-05-17,802.03125
1983-05-18,800.59375
1983-05-19,806.375
1983-05-20,900.4375
1983-05-21,950.625
1983-05-22,961.4375
1983-05-23,1022.5
1983-05-24,1043.8125
1983-05-25,1047.125
1983-05-26,990.71875
1983-05-27,919.96875
1983-05-28,878.65625
1983-05-29,855.53125
1983-05-30,856.59375
1983-05-31,922.40625
1983-06-01,922.375
1983-06-02,884.8281
1983-06-03,882.53125
1983-06-04,899.6719
1983-06-05,983.125
1983-06-06,1181.1719
1983-06-07,1184.8594
1983-06-08,1173.1719
1983-06-09,1143.6719
1983-06-10,1127.9531
1983-06-11,1100.9531
1983-06-12,1051.2188
1983-06-13,1015.0781
1983-06-14,984.6406
1983-06-15,986.28125
1983-06-16,1035.0625
1983-06-17,1098.0469
1983-06-18,1306.7812
1983-06-19,1358.0938
1983-06-20,1308.9844
1983-06-21,1311.5
1983-06-22,1389.1406
1983-06-23,1454.3438
1983-06-24,1419.6406
1983-06-25,1498.3281
1983-06-26,1495.5625
1983-06-27,1461.4844
1983-06-28,1555.8906
1983-06-29,1802.9375
1983-06-30,1965.2656
1983-07-01,2115.7188
1983-07-02,2438.9219
1983-07-03,2701.0469
1983-07-04,3138.1562
1983-07-05,4486.6875
1983-07-06,3909.3906
1983-07-07,3254.5625
1983-07-08,2872.9688
1983-07-09,2670.3438
1983-07-10,2576.0938
1983-07-11,2554.3906
1983-07-12,2538.0
1983-07-13,2516.2344
1983-07-14,2530.2656
1983-07-15,2648.8125
1983-07-16,2803.9688
1983-07-17,4559.1094
1983-07-18,6703.8906
1983-07-19,5398.7344
1983-07-20,4061.1875
1983-07-21,3602.8906
1983-07-22,3500.2812
1983-07-23,3528.3594
1983-07-24,3974.4844
1983-07-25,3965.375
1983-07-26,3724.3281
1983-07-27,3467.9688
1983-07-28,3302.375
1983-07-29,3409.4375
1983-07-30,4116.2344
1983-07-31,4514.1094
1983-08-01,4610.7656
1983-08-02,4320.8906
1983-08-03,3853.9688
1983-08-04,3553.6172
1983-08-05,3495.7422
1983-08-06,3469.4922
1983-08-07,3369.0625
1983-08-08,3203.6328
1983-08-09,3083.4766
1983-08-10,2989.1016
1983-08-11,2908.414
1983-08-12,2861.0703
1983-08-13,2836.7188
1983-08-14,2793.4531
1983-08-15,2745.2734
1983-08-16,2708.9844
1983-08-17,2672.4688
1983-08-18,2611.5234
1983-08-19,2554.6094
1983-08-20,2528.7812
1983-08-21,2544.1094
1983-08-22,2561.0156
1983-08-23,3498.0
1983-08-24,4461.836
1983-08-25,3717.7344
1983-08-26,3252.9219
1983-08-27,3048.75
1983-08-28,2909.8828
1983-08-29,2843.9922
1983-08-30,2831.0547
1983-08-31,2840.8984
1983-09-01,3341.7578
1983-09-02,3424.7031
1983-09-03,3100.8516
1983-09-04,2892.8516
1983-09-05,2784.4766
1983-09-06,2699.9844
1983-09-07,2636.0078
1983-09-08,2610.5078
1983-09-09,3348.1484
1983-09-10,3261.5469
1983-09-11,3026.6172
1983-09-12,2958.2422
1983-09-13,3037.3906
1983-09-14,2936.6172
1983-09-15,2790.8047
1983-09-16,2685.586
1983-09-17,2618.8516
1983-09-18,2707.8906
1983-09-19,2821.4219
1983-09-20,2842.6484
1983-09-21,2819.0078
1983-09-22,2806.9766
1983-09-23,3707.75
1983-09-24,3630.5078
1983-09-25,3299.5312
1983-09-26,3175.6016
1983-09-27,3073.9922
1983-09-28,2897.0938
1983-09-29,2737.1719
1983-09-30,2606.5547
1983-10-01,2495.6875
1983-10-02,2394.9766
1983-10-03,2302.6562
1983-10-04,2224.4844
1983-10-05,2144.289
1983-10-06,2060.336
1983-10-07,1998.4062
1983-10-08,1959.25
1983-10-09,1890.4297
1983-10-10,1834.5625
1983-10-11,1849.2734
1983-10-12,2022.5156
1983-10-13,2040.6641
1983-10-14,1960.8438
1983-10-15,1865.9844
1983-10-16,1778.9844
1983-10-17,1707.6172
1983-10-18,1641.3281
1983-10-19,1578.7266
1983-10-20,1518.1641
1983-10-21,1457.7969
1983-10-22,1398.5156
1983-10-23,1342.6328
1983-10-24,1290.3906
1983-10-25,1254.9844
1983-10-26,1226.7266
1983-10-27,1189.9531
1983-10-28,1149.0859
1983-10-29,1104.8125
1983-10-30,1060.3672
1983-10-31,1017.3828
1983-11-01,976.35156
1983-11-02,936.7969
1983-11-03,899.7422
1983-11-04,865.4375
1983-11-05,837.59375
1983-11-06,814.60156
1983-11-07,787.8125
1983-11-08,758.2656
1983-11-09,729.0469
1983-11-10,700.25
1983-11-11,672.625
1983-11-12,646.28125
1983-11-13,622.3906
1983-11-14,602.3125
1983-11-15,585.8594
1983-11-16,570.53125
1983-11-17,554.25
1983-11-18,538.71875
1983-11-19,526.4375
1983-11-20,520.96875
1983-11-21,523.0
1983-11-22,520.4375
1983-11-23,509.29688
1983-11-24,496.03125
1983-11-25,481.15625
1983-11-26,466.45312
1983-11-27,451.3125
1983-11-28,436.48438
1983-11-29,422.32812
1983-11-30,409.5625
1983-12-01,398.17188
1983-12-02,387.84375
1983-12-03,378.0625
1983-12-04,367.64062
1983-12-05,357.82812
1983-12-06,348.78125
1983-12-07,339.75
1983-12-08,331.59375
1983-12-09,324.23438
1983-12-10,317.04688
1983-12-11,310.70312
1983-12-12,306.76562
1983-12-13,304.78125
1983-12-14,301.71875
1983-12-15,297.0
1983-12-16,291.84375
1983-12-17,289.875
1983-12-18,296.70312
1983-12-19,307.42188
1983-12-20,312.67188
1983-12-21,317.17188
1983-12-22,317.9375
1983-12-23,318.9375
1983-12-24,320.17188
1983-12-25,317.26562
1983-12-26,317.70312
1983-12-27,330.40625
1983-12-28,346.85938
1983-12-29,353.875
1983-12-30,347.64062
1983-12-31,339.0625
1984-01-01,331.85938
1984-01-02,324.75
1984-01-03,317.57812
1984-01-04,311.98438
1984-01-05,307.71875
1984-01-06,304.0
1984-01-07,306.01562
1984-01-08,308.26562
1984-01-09,305.25
1984-01-10,302.32812
1984-01-11,299.75
1984-01-12,298.0625
1984-01-13,296.0
1984-01-14,300.29688
1984-01-15,318.125
1984-01-16,338.23438
1984-01-17,351.46875
1984-01-18,357.51562
1984-01-19,358.54688
1984-01-20,358.78125
1984-01-21,355.39062
1984-01-22,350.125
1984-01-23,353.5625
1984-01-24,358.0625
1984-01-25,352.46875
1984-01-26,350.5
1984-01-27,352.25
1984-01-28,348.125
1984-01-29,340.3125
1984-01-30,332.9375
1984-01-31,328.21875
1984-02-01,324.65625
1984-02-02,322.53125
1984-02-03,324.0625
1984-02-04,332.5625
1984-02-05,348.5625
1984-02-06,354.125
1984-02-07,348.1875
1984-02-08,342.46875
1984-02-09,337.375
1984-02-10,334.4375
1984-02-11,334.65625
1984-02-12,336.8125
1984-02-13,337.34375
1984-02-14,334.9375
1984-02-15,329.09375
1984-02-16,322.75
1984-02-17,320.15625
1984-02-18,326.46875
1984-02-19,332.0
1984-02-20,334.6875
1984-02-21,345.625
1984-02-22,357.625
1984-02-23,362.0
1984-02-24,363.3125
1984-02-25,359.03125
1984-02-26,350.03125
1984-02-27,340.78125
1984-02-28,338.71875
1984-02-29,344.6875
1984-03-01,346.9375
1984-03-02,343.25
1984-03-03,340.25
1984-03-04,340.46875
1984-03-05,350.3125
1984-03-06,359.78125
1984-03-07,353.75
1984-03-08,344.34375
1984-03-09,341.5625
1984-03-10,339.75
1984-03-11,334.46875
1984-03-12,335.6875
1984-03-13,340.9375
1984-03-14,338.375
1984-03-15,332.09375
1984-03-16,326.1875
1984-03-17,320.4375
1984-03-18,315.1875
1984-03-19,311.8125
1984-03-20,310.1875
1984-03-21,308.8125
1984-03-22,305.21875
1984-03-23,299.78125
1984-03-24,297.84375
1984-03-25,301.4375
1984-03-26,308.0
1984-03-27,319.125
1984-03-28,325.9375
1984-03-29,321.21875
1984-03-30,316.78125
1984-03-31,315.5
1984-04-01,319.40625
1984-04-02,325.46875
1984-04-03,334.9375
1984-04-04,340.59375
1984-04-05,335.84375
1984-04-06,328.28125
1984-04-07,320.1875
1984-04-08,312.6875
1984-04-09,306.5
1984-04-10,301.1875
1984-04-11,296.65625
1984-04-12,293.5625
1984-04-13,291.84375
1984-04-14,289.21875
1984-04-15,288.09375
1984-04-16,291.625
1984-04-17,296.6875
1984-04-18,299.84375
1984-04-19,306.0
1984-04-20,311.5
1984-04-21,307.0625
1984-04-22,300.90625
1984-04-23,297.96875
1984-04-24,297.03125
1984-04-25,295.1875
1984-04-26,294.875
1984-04-27,298.59375
1984-04-28,304.875
1984-04-29,316.25
1984-04-30,377.46875
1984-05-01,467.34375
1984-05-02,485.78125
1984-05-03,451.84375
1984-05-04,430.71875
1984-05-05,425.625
1984-05-06,446.75
1984-05-07,511.25
1984-05-08,547.3125
1984-05-09,542.53125
1984-05-10,507.21875
1984-05-11,492.46875
1984-05-12,493.5
1984-05-13,498.21875
1984-05-14,513.4375
1984-05-15,588.53125
1984-05-16,719.3125
1984-05-17,754.78125
1984-05-18,737.5625
1984-05-19,736.1875
1984-05-20,736.40625
1984-05-21,791.90625
1984-05-22,834.1875
1984-05-23,819.71875
1984-05-24,802.5
1984-05-25,802.5
1984-05-26,816.59375
1984-05-27,854.78125
1984-05-28,857.4375
1984-05-29,886.34375
1984-05-30,991.34375
1984-05-31,1096.8125
1984-06-01,1098.2188
1984-06-02,1119.9688
1984-06-03,1157.0625
1984-06-04,1161.3125
1984-06-05,1148.25
1984-06-06,1163.125
1984-06-07,1198.125
1984-06-08,1258.5938
1984-06-09,1305.4062
1984-06-10,1333.375
1984-06-11,1360.9375
1984-06-12,1387.5312
1984-06-13,1400.3125
1984-06-14,1382.625
1984-06-15,1388.2188
1984-06-16,1503.6875
1984-06-17,1669.2188
1984-06-18,1905.2188
1984-06-19,2032.9688
1984-06-20,1915.9062
1984-06-21,1806.4375
1984-06-22,1754.1875
1984-06-23,1739.3438
1984-06-24,1749.875
1984-06-25,1955.8125
1984-06-26,2113.6875
1984-06-27,2246.5938
1984-06-28,2210.6562
1984-06-29,2161.3125
1984-06-30,2288.4688
1984-07-01,2382.0625
1984-07-02,2385.2188
1984-07-03,2329.3594
1984-07-04,2315.0
1984-07-05,3454.5625
1984-07-06,3945.3281
1984-07-07,4141.6094
1984-07-08,4457.5312
1984-07-09,7536.6875
1984-07-10,6367.25
1984-07-11,5243.0625
1984-07-12,6061.6875
1984-07-13,5771.8594
1984-07-14,5203.9062
1984-07-15,4716.7656
1984-07-16,4669.9062
1984-07-17,4683.1406
1984-07-18,4509.2812
1984-07-19,4351.1562
1984-07-20,4128.75
1984-07-21,3995.6719
1984-07-22,3960.8906
1984-07-23,4433.2812
1984-07-24,5775.828
1984-07-25,6695.922
1984-07-26,6281.422
1984-07-27,6908.6875
1984-07-28,7546.2188
1984-07-29,7079.4688
1984-07-30,6577.672
1984-07-31,5994.5312
1984-08-01,5536.7812
1984-08-02,5337.5
1984-08-03,5184.875
1984-08-04,5190.5312
1984-08-05,5335.9375
1984-08-06,4964.5625
1984-08-07,4655.3438
1984-08-08,4482.3438
1984-08-09,4378.6406
1984-08-10,4246.8438
1984-08-11,4124.1875
1984-08-12,4001.8281
1984-08-13,3897.6562
1984-08-14,3800.3281
1984-08-15,3702.3594
1984-08-16,3614.2656
1984-08-17,3545.5938
1984-08-18,3487.2031
1984-08-19,3510.9219
1984-08-20,3580.5625
1984-08-21,3578.5
1984-08-22,3597.0781
1984-08-23,3586.8125
1984-08-24,3756.8906
1984-08-25,3708.125
1984-08-26,3545.1562
1984-08-27,3486.0312
1984-08-28,3401.1875
1984-08-29,3305.1875
1984-08-30,3235.9219
1984-08-31,3256.9531
1984-09-01,3632.7812
1984-09-02,3683.125
1984-09-03,3367.0938
1984-09-04,3222.0156
1984-09-05,3877.5938
1984-09-06,4448.3906
1984-09-07,5806.578
1984-09-08,5426.0625
1984-09-09,4574.1562
1984-09-10,4057.75
1984-09-11,3772.4688
1984-09-12,3616.0469
1984-09-13,3510.6094
1984-09-14,3447.25
1984-09-15,3428.6562
1984-09-16,3447.7656
1984-09-17,4235.9062
1984-09-18,4975.547
1984-09-19,4886.4375
1984-09-20,4321.1562
1984-09-21,3913.2031
1984-09-22,3685.2656
1984-09-23,3567.3906
1984-09-24,3433.7344
1984-09-25,3294.0312
1984-09-26,3169.3125
1984-09-27,3060.8125
1984-09-28,2958.7969
1984-09-29,2866.6094
1984-09-30,2772.7188
1984-10-01,2675.9062
1984-10-02,2577.5625
1984-10-03,2482.1719
1984-10-04,2387.8281
1984-10-05,2296.3594
1984-10-06,2217.1875
1984-10-07,2149.5
1984-10-08,2085.2344
1984-10-09,2020.4844
1984-10-10,1963.8906
1984-10-11,1923.0781
1984-10-12,1869.4062
1984-10-13,1799.1094
1984-10-14,1724.7188
1984-10-15,1660.5
1984-10-16,1631.2188
1984-10-17,1607.5625
1984-10-18,1623.5625
1984-10-19,1702.3438
1984-10-20,1691.2188
1984-10-21,1622.3906
1984-10-22,1560.4688
1984-10-23,1497.3438
1984-10-24,1434.75
1984-10-25,1391.3125
1984-10-26,1356.0625
1984-10-27,1319.1719
1984-10-28,1283.7812
1984-10-29,1246.8281
1984-10-30,1217.7344
1984-10-31,1190.4062
1984-11-01,1155.2344
1984-11-02,1114.9375
1984-11-03,1072.9375
1984-11-04,1031.375
1984-11-05,993.1094
1984-11-06,958.6094
1984-11-07,925.1406
1984-11-08,891.28125
1984-11-09,858.875
1984-11-10,839.7031
1984-11-11,830.0625
1984-11-12,814.15625
1984-11-13,790.8906
1984-11-14,763.6094
1984-11-15,734.4219
1984-11-16,707.3594
1984-11-17,685.0469
1984-11-18,662.5156
1984-11-19,638.1094
1984-11-20,614.6406
1984-11-21,593.6406
1984-11-22,580.0
1984-11-23,571.9375
1984-11-24,561.1875
1984-11-25,546.625
1984-11-26,531.2969
1984-11-27,520.3906
1984-11-28,510.07812
1984-11-29,495.78125
1984-11-30,481.3125
1984-12-01,470.3125
1984-12-02,459.90625
1984-12-03,448.29688
1984-12-04,436.23438
1984-12-05,425.64062
1984-12-06,415.5
1984-12-07,405.3125
1984-12-08,399.54688
1984-12-09,397.64062
1984-12-10,398.125
1984-12-11,404.71875
1984-12-12,408.625
1984-12-13,409.8125
1984-12-14,452.0625
1984-12-15,488.78125
1984-12-16,473.89062
1984-12-17,447.85938
1984-12-18,431.59375
1984-12-19,422.51562
1984-12-20,416.39062
1984-12-21,410.60938
1984-12-22,408.17188
1984-12-23,407.32812
1984-12-24,403.40625
1984-12-25,396.5
1984-12-26,387.1875
1984-12-27,378.73438
1984-12-28,370.64062
1984-12-29,363.875
1984-12-30,359.98438
1984-12-31,358.07812
1985-01-01,366.01562
1985-01-02,390.625
1985-01-03,407.78125
1985-01-04,403.82812
1985-01-05,390.34375
1985-01-06,385.54688
1985-01-07,393.07812
1985-01-08,401.45312
1985-01-09,407.4375
1985-01-10,407.23438
1985-01-11,400.29688
1985-01-12,396.3125
1985-01-13,391.6875
1985-01-14,387.25
1985-01-15,383.54688
1985-01-16,382.03125
1985-01-17,378.42188
1985-01-18,368.5
1985-01-19,358.9375
1985-01-20,351.4375
1985-01-21,346.5
1985-01-22,343.0625
1985-01-23,339.6875
1985-01-24,335.96875
1985-01-25,331.25
1985-01-26,324.75
1985-01-27,319.53125
1985-01-28,325.59375
1985-01-29,335.1875
1985-01-30,334.28125
1985-01-31,340.4375
1985-02-01,354.03125
1985-02-02,359.3125
1985-02-03,353.875
1985-02-04,347.15625
1985-02-05,345.71875
1985-02-06,365.875
1985-02-07,409.09375
1985-02-08,425.53125
1985-02-09,417.6875
1985-02-10,409.1875
1985-02-11,404.625
1985-02-12,401.21875
1985-02-13,397.90625
1985-02-14,394.71875
1985-02-15,393.125
1985-02-16,388.59375
1985-02-17,379.625
1985-02-18,372.5
1985-02-19,366.46875
1985-02-20,359.40625
1985-02-21,355.65625
1985-02-22,356.375
1985-02-23,353.96875
1985-02-24,347.84375
1985-02-25,347.28125
1985-02-26,356.875
1985-02-27,362.1875
1985-02-28,355.75
1985-03-01,347.4375
1985-03-02,343.5625
1985-03-03,344.65625
1985-03-04,350.28125
1985-03-05,355.5625
1985-03-06,364.25
1985-03-07,402.65625
1985-03-08,445.3125
1985-03-09,446.21875
1985-03-10,421.46875
1985-03-11,402.125
1985-03-12,393.625
1985-03-13,390.25
1985-03-14,387.59375
1985-03-15,388.375
1985-03-16,384.9375
1985-03-17,376.78125
1985-03-18,370.25
1985-03-19,366.0625
1985-03-20,362.15625
1985-03-21,355.5625
1985-03-22,348.0
1985-03-23,340.875
1985-03-24,335.71875
1985-03-25,335.46875
1985-03-26,337.09375
1985-03-27,337.34375
1985-03-28,336.90625
1985-03-29,343.15625
1985-03-30,357.75
1985-03-31,374.09375
1985-04-01,379.53125
1985-04-02,370.84375
1985-04-03,361.5
1985-04-04,356.6875
1985-04-05,356.40625
1985-04-06,353.5
1985-04-07,346.03125
1985-04-08,340.5
1985-04-09,342.125
1985-04-10,350.0
1985-04-11,387.90625
1985-04-12,402.53125
1985-04-13,379.9375
1985-04-14,369.9375
1985-04-15,366.46875
1985-04-16,363.34375
1985-04-17,359.625
1985-04-18,356.4375
1985-04-19,356.5
1985-04-20,359.0
1985-04-21,366.15625
1985-04-22,381.65625
1985-04-23,408.28125
1985-04-24,462.375
1985-04-25,488.5625
1985-04-26,468.5625
1985-04-27,444.53125
1985-04-28,428.1875
1985-04-29,419.6875
1985-04-30,417.78125
1985-05-01,416.375
1985-05-02,413.0625
1985-05-03,429.59375
1985-05-04,448.375
1985-05-05,449.5625
1985-05-06,448.90625
1985-05-07,447.34375
1985-05-08,443.4375
1985-05-09,436.78125
1985-05-10,431.40625
1985-05-11,402.65625
1985-05-12,456.09375
1985-05-13,493.0625
1985-05-14,489.5
1985-05-15,549.40625
1985-05-16,598.875
1985-05-17,571.09375
1985-05-18,536.53125
1985-05-19,524.75
1985-05-20,513.375
1985-05-21,512.59375
1985-05-22,528.09375
1985-05-23,548.21875
1985-05-24,554.75
1985-05-25,552.0625
1985-05-26,554.4375
1985-05-27,602.15625
1985-05-28,759.71875
1985-05-29,994.53125
1985-05-30,997.875
1985-05-31,970.8125
1985-06-01,1152.3438
1985-06-02,1284.8125
1985-06-03,1202.0625
1985-06-04,1355.7188
1985-06-05,1326.4062
1985-06-06,1163.5312
1985-06-07,1062.9062
1985-06-08,1028.2188
1985-06-09,1107.7812
1985-06-10,1356.4688
1985-06-11,1285.8438
1985-06-12,1146.0625
1985-06-13,1082.4688
1985-06-14,1048.5312
1985-06-15,1056.875
1985-06-16,1232.4062
1985-06-17,2587.9062
1985-06-18,2615.0312
1985-06-19,2122.0938
1985-06-20,1905.3125
1985-06-21,1756.3125
1985-06-22,1678.0625
1985-06-23,1641.3438
1985-06-24,1628.125
1985-06-25,1604.125
1985-06-26,1601.4375
1985-06-27,1662.25
1985-06-28,1868.7812
1985-06-29,3355.7812
1985-06-30,2982.2031
1985-07-01,2486.4375
1985-07-02,2425.8906
1985-07-03,2355.4688
1985-07-04,2306.4844
1985-07-05,2342.6719
1985-07-06,2474.5312
1985-07-07,2697.8281
1985-07-08,2993.1562
1985-07-09,3967.375
1985-07-10,3939.6562
1985-07-11,3944.8125
1985-07-12,4012.2188
1985-07-13,4250.4844
1985-07-14,3982.4062
1985-07-15,3782.3594
1985-07-16,3723.9062
1985-07-17,3662.1875
1985-07-18,3560.3906
1985-07-19,3410.0156
1985-07-20,3740.6562
1985-07-21,5554.1562
1985-07-22,6243.5625
1985-07-23,5723.4688
1985-07-24,6295.4062
1985-07-25,6634.203
1985-07-26,5693.578
1985-07-27,4932.9688
1985-07-28,4829.1562
1985-07-29,5301.3594
1985-07-30,5230.4062
1985-07-31,4849.3125
1985-08-01,4578.7812
1985-08-02,4541.0625
1985-08-03,4595.8125
1985-08-04,4387.5938
1985-08-05,4176.7344
1985-08-06,4014.0625
1985-08-07,3882.9531
1985-08-08,3770.3281
1985-08-09,3675.8125
1985-08-10,3610.7969
1985-08-11,3535.2344
1985-08-12,3433.9844
1985-08-13,3356.4688
1985-08-14,3374.6406
1985-08-15,3495.5156
1985-08-16,3621.5938
1985-08-17,3577.7188
1985-08-18,3391.0
1985-08-19,3247.9375
1985-08-20,3212.5781
1985-08-21,3213.2812
1985-08-22,3420.2969
1985-08-23,4600.4844
1985-08-24,5428.703
1985-08-25,4804.7812
1985-08-26,4273.9375
1985-08-27,3972.75
1985-08-28,3881.9531
1985-08-29,3736.2031
1985-08-30,3533.4531
1985-08-31,3390.2812
1985-09-01,3280.0
1985-09-02,3367.4219
1985-09-03,3720.3125
1985-09-04,5333.1094
1985-09-05,8056.6094
1985-09-06,9574.266
1985-09-07,6788.0
1985-09-08,5292.5
1985-09-09,4677.5
1985-09-10,4351.703
1985-09-11,4240.547
1985-09-12,4124.6406
1985-09-13,3968.75
1985-09-14,3818.0625
1985-09-15,3694.0312
1985-09-16,3730.875
1985-09-17,4226.8906
1985-09-18,4154.4688
1985-09-19,3826.4375
1985-09-20,3605.6562
1985-09-21,3451.4844
1985-09-22,3328.625
1985-09-23,3216.1562
1985-09-24,3111.7812
1985-09-25,3028.7031
1985-09-26,2955.625
1985-09-27,2878.4375
1985-09-28,2794.8125
1985-09-29,2873.1094
1985-09-30,2820.4375
1985-10-01,2696.5625
1985-10-02,2592.8125
1985-10-03,2494.5312
1985-10-04,2401.7656
1985-10-05,2317.2188
1985-10-06,2235.2031
1985-10-07,2153.6875
1985-10-08,2075.9844
1985-10-09,2002.7188
1985-10-10,1960.2188
1985-10-11,1931.8438
1985-10-12,1888.0469
1985-10-13,1834.9844
1985-10-14,1780.1406
1985-10-15,1737.0625
1985-10-16,1695.9844
1985-10-17,1839.6875
1985-10-18,3863.6406
1985-10-19,3546.125
1985-10-20,2732.0938
1985-10-21,2390.2188
1985-10-22,2205.5469
1985-10-23,2066.5781
1985-10-24,1953.2031
1985-10-25,1860.0469
1985-10-26,1785.9844
1985-10-27,1723.5781
1985-10-28,1676.3438
1985-10-29,1661.8594
1985-10-30,1639.3125
1985-10-31,1592.3594
1985-11-01,1539.625
1985-11-02,1486.5625
1985-11-03,1440.7031
1985-11-04,1422.0781
1985-11-05,1399.0938
1985-11-06,1367.5
1985-11-07,1347.4844
1985-11-08,1336.0938
1985-11-09,1345.625
1985-11-10,1371.3906
1985-11-11,1363.8594
1985-11-12,1345.2188
1985-11-13,1304.6875
1985-11-14,1246.4531
1985-11-15,1193.9844
1985-11-16,1146.25
1985-11-17,1100.8438
1985-11-18,1057.5938
1985-11-19,1017.2656
1985-11-20,984.375
1985-11-21,953.9531
1985-11-22,926.90625
1985-11-23,911.1094
1985-11-24,898.75
1985-11-25,878.2031
1985-11-26,854.21875
1985-11-27,829.2969
1985-11-28,807.7969
1985-11-29,784.5156
1985-11-30,758.0469
1985-12-01,735.09375
1985-12-02,718.09375
1985-12-03,704.9844
1985-12-04,693.59375
1985-12-05,683.0625
1985-12-06,669.1406
1985-12-07,650.9219
1985-12-08,632.0781
1985-12-09,613.5781
1985-12-10,602.71875
1985-12-11,596.3125
1985-12-12,588.8594
1985-12-13,576.6406
1985-12-14,559.1094
1985-12-15,540.9219
1985-12-16,526.21875
1985-12-17,519.3594
1985-12-18,519.625
1985-12-19,537.53125
1985-12-20,542.65625
1985-12-21,525.7031
1985-12-22,507.1875
1985-12-23,489.625
1985-12-24,474.85938
1985-12-25,463.10938
1985-12-26,453.79688
1985-12-27,446.28125
1985-12-28,477.17188
1985-12-29,528.1094
1985-12-30,547.03125
1985-12-31,534.9531
1986-01-01,518.65625
1986-01-02,499.70312
1986-01-03,482.6875
1986-01-04,472.17188
1986-01-05,468.78125
1986-01-06,463.03125
1986-01-07,448.40625
1986-01-08,432.625
1986-01-09,421.53125
1986-01-10,414.125
1986-01-11,406.46875
1986-01-12,399.9375
1986-01-13,394.875
1986-01-14,390.875
1986-01-15,386.5
1986-01-16,381.625
1986-01-17,376.625
1986-01-18,380.53125
1986-01-19,386.25
1986-01-20,384.09375
1986-01-21,378.71875
1986-01-22,371.84375
1986-01-23,366.9375
1986-01-24,372.46875
1986-01-25,377.4375
1986-01-26,371.65625
1986-01-27,372.125
1986-01-28,373.96875
1986-01-29,373.1875
1986-01-30,383.0625
1986-01-31,406.09375
1986-02-01,419.8125
1986-02-02,416.5
1986-02-03,411.40625
1986-02-04,406.03125
1986-02-05,404.5
1986-02-06,420.0625
1986-02-07,432.5
1986-02-08,423.3125
1986-02-09,406.21875
1986-02-10,391.375
1986-02-11,379.875
1986-02-12,377.53125
1986-02-13,381.0625
1986-02-14,385.90625
1986-02-15,394.1875
1986-02-16,406.65625
1986-02-17,415.03125
1986-02-18,416.875
1986-02-19,423.90625
1986-02-20,418.40625
1986-02-21,403.84375
1986-02-22,401.78125
1986-02-23,418.46875
1986-02-24,429.84375
1986-02-25,426.625
1986-02-26,422.8125
1986-02-27,416.1875
1986-02-28,412.96875
1986-03-01,415.09375
1986-03-02,419.0
1986-03-03,415.375
1986-03-04,402.28125
1986-03-05,395.09375
1986-03-06,399.75
1986-03-07,414.0
1986-03-08,424.84375
1986-03-09,425.0
1986-03-10,423.65625
1986-03-11,420.96875
1986-03-12,418.84375
1986-03-13,421.0625
1986-03-14,421.75
1986-03-15,417.0
1986-03-16,422.125
1986-03-17,430.625
1986-03-18,430.96875
1986-03-19,430.59375
1986-03-20,424.65625
1986-03-21,414.96875
1986-03-22,409.53125
1986-03-23,410.15625
1986-03-24,416.6875
1986-03-25,414.125
1986-03-26,401.375
1986-03-27,390.125
1986-03-28,380.5625
1986-03-29,373.71875
1986-03-30,370.6875
1986-03-31,370.125
1986-04-01,369.125
1986-04-02,366.0625
1986-04-03,361.875
1986-04-04,358.28125
1986-04-05,358.3125
1986-04-06,360.5625
1986-04-07,358.96875
1986-04-08,355.75
1986-04-09,354.3125
1986-04-10,353.34375
1986-04-11,361.09375
1986-04-12,392.1875
1986-04-13,425.84375
1986-04-14,454.15625
1986-04-15,477.78125
1986-04-16,488.375
1986-04-17,498.125
1986-04-18,489.375
1986-04-19,463.59375
1986-04-20,443.5625
1986-04-21,429.34375
1986-04-22,418.71875
1986-04-23,410.84375
1986-04-24,405.28125
1986-04-25,406.65625
1986-04-26,431.3125
1986-04-27,488.71875
1986-04-28,525.375
1986-04-29,547.9375
1986-04-30,555.15625
1986-05-01,548.21875
1986-05-02,553.71875
1986-05-03,610.28125
1986-05-04,685.46875
1986-05-05,714.25
1986-05-06,674.9375
1986-05-07,628.53125
1986-05-08,606.625
1986-05-09,597.78125
1986-05-10,591.5
1986-05-11,568.21875
1986-05-12,567.125
1986-05-13,585.34375
1986-05-14,603.03125
1986-05-15,619.6875
1986-05-16,639.28125
1986-05-17,652.125
1986-05-18,660.15625
1986-05-19,670.375
1986-05-20,713.1875
1986-05-21,788.375
1986-05-22,870.625
1986-05-23,890.75
1986-05-24,841.375
1986-05-25,768.0625
1986-05-26,711.71875
1986-05-27,678.84375
1986-05-28,666.6875
1986-05-29,689.15625
1986-05-30,695.53125
1986-05-31,712.375
1986-06-01,729.34375
1986-06-02,775.21875
1986-06-03,831.8125
1986-06-04,823.875
1986-06-05,783.59375
1986-06-06,756.15625
1986-06-07,778.21875
1986-06-08,810.34375
1986-06-09,863.59375
1986-06-10,886.40625
1986-06-11,872.5
1986-06-12,852.84375
1986-06-13,844.9375
1986-06-14,844.46875
1986-06-15,864.625
1986-06-16,899.5625
1986-06-17,942.90625
1986-06-18,1010.4375
1986-06-19,1147.7812
1986-06-20,1409.25
1986-06-21,1547.0938
1986-06-22,1545.4688
1986-06-23,1617.75
1986-06-24,1676.2812
1986-06-25,1703.5
1986-06-26,1757.4375
1986-06-27,1915.0312
1986-06-28,4179.2188
1986-06-29,5796.0312
1986-06-30,5530.4062
1986-07-01,4802.125
1986-07-02,3761.25
1986-07-03,3155.875
1986-07-04,2961.7188
1986-07-05,3791.0
1986-07-06,4615.7812
1986-07-07,4008.9375
1986-07-08,3907.8125
1986-07-09,4261.8125
1986-07-10,4041.0
1986-07-11,3766.4375
1986-07-12,3617.125
1986-07-13,3570.9062
1986-07-14,3716.4688
1986-07-15,3897.7812
1986-07-16,4244.8125
1986-07-17,4350.5
1986-07-18,4114.4375
1986-07-19,3927.5938
1986-07-20,3793.0625
1986-07-21,3708.0469
1986-07-22,3635.4375
1986-07-23,3689.9062
1986-07-24,3873.7188
1986-07-25,4199.1094
1986-07-26,4340.6562
1986-07-27,4464.4844
1986-07-28,4242.1406
1986-07-29,3965.9375
1986-07-30,3910.5156
1986-07-31,5057.0625
1986-08-01,5816.125
1986-08-02,5336.8594
1986-08-03,5511.578
1986-08-04,5366.7344
1986-08-05,4747.5625
1986-08-06,4345.875
1986-08-07,4138.1875
1986-08-08,3978.4062
1986-08-09,3849.0
1986-08-10,3762.5469
1986-08-11,3681.1094
1986-08-12,3563.5781
1986-08-13,3512.625
1986-08-14,3356.4688
1986-08-15,3236.2969
1986-08-16,3141.2188
1986-08-17,3186.1562
1986-08-18,3388.0156
1986-08-19,3416.0469
1986-08-20,3270.5938
1986-08-21,3203.4844
1986-08-22,3197.1406
1986-08-23,3336.9062
1986-08-24,3832.1562
1986-08-25,4060.5
1986-08-26,3930.0156
1986-08-27,3666.8281
1986-08-28,3436.5625
1986-08-29,3268.375
1986-08-30,3158.7969
1986-08-31,3086.2656
1986-09-01,3028.0156
1986-09-02,2977.2344
1986-09-03,2904.5469
1986-09-04,3025.8125
1986-09-05,3936.5469
1986-09-06,3947.5
1986-09-07,3513.75
1986-09-08,3221.0781
1986-09-09,3050.8125
1986-09-10,2959.25
1986-09-11,3337.9688
1986-09-12,5242.1562
1986-09-13,4560.453
1986-09-14,3880.3281
1986-09-15,3602.8594
1986-09-16,3603.2656
1986-09-17,3411.5781
1986-09-18,3222.4844
1986-09-19,3079.125
1986-09-20,2984.0625
1986-09-21,2920.5
1986-09-22,2856.5156
1986-09-23,2773.6406
1986-09-24,2716.1094
1986-09-25,2715.7344
1986-09-26,2673.0469
1986-09-27,2604.25
1986-09-28,2957.5312
1986-09-29,2944.3281
1986-09-30,2755.4531
1986-10-01,2619.4219
1986-10-02,2524.1406
1986-10-03,2441.9844
1986-10-04,2351.9219
1986-10-05,2257.6406
1986-10-06,2166.6719
1986-10-07,2097.2344
1986-10-08,2190.2656
1986-10-09,2238.7031
1986-10-10,2178.25
1986-10-11,2087.2969
1986-10-12,2006.0469
1986-10-13,1944.5156
1986-10-14,1889.3906
1986-10-15,1873.6875
1986-10-16,1849.7188
1986-10-17,1816.5156
1986-10-18,1778.9219
1986-10-19,1715.5312
1986-10-20,1650.9688
1986-10-21,1618.3281
1986-10-22,1578.3438
1986-10-23,1522.7188
1986-10-24,1466.0781
1986-10-25,1408.25
1986-10-26,1351.7344
1986-10-27,1297.7344
1986-10-28,1246.6719
1986-10-29,1204.6719
1986-10-30,1176.2188
1986-10-31,1145.625
1986-11-01,1112.8906
1986-11-02,1085.375
1986-11-03,1072.25
1986-11-04,1080.5781
1986-11-05,1105.1719
1986-11-06,1115.6406
1986-11-07,1089.7812
1986-11-08,1049.4688
1986-11-09,1007.6719
1986-11-10,966.2031
1986-11-11,930.3906
1986-11-12,906.4531
1986-11-13,891.4844
1986-11-14,880.34375
1986-11-15,863.6094
1986-11-16,838.1875
1986-11-17,813.9375
1986-11-18,804.5781
1986-11-19,800.3281
1986-11-20,783.15625
1986-11-21,756.0625
1986-11-22,730.5
1986-11-23,711.3281
1986-11-24,694.59375
1986-11-25,675.40625
1986-11-26,655.6875
1986-11-27,636.9219
1986-11-28,624.75
1986-11-29,628.9219
1986-11-30,625.7656
1986-12-01,607.5156
1986-12-02,589.9844
1986-12-03,570.8594
1986-12-04,551.34375
1986-12-05,533.0625
1986-12-06,516.1094
1986-12-07,500.48438
1986-12-08,486.10938
1986-12-09,473.10938
1986-12-10,462.67188
1986-12-11,453.4375
1986-12-12,445.85938
1986-12-13,442.17188
1986-12-14,439.9375
1986-12-15,443.89062
1986-12-16,449.51562
1986-12-17,448.0
1986-12-18,444.17188
1986-12-19,455.625
1986-12-20,483.64062
1986-12-21,497.4375
1986-12-22,481.0
1986-12-23,460.65625
1986-12-24,446.1875
1986-12-25,435.23438
1986-12-26,425.40625
1986-12-27,415.1875
1986-12-28,404.375
1986-12-29,394.1875
1986-12-30,384.92188
1986-12-31,377.78125
1987-01-01,375.4375
1987-01-02,373.3125
1987-01-03,367.6875
1987-01-04,363.09375
1987-01-05,357.21875
1987-01-06,350.53125
1987-01-07,345.0
1987-01-08,339.875
1987-01-09,334.78125
1987-01-10,329.40625
1987-01-11,324.32812
1987-01-12,320.95312
1987-01-13,322.57812
1987-01-14,333.71875
1987-01-15,353.14062
1987-01-16,362.875
1987-01-17,351.65625
1987-01-18,350.53125
1987-01-19,359.64062
1987-01-20,362.25
1987-01-21,361.01562
1987-01-22,354.26562
1987-01-23,348.28125
1987-01-24,343.125
1987-01-25,337.125
1987-01-26,331.90625
1987-01-27,326.46875
1987-01-28,321.1875
1987-01-29,318.65625
1987-01-30,320.125
1987-01-31,324.40625
1987-02-01,329.0
1987-02-02,340.1875
1987-02-03,351.40625
1987-02-04,350.5625
1987-02-05,348.6875
1987-02-06,346.5625
1987-02-07,339.90625
1987-02-08,331.4375
1987-02-09,323.84375
1987-02-10,320.6875
1987-02-11,322.59375
1987-02-12,321.375
1987-02-13,316.53125
1987-02-14,311.59375
1987-02-15,309.15625
1987-02-16,316.4375
1987-02-17,330.78125
1987-02-18,343.0
1987-02-19,350.625
1987-02-20,347.65625
1987-02-21,338.375
1987-02-22,334.15625
1987-02-23,334.71875
1987-02-24,334.21875
1987-02-25,328.53125
1987-02-26,322.375
1987-02-27,321.1875
1987-02-28,323.53125
1987-03-01,328.875
1987-03-02,334.25
1987-03-03,330.6875
1987-03-04,323.96875
1987-03-05,319.25
1987-03-06,317.21875
1987-03-07,318.0625
1987-03-08,329.28125
1987-03-09,354.71875
1987-03-10,376.0625
1987-03-11,390.40625
1987-03-12,397.78125
1987-03-13,393.03125
1987-03-14,389.84375
1987-03-15,403.75
1987-03-16,418.8125
1987-03-17,435.59375
1987-03-18,458.28125
1987-03-19,465.28125
1987-03-20,453.3125
1987-03-21,446.9375
1987-03-22,443.4375
1987-03-23,432.1875
1987-03-24,420.6875
1987-03-25,415.21875
1987-03-26,479.59375
1987-03-27,545.59375
1987-03-28,541.71875
1987-03-29,509.375
1987-03-30,485.75
1987-03-31,475.90625
1987-04-01,530.9375
1987-04-02,564.84375
1987-04-03,571.9375
1987-04-04,566.0
1987-04-05,542.125
1987-04-06,521.875
1987-04-07,508.1875
1987-04-08,505.1875
1987-04-09,531.125
1987-04-10,582.6875
1987-04-11,587.59375
1987-04-12,557.96875
1987-04-13,534.28125
1987-04-14,515.34375
1987-04-15,499.4375
1987-04-16,484.5625
1987-04-17,470.21875
1987-04-18,457.0
1987-04-19,446.71875
1987-04-20,439.78125
1987-04-21,433.71875
1987-04-22,426.71875
1987-04-23,431.78125
1987-04-24,451.5625
1987-04-25,491.21875
1987-04-26,536.59375
1987-04-27,544.875
1987-04-28,529.875
1987-04-29,516.28125
1987-04-30,509.3125
1987-05-01,526.34375
1987-05-02,564.9375
1987-05-03,643.4375
1987-05-04,663.40625
1987-05-05,641.1875
1987-05-06,623.84375
1987-05-07,608.6875
1987-05-08,687.28125
1987-05-09,749.1875
1987-05-10,772.75
1987-05-11,754.125
1987-05-12,706.5
1987-05-13,655.09375
1987-05-14,619.09375
1987-05-15,597.40625
1987-05-16,580.6875
1987-05-17,564.8125
1987-05-18,551.5625
1987-05-19,539.25
1987-05-20,524.15625
1987-05-21,513.375
1987-05-22,505.03125
1987-05-23,526.46875
1987-05-24,561.125
1987-05-25,594.1875
1987-05-26,606.65625
1987-05-27,580.21875
1987-05-28,550.21875
1987-05-29,532.625
1987-05-30,522.71875
1987-05-31,538.15625
1987-06-01,559.0625
1987-06-02,654.875
1987-06-03,759.53125
1987-06-04,757.65625
1987-06-05,752.625
1987-06-06,762.4375
1987-06-07,769.96875
1987-06-08,779.6719
1987-06-09,791.3125
1987-06-10,808.53125
1987-06-11,838.0156
1987-06-12,942.2656
1987-06-13,1114.2188
1987-06-14,1163.4531
1987-06-15,1159.875
1987-06-16,1226.3594
1987-06-17,1378.5312
1987-06-18,1383.8281
1987-06-19,1518.5469
1987-06-20,1456.7031
1987-06-21,1327.625
1987-06-22,1292.5625
1987-06-23,1398.1406
1987-06-24,1584.5938
1987-06-25,1627.3906
1987-06-26,1605.7656
1987-06-27,1820.3594
1987-06-28,2032.7031
1987-06-29,2025.3125
1987-06-30,2076.9062
1987-07-01,2682.5469
1987-07-02,3082.4531
1987-07-03,3327.8438
1987-07-04,3479.8125
1987-07-05,3119.7812
1987-07-06,2958.0156
1987-07-07,2956.7969
1987-07-08,3037.3906
1987-07-09,3255.9062
1987-07-10,3322.3906
1987-07-11,3212.9062
1987-07-12,3224.1094
1987-07-13,3137.625
1987-07-14,3020.3594
1987-07-15,3001.2031
1987-07-16,2976.2812
1987-07-17,2943.1562
1987-07-18,2991.9844
1987-07-19,3159.4531
1987-07-20,3219.5312
1987-07-21,3042.125
1987-07-22,2950.2656
1987-07-23,4231.5938
1987-07-24,4131.4688
1987-07-25,3905.0
1987-07-26,4005.1719
1987-07-27,3887.6719
1987-07-28,3619.125
1987-07-29,3571.125
1987-07-30,3472.4219
1987-07-31,4291.672
1987-08-01,5764.828
1987-08-02,6113.1875
1987-08-03,5880.3438
1987-08-04,5353.3906
1987-08-05,4675.9062
1987-08-06,4307.0938
1987-08-07,4091.2812
1987-08-08,3960.6875
1987-08-09,4147.547
1987-08-10,4846.203
1987-08-11,10166.531
1987-08-12,14892.0
1987-08-13,16951.469
1987-08-14,11640.5625
1987-08-15,8470.031
1987-08-16,7228.078
1987-08-17,6618.4062
1987-08-18,6322.2344
1987-08-19,6057.2188
1987-08-20,5796.3438
1987-08-21,5562.4375
1987-08-22,5635.0
1987-08-23,5599.6562
1987-08-24,5429.2344
1987-08-25,5192.625
1987-08-26,4996.5312
1987-08-27,4843.1094
1987-08-28,4844.7344
1987-08-29,4863.828
1987-08-30,4739.0156
1987-08-31,4589.7656
1987-09-01,4758.4688
1987-09-02,5696.5938
1987-09-03,5733.3594
1987-09-04,5053.0625
1987-09-05,4605.4062
1987-09-06,4370.4688
1987-09-07,4326.4844
1987-09-08,4489.703
1987-09-09,4682.0
1987-09-10,4453.3125
1987-09-11,4183.3594
1987-09-12,4743.4688
1987-09-13,5013.828
1987-09-14,4630.883
1987-09-15,4307.9453
1987-09-16,4077.711
1987-09-17,3874.9297
1987-09-18,3699.7188
1987-09-19,3565.8672
1987-09-20,3450.8516
1987-09-21,3354.5078
1987-09-22,3281.2422
1987-09-23,3217.0625
1987-09-24,3135.7969
1987-09-25,3045.7578
1987-09-26,2968.3672
1987-09-27,2945.3828
1987-09-28,2944.1094
1987-09-29,2904.1875
1987-09-30,2805.875
1987-10-01,2693.1016
1987-10-02,2612.0078
1987-10-03,2558.8125
1987-10-04,2525.5703
1987-10-05,2503.1875
1987-10-06,2421.9531
1987-10-07,2318.75
1987-10-08,2225.2656
1987-10-09,2136.1406
1987-10-10,2050.2031
1987-10-11,1968.1562
1987-10-12,1892.0156
1987-10-13,1823.3594
1987-10-14,1766.1094
1987-10-15,1790.4688
1987-10-16,1788.9219
1987-10-17,1740.9062
1987-10-18,1678.9062
1987-10-19,1631.1875
1987-10-20,4949.3438
1987-10-21,4726.375
1987-10-22,3167.3438
1987-10-23,2539.1875
1987-10-24,2226.5156
1987-10-25,2041.5938
1987-10-26,1909.7656
1987-10-27,1804.375
1987-10-28,1715.0469
1987-10-29,1636.0781
1987-10-30,1621.9531
1987-10-31,1704.3125
1987-11-01,1735.0312
1987-11-02,1682.6406
1987-11-03,1596.9062
1987-11-04,1523.2969
1987-11-05,1463.25
1987-11-06,1404.9844
1987-11-07,1350.2344
1987-11-08,1300.375
1987-11-09,1254.9062
1987-11-10,1208.0781
1987-11-11,1163.4531
1987-11-12,1127.0625
1987-11-13,1094.1094
1987-11-14,1057.75
1987-11-15,1019.40625
1987-11-16,983.1094
1987-11-17,948.875
1987-11-18,920.6875
1987-11-19,901.5
1987-11-20,886.0156
1987-11-21,864.5625
1987-11-22,837.2031
1987-11-23,806.65625
1987-11-24,775.5
1987-11-25,745.65625
1987-11-26,719.9219
1987-11-27,698.5156
1987-11-28,683.2344
1987-11-29,666.8906
1987-11-30,646.3594
1987-12-01,627.5
1987-12-02,610.7031
1987-12-03,593.65625
1987-12-04,576.6719
1987-12-05,561.1094
1987-12-06,551.2344
1987-12-07,546.78125
1987-12-08,544.65625
1987-12-09,539.3281
1987-12-10,527.46875
1987-12-11,512.7031
1987-12-12,498.3125
1987-12-13,500.3125
1987-12-14,526.8594
1987-12-15,549.0156
1987-12-16,539.3281
1987-12-17,518.9375
1987-12-18,500.65625
1987-12-19,486.82812
1987-12-20,475.03125
1987-12-21,463.01562
1987-12-22,451.42188
1987-12-23,440.14062
1987-12-24,428.95312
1987-12-25,420.07812
1987-12-26,413.01562
1987-12-27,406.03125
1987-12-28,398.15625
1987-12-29,389.39062
1987-12-30,381.34375
1987-12-31,373.64062
1988-01-01,365.9375
1988-01-02,359.78125
1988-01-03,354.04688
1988-01-04,347.53125
1988-01-05,341.29688
1988-01-06,336.14062
1988-01-07,337.60938
1988-01-08,345.89062
1988-01-09,350.92188
1988-01-10,349.3125
1988-01-11,345.25
1988-01-12,344.10938
1988-01-13,344.65625
1988-01-14,350.78125
1988-01-15,358.26562
1988-01-16,368.82812
1988-01-17,381.23438
1988-01-18,379.07812
1988-01-19,369.35938
1988-01-20,361.64062
1988-01-21,357.29688
1988-01-22,353.85938
1988-01-23,356.6875
1988-01-24,371.0625
1988-01-25,389.0
1988-01-26,391.5
1988-01-27,379.28125
1988-01-28,368.15625
1988-01-29,363.46875
1988-01-30,362.1875
1988-01-31,359.625
1988-02-01,355.84375
1988-02-02,352.0
1988-02-03,349.21875
1988-02-04,345.375
1988-02-05,339.28125
1988-02-06,332.6875
1988-02-07,328.125
1988-02-08,332.1875
1988-02-09,344.09375
1988-02-10,355.71875
1988-02-11,362.5625
1988-02-12,363.4375
1988-02-13,365.59375
1988-02-14,369.875
1988-02-15,374.59375
1988-02-16,374.65625
1988-02-17,370.75
1988-02-18,365.03125
1988-02-19,357.25
1988-02-20,349.65625
1988-02-21,346.3125
1988-02-22,356.9375
1988-02-23,376.03125
1988-02-24,397.40625
1988-02-25,414.9375
1988-02-26,418.53125
1988-02-27,408.71875
1988-02-28,396.8125
1988-02-29,399.625
1988-03-01,418.46875
1988-03-02,436.40625
1988-03-03,431.1875
1988-03-04,411.125
1988-03-05,393.125
1988-03-06,384.28125
1988-03-07,380.625
1988-03-08,376.09375
1988-03-09,373.5
1988-03-10,380.71875
1988-03-11,387.53125
1988-03-12,388.59375
1988-03-13,398.5
1988-03-14,420.53125
1988-03-15,427.15625
1988-03-16,414.5
1988-03-17,408.59375
1988-03-18,422.34375
1988-03-19,447.53125
1988-03-20,471.53125
1988-03-21,489.03125
1988-03-22,497.09375
1988-03-23,484.875
1988-03-24,468.8125
1988-03-25,457.0625
1988-03-26,449.09375
1988-03-27,464.125
1988-03-28,474.625
1988-03-29,460.5
1988-03-30,444.75
1988-03-31,437.78125
1988-04-01,431.40625
1988-04-02,422.75
1988-04-03,414.03125
1988-04-04,404.28125
1988-04-05,394.78125
1988-04-06,386.6875
1988-04-07,379.5625
1988-04-08,372.25
1988-04-09,365.09375
1988-04-10,359.5625
1988-04-11,355.78125
1988-04-12,351.8125
1988-04-13,347.5
1988-04-14,344.65625
1988-04-15,344.5625
1988-04-16,346.34375
1988-04-17,355.09375
1988-04-18,391.6875
1988-04-19,415.8125
1988-04-20,416.0
1988-04-21,452.90625
1988-04-22,483.46875
1988-04-23,473.96875
1988-04-24,457.25
1988-04-25,450.15625
1988-04-26,464.59375
1988-04-27,482.84375
1988-04-28,482.84375
1988-04-29,477.5
1988-04-30,470.9375
1988-05-01,467.0
1988-05-02,461.40625
1988-05-03,460.96875
1988-05-04,472.34375
1988-05-05,484.0
1988-05-06,494.65625
1988-05-07,502.375
1988-05-08,510.625
1988-05-09,619.8125
1988-05-10,804.0
1988-05-11,817.34375
1988-05-12,775.21875
1988-05-13,693.9375
1988-05-14,618.875
1988-05-15,589.1875
1988-05-16,572.5625
1988-05-17,560.625
1988-05-18,556.21875
1988-05-19,563.40625
1988-05-20,581.71875
1988-05-21,594.71875
1988-05-22,602.9375
1988-05-23,653.34375
1988-05-24,812.8125
1988-05-25,886.46875
1988-05-26,914.5625
1988-05-27,885.125
1988-05-28,826.09375
1988-05-29,883.375
1988-05-30,913.5
1988-05-31,867.71875
1988-06-01,887.90625
1988-06-02,921.96875
1988-06-03,879.65625
1988-06-04,846.96875
1988-06-05,827.03125
1988-06-06,819.90625
1988-06-07,822.34375
1988-06-08,814.25
1988-06-09,799.40625
1988-06-10,807.375
1988-06-11,835.1875
1988-06-12,874.46875
1988-06-13,931.21875
1988-06-14,1003.3125
1988-06-15,1052.6875
1988-06-16,1264.25
1988-06-17,1388.625
1988-06-18,1480.2188
1988-06-19,1505.125
1988-06-20,1743.5
1988-06-21,2268.7812
1988-06-22,2101.75
1988-06-23,1858.5625
1988-06-24,1796.5312
1988-06-25,1838.2188
1988-06-26,1972.4375
1988-06-27,2531.5
1988-06-28,2857.6875
1988-06-29,2604.9375
1988-06-30,2432.0625
1988-07-01,2391.75
1988-07-02,4257.5938
1988-07-03,4038.9375
1988-07-04,3269.1875
1988-07-05,3222.875
1988-07-06,7549.9375
1988-07-07,8820.0625
1988-07-08,8563.281
1988-07-09,7454.0625
1988-07-10,6218.875
1988-07-11,5699.172
1988-07-12,5334.6875
1988-07-13,4991.453
1988-07-14,4681.1875
1988-07-15,4444.672
1988-07-16,4277.328
1988-07-17,4195.2188
1988-07-18,4154.453
1988-07-19,4468.875
1988-07-20,4398.5
1988-07-21,4374.203
1988-07-22,4640.2656
1988-07-23,4700.3594
1988-07-24,4628.6406
1988-07-25,4568.7656
1988-07-26,4803.5938
1988-07-27,5246.1875
1988-07-28,5181.0
1988-07-29,4932.703
1988-07-30,4723.453
1988-07-31,5579.1562
1988-08-01,6895.4844
1988-08-02,6038.5156
1988-08-03,5013.125
1988-08-04,4661.0312
1988-08-05,4521.7188
1988-08-06,4432.422
1988-08-07,5367.922
1988-08-08,5376.328
1988-08-09,4861.5
1988-08-10,4649.1875
1988-08-11,5041.828
1988-08-12,5578.422
1988-08-13,8412.094
1988-08-14,9404.156
1988-08-15,9275.344
1988-08-16,8309.375
1988-08-17,6904.672
1988-08-18,6244.1406
1988-08-19,6311.5
1988-08-20,6219.1875
1988-08-21,6022.0156
1988-08-22,6198.8594
1988-08-23,6096.25
1988-08-24,5938.797
1988-08-25,6591.703
1988-08-26,8290.219
1988-08-27,9449.344
1988-08-28,9327.172
1988-08-29,7797.4062
1988-08-30,6948.828
1988-08-31,6417.875
1988-09-01,6050.203
1988-09-02,5798.5156
1988-09-03,5650.6094
1988-09-04,5539.4375
1988-09-05,5335.797
1988-09-06,5231.297
1988-09-07,5164.1406
1988-09-08,5136.5312
1988-09-09,7347.0156
1988-09-10,7263.5156
1988-09-11,6120.0625
1988-09-12,5503.672
1988-09-13,5137.0312
1988-09-14,5015.9062
1988-09-15,4858.1562
1988-09-16,4599.0312
1988-09-17,4389.9688
1988-09-18,4224.0
1988-09-19,4086.375
1988-09-20,3958.5469
1988-09-21,3829.586
1988-09-22,3708.1953
1988-09-23,3610.086
1988-09-24,3511.586
1988-09-25,3403.0625
1988-09-26,3290.875
1988-09-27,3204.664
1988-09-28,3188.3516
1988-09-29,3247.125
1988-09-30,3164.211
1988-10-01,3019.1172
1988-10-02,2880.7656
1988-10-03,2758.7266
1988-10-04,2651.8984
1988-10-05,2639.1562
1988-10-06,2754.625
1988-10-07,2679.0312
1988-10-08,2575.8281
1988-10-09,2478.7422
1988-10-10,2380.0
1988-10-11,2283.461
1988-10-12,2190.3125
1988-10-13,2103.3906
1988-10-14,2019.7109
1988-10-15,1950.9375
1988-10-16,1894.9141
1988-10-17,1829.9375
1988-10-18,1759.6328
1988-10-19,1692.3359
1988-10-20,1627.2031
1988-10-21,1564.7422
1988-10-22,1512.4453
1988-10-23,1466.8672
1988-10-24,1417.4922
1988-10-25,1365.0312
1988-10-26,1313.7344
1988-10-27,1265.5156
1988-10-28,1220.5312
1988-10-29,1176.6484
1988-10-30,1133.1406
1988-10-31,1090.5
1988-11-01,1049.5547
1988-11-02,1011.6406
1988-11-03,977.85156
1988-11-04,944.96875
1988-11-05,923.14844
1988-11-06,902.3906
1988-11-07,875.66406
1988-11-08,845.75
1988-11-09,814.6406
1988-11-10,784.1797
1988-11-11,755.28125
1988-11-12,727.21094
1988-11-13,700.0781
1988-11-14,673.9922
1988-11-15,649.5
1988-11-16,626.4844
1988-11-17,603.78125
1988-11-18,583.03125
1988-11-19,564.7031
1988-11-20,547.34375
1988-11-21,528.875
1988-11-22,511.375
1988-11-23,494.53125
1988-11-24,478.07812
1988-11-25,462.42188
1988-11-26,447.98438
1988-11-27,435.20312
1988-11-28,423.6875
1988-11-29,412.84375
1988-11-30,403.09375
1988-12-01,394.45312
1988-12-02,386.04688
1988-12-03,377.4375
1988-12-04,368.3125
1988-12-05,359.5
1988-12-06,351.6875
1988-12-07,346.53125
1988-12-08,344.17188
1988-12-09,342.78125
1988-12-10,341.48438
1988-12-11,338.79688
1988-12-12,334.03125
1988-12-13,329.73438
1988-12-14,328.42188
1988-12-15,329.90625
1988-12-16,332.15625
1988-12-17,333.42188
1988-12-18,331.15625
1988-12-19,327.76562
1988-12-20,326.79688
1988-12-21,323.51562
1988-12-22,318.78125
1988-12-23,315.0625
1988-12-24,312.35938
1988-12-25,315.57812
1988-12-26,331.25
1988-12-27,447.98438
1988-12-28,563.65625
1988-12-29,533.90625
1988-12-30,483.20312
1988-12-31,448.10938
1989-01-01,425.59375
1989-01-02,410.53125
1989-01-03,397.73438
1989-01-04,388.95312
1989-01-05,385.73438
1989-01-06,382.85938
1989-01-07,385.6875
1989-01-08,404.01562
1989-01-09,513.7656
1989-01-10,619.1406
1989-01-11,605.875
1989-01-12,559.875
1989-01-13,522.5
1989-01-14,494.59375
1989-01-15,471.5625
1989-01-16,454.09375
1989-01-17,445.96875
1989-01-18,442.21875
1989-01-19,434.5
1989-01-20,424.09375
1989-01-21,414.34375
1989-01-22,406.8125
1989-01-23,398.71875
1989-01-24,389.03125
1989-01-25,381.375
1989-01-26,375.125
1989-01-27,369.84375
1989-01-28,369.9375
1989-01-29,376.4375
1989-01-30,379.59375
1989-01-31,378.09375
1989-02-01,378.09375
1989-02-02,382.15625
1989-02-03,383.9375
1989-02-04,386.65625
1989-02-05,407.90625
1989-02-06,452.5625
1989-02-07,482.3125
1989-02-08,470.90625
1989-02-09,445.625
1989-02-10,424.75
1989-02-11,411.125
1989-02-12,402.9375
1989-02-13,399.09375
1989-02-14,404.5625
1989-02-15,424.96875
1989-02-16,439.40625
1989-02-17,434.0
1989-02-18,419.1875
1989-02-19,406.9375
1989-02-20,408.90625
1989-02-21,423.59375
1989-02-22,440.65625
1989-02-23,451.25
1989-02-24,443.75
1989-02-25,425.375
1989-02-26,409.0625
1989-02-27,396.40625
1989-02-28,395.0
1989-03-01,407.40625
1989-03-02,428.78125
1989-03-03,430.75
1989-03-04,412.78125
1989-03-05,401.5
1989-03-06,397.71875
1989-03-07,396.21875
1989-03-08,391.75
1989-03-09,385.15625
1989-03-10,377.875
1989-03-11,370.1875
1989-03-12,367.0625
1989-03-13,368.84375
1989-03-14,378.03125
1989-03-15,390.625
1989-03-16,408.84375
1989-03-17,419.0
1989-03-18,410.0
1989-03-19,399.0625
1989-03-20,398.21875
1989-03-21,432.0625
1989-03-22,459.09375
1989-03-23,465.875
1989-03-24,469.53125
1989-03-25,468.3125
1989-03-26,461.46875
1989-03-27,450.4375
1989-03-28,441.34375
1989-03-29,436.09375
1989-03-30,432.65625
1989-03-31,432.59375
1989-04-01,436.4375
1989-04-02,452.3125
1989-04-03,467.9375
1989-04-04,466.84375
1989-04-05,455.375
1989-04-06,442.125
1989-04-07,430.21875
1989-04-08,420.21875
1989-04-09,411.40625
1989-04-10,406.15625
1989-04-11,412.53125
1989-04-12,416.3125
1989-04-13,408.5625
1989-04-14,399.84375
1989-04-15,391.34375
1989-04-16,383.21875
1989-04-17,376.0
1989-04-18,369.03125
1989-04-19,361.90625
1989-04-20,355.25
1989-04-21,349.0625
1989-04-22,343.03125
1989-04-23,336.65625
1989-04-24,330.84375
1989-04-25,326.09375
1989-04-26,326.03125
1989-04-27,330.96875
1989-04-28,332.3125
1989-04-29,329.75
1989-04-30,326.59375
1989-05-01,324.21875
1989-05-02,325.03125
1989-05-03,330.8125
1989-05-04,334.03125
1989-05-05,336.5625
1989-05-06,342.3125
1989-05-07,348.0
1989-05-08,349.75
1989-05-09,348.0
1989-05-10,345.5625
1989-05-11,310.28125
1989-05-12,283.34375
1989-05-13,281.28125
1989-05-14,425.25
1989-05-15,484.28125
1989-05-16,423.875
1989-05-17,395.9375
1989-05-18,391.65625
1989-05-19,397.6875
1989-05-20,413.75
1989-05-21,770.03125
1989-05-22,901.59375
1989-05-23,799.875
1989-05-24,724.5625
1989-05-25,686.75
1989-05-26,709.65625
1989-05-27,764.28125
1989-05-28,1756.75
1989-05-29,2076.0312
1989-05-30,1691.1562
1989-05-31,1427.625
1989-06-01,1295.5
1989-06-02,1225.9375
1989-06-03,1189.1875
1989-06-04,1167.9062
1989-06-05,1268.375
1989-06-06,1523.6562
1989-06-07,1606.9688
1989-06-08,1703.0938
1989-06-09,1667.5625
1989-06-10,1579.5
1989-06-11,1498.375
1989-06-12,1429.6875
1989-06-13,1393.7188
1989-06-14,1451.1562
1989-06-15,3451.5312
1989-06-16,5705.7188
1989-06-17,4106.0938
1989-06-18,3202.0
1989-06-19,3095.9062
1989-06-20,2772.0938
1989-06-21,2639.6562
1989-06-22,2559.0938
1989-06-23,2504.375
1989-06-24,2464.8125
1989-06-25,2467.25
1989-06-26,2505.375
1989-06-27,2691.6875
1989-06-28,2948.2188
1989-06-29,2951.25
1989-06-30,2890.1562
1989-07-01,3112.8125
1989-07-02,3777.5
1989-07-03,4647.9062
1989-07-04,4303.9062
1989-07-05,3770.9688
1989-07-06,5057.1562
1989-07-07,5672.25
1989-07-08,4644.8125
1989-07-09,4071.9375
1989-07-10,4010.625
1989-07-11,4624.3438
1989-07-12,5264.8125
1989-07-13,5148.0625
1989-07-14,4980.5625
1989-07-15,7568.0625
1989-07-16,7345.0
1989-07-17,5926.1875
1989-07-18,5188.3438
1989-07-19,5104.6562
1989-07-20,5192.4375
1989-07-21,5088.375
1989-07-22,5035.297
1989-07-23,4870.4062
1989-07-24,4636.5938
1989-07-25,4440.75
1989-07-26,4400.922
1989-07-27,4715.797
1989-07-28,6530.8594
1989-07-29,6595.0625
1989-07-30,7121.6875
1989-07-31,6116.375
1989-08-01,5200.6094
1989-08-02,4766.2656
1989-08-03,4507.2812
1989-08-04,4291.9375
1989-08-05,4129.3594
1989-08-06,4001.2031
1989-08-07,3891.125
1989-08-08,3802.1719
1989-08-09,3730.0938
1989-08-10,3704.6094
1989-08-11,3697.2344
1989-08-12,3630.9375
1989-08-13,3545.7812
1989-08-14,3477.5781
1989-08-15,3428.8594
1989-08-16,3557.4375
1989-08-17,3915.9844
1989-08-18,3814.0625
1989-08-19,3528.875
1989-08-20,3364.875
1989-08-21,3351.8281
1989-08-22,3633.5156
1989-08-23,3666.1406
1989-08-24,3428.2344
1989-08-25,3335.7344
1989-08-26,3263.2031
1989-08-27,3175.5625
1989-08-28,3079.2969
1989-08-29,2993.7188
1989-08-30,2974.875
1989-08-31,3075.5625
1989-09-01,3115.3906
1989-09-02,3206.5781
1989-09-03,3130.2031
1989-09-04,3043.1719
1989-09-05,3306.8281
1989-09-06,3454.375
1989-09-07,3228.7031
1989-09-08,3024.1875
1989-09-09,2895.8438
1989-09-10,2793.8281
1989-09-11,2699.1562
1989-09-12,2642.2188
1989-09-13,2632.8281
1989-09-14,2657.25
1989-09-15,2874.2344
1989-09-16,2963.7031
1989-09-17,2814.4844
1989-09-18,2799.7344
1989-09-19,3685.5469
1989-09-20,3536.4844
1989-09-21,3517.1094
1989-09-22,3438.8438
1989-09-23,3149.961
1989-09-24,3058.289
1989-09-25,3012.3125
1989-09-26,2947.25
1989-09-27,2882.8203
1989-09-28,2882.5703
1989-09-29,3245.9297
1989-09-30,3339.2344
1989-10-01,3199.8203
1989-10-02,2995.1875
1989-10-03,2847.1172
1989-10-04,2726.6484
1989-10-05,2620.1797
1989-10-06,2523.5156
1989-10-07,2434.9844
1989-10-08,2354.9375
1989-10-09,2279.9766
1989-10-10,2200.5078
1989-10-11,2121.3203
1989-10-12,2047.1797
1989-10-13,1983.0547
1989-10-14,1919.2344
1989-10-15,1851.9688
1989-10-16,1780.9062
1989-10-17,1711.5
1989-10-18,1648.1875
1989-10-19,1592.3281
1989-10-20,1576.5156
1989-10-21,1553.3906
1989-10-22,1503.6094
1989-10-23,1445.0625
1989-10-24,1387.3906
1989-10-25,1333.5625
1989-10-26,1283.4531
1989-10-27,1242.1875
1989-10-28,1220.625
1989-10-29,1190.8125
1989-10-30,1149.9844
1989-10-31,1109.6875
1989-11-01,1068.4531
1989-11-02,1031.5469
1989-11-03,1003.4375
1989-11-04,996.6719
1989-11-05,1011.6094
1989-11-06,1031.1406
1989-11-07,1012.15625
1989-11-08,963.90625
1989-11-09,917.7031
1989-11-10,878.59375
1989-11-11,843.71875
1989-11-12,812.7344
1989-11-13,785.8906
1989-11-14,763.84375
1989-11-15,759.21875
1989-11-16,772.2031
1989-11-17,764.7969
1989-11-18,740.0469
1989-11-19,714.71875
1989-11-20,693.3125
1989-11-21,689.5625
1989-11-22,695.6875
1989-11-23,694.8906
1989-11-24,685.3281
1989-11-25,668.7344
1989-11-26,648.8594
1989-11-27,630.8906
1989-11-28,623.8125
1989-11-29,626.1094
1989-11-30,624.71875
1989-12-01,609.96875
1989-12-02,590.125
1989-12-03,571.125
1989-12-04,552.40625
1989-12-05,534.6406
1989-12-06,518.0469
1989-12-07,502.20312
1989-12-08,486.67188
1989-12-09,472.26562
1989-12-10,458.78125
1989-12-11,449.375
1989-12-12,446.98438
1989-12-13,447.375
1989-12-14,451.21875
1989-12-15,456.59375
1989-12-16,449.82812
1989-12-17,437.23438
1989-12-18,425.90625
1989-12-19,416.34375
1989-12-20,407.29688
1989-12-21,399.17188
1989-12-22,404.3125
1989-12-23,416.53125
1989-12-24,430.20312
1989-12-25,446.625
1989-12-26,457.01562
1989-12-27,455.6875
1989-12-28,443.32812
1989-12-29,428.6875
1989-12-30,417.10938
1989-12-31,409.28125
1990-01-01,404.32812
1990-01-02,401.26562
1990-01-03,397.28125
1990-01-04,391.32812
1990-01-05,386.25
1990-01-06,384.92188
1990-01-07,382.75
1990-01-08,376.01562
1990-01-09,371.17188
1990-01-10,370.90625
1990-01-11,372.03125
1990-01-12,371.40625
1990-01-13,366.29688
1990-01-14,363.84375
1990-01-15,366.76562
1990-01-16,367.84375
1990-01-17,368.4375
1990-01-18,372.3125
1990-01-19,373.32812
1990-01-20,368.29688
1990-01-21,362.76562
1990-01-22,362.96875
1990-01-23,369.90625
1990-01-24,379.125
1990-01-25,388.60938
1990-01-26,392.46875
1990-01-27,396.21875
1990-01-28,403.96875
1990-01-29,423.0625
1990-01-30,438.3125
1990-01-31,438.5
1990-02-01,444.5
1990-02-02,451.78125
1990-02-03,443.21875
1990-02-04,424.84375
1990-02-05,415.0625
1990-02-06,414.0
1990-02-07,411.40625
1990-02-08,404.78125
1990-02-09,396.5625
1990-02-10,395.71875
1990-02-11,403.28125
1990-02-12,407.15625
1990-02-13,412.25
1990-02-14,449.84375
1990-02-15,494.15625
1990-02-16,521.75
1990-02-17,527.5
1990-02-18,516.09375
1990-02-19,500.53125
1990-02-20,490.375
1990-02-21,490.28125
1990-02-22,488.40625
1990-02-23,485.8125
1990-02-24,494.40625
1990-02-25,511.8125
1990-02-26,550.71875
1990-02-27,598.5625
1990-02-28,620.15625
1990-03-01,627.875
1990-03-02,636.84375
1990-03-03,624.625
1990-03-04,606.71875
1990-03-05,593.0625
1990-03-06,582.3125
1990-03-07,571.78125
1990-03-08,554.75
1990-03-09,544.34375
1990-03-10,570.15625
1990-03-11,613.8125
1990-03-12,647.28125
1990-03-13,668.375
1990-03-14,655.0625
1990-03-15,624.375
1990-03-16,601.375
1990-03-17,587.90625
1990-03-18,575.09375
1990-03-19,563.28125
1990-03-20,553.5
1990-03-21,543.59375
1990-03-22,541.75
1990-03-23,561.125
1990-03-24,581.90625
1990-03-25,579.90625
1990-03-26,570.9375
1990-03-27,568.5
1990-03-28,570.53125
1990-03-29,579.8125
1990-03-30,618.90625
1990-03-31,632.65625
1990-04-01,627.5625
1990-04-02,613.625
1990-04-03,591.53125
1990-04-04,576.9375
1990-04-05,569.625
1990-04-06,561.3125
1990-04-07,553.4375
1990-04-08,631.84375
1990-04-09,721.25
1990-04-10,749.25
1990-04-11,729.40625
1990-04-12,700.15625
1990-04-13,699.875
1990-04-14,728.59375
1990-04-15,718.5625
1990-04-16,677.65625
1990-04-17,644.75
1990-04-18,620.9375
1990-04-19,607.1875
1990-04-20,607.5625
1990-04-21,611.53125
1990-04-22,602.96875
1990-04-23,587.21875
1990-04-24,571.71875
1990-04-25,557.9375
1990-04-26,550.5625
1990-04-27,552.65625
1990-04-28,594.65625
1990-04-29,691.09375
1990-04-30,718.5625
1990-05-01,707.34375
1990-05-02,692.3125
1990-05-03,690.625
1990-05-04,695.0
1990-05-05,742.90625
1990-05-06,754.5
1990-05-07,733.65625
1990-05-08,717.59375
1990-05-09,714.0
1990-05-10,718.78125
1990-05-11,700.40625
1990-05-12,695.8125
1990-05-13,734.96875
1990-05-14,803.34375
1990-05-15,1024.9062
1990-05-16,1391.1562
1990-05-17,1497.75
1990-05-18,2032.6562
1990-05-19,1970.125
1990-05-20,1663.75
1990-05-21,1651.7188
1990-05-22,1678.75
1990-05-23,1612.4062
1990-05-24,1487.4688
1990-05-25,1402.875
1990-05-26,1355.6562
1990-05-27,1365.1875
1990-05-28,1389.9375
1990-05-29,1396.3438
1990-05-30,1389.5
1990-05-31,1461.7812
1990-06-01,1573.875
1990-06-02,1768.8125
1990-06-03,1941.125
1990-06-04,1913.6562
1990-06-05,2000.7812
1990-06-06,2230.6562
1990-06-07,2325.1562
1990-06-08,2225.625
1990-06-09,2149.7812
1990-06-10,2259.3438
1990-06-11,2707.2188
1990-06-12,2820.1875
1990-06-13,2519.6875
1990-06-14,2283.7812
1990-06-15,2179.25
1990-06-16,2287.9062
1990-06-17,2312.8125
1990-06-18,2248.5312
1990-06-19,2236.2188
1990-06-20,2278.2812
1990-06-21,2544.3125
1990-06-22,3363.2812
1990-06-23,4309.8438
1990-06-24,4562.125
1990-06-25,4897.4688
1990-06-26,4352.8125
1990-06-27,3745.0938
1990-06-28,3500.0625
1990-06-29,3528.3438
1990-06-30,3639.2812
1990-07-01,4075.8438
1990-07-02,4384.5
1990-07-03,4002.3281
1990-07-04,3802.75
1990-07-05,4269.078
1990-07-06,4444.125
1990-07-07,4424.422
1990-07-08,5942.875
1990-07-09,5973.953
1990-07-10,5274.5625
1990-07-11,4926.1875
1990-07-12,4877.172
1990-07-13,5254.1406
1990-07-14,6021.8906
1990-07-15,5996.1094
1990-07-16,5934.4688
1990-07-17,5987.2656
1990-07-18,5860.078
1990-07-19,6892.75
1990-07-20,7295.875
1990-07-21,6714.2656
1990-07-22,6078.078
1990-07-23,5917.297
1990-07-24,5909.25
1990-07-25,5669.4062
1990-07-26,5401.8594
1990-07-27,5297.8438
1990-07-28,5799.0156
1990-07-29,6097.8906
1990-07-30,6138.1094
1990-07-31,5851.5156
1990-08-01,5855.797
1990-08-02,6824.4688
1990-08-03,6554.8594
1990-08-04,5849.672
1990-08-05,5400.2188
1990-08-06,5103.797
1990-08-07,4893.9062
1990-08-08,4717.672
1990-08-09,4732.922
1990-08-10,4972.047
1990-08-11,5016.4844
1990-08-12,5007.547
1990-08-13,5073.828
1990-08-14,5227.8906
1990-08-15,5420.2344
1990-08-16,4988.9844
1990-08-17,4689.8594
1990-08-18,4548.8125
1990-08-19,4409.5312
1990-08-20,4228.625
1990-08-21,4054.7656
1990-08-22,3911.3438
1990-08-23,3807.625
1990-08-24,3715.7344
1990-08-25,3688.8125
1990-08-26,3890.5
1990-08-27,5434.9844
1990-08-28,5629.828
1990-08-29,4992.1406
1990-08-30,4397.328
1990-08-31,4071.7188
1990-09-01,3841.3906
1990-09-02,3661.5781
1990-09-03,3530.7812
1990-09-04,3423.125
1990-09-05,3394.8125
1990-09-06,3341.5156
1990-09-07,3263.1875
1990-09-08,3175.9688
1990-09-09,3074.0625
1990-09-10,3398.1719
1990-09-11,3793.1719
1990-09-12,3780.5312
1990-09-13,3756.9844
1990-09-14,3422.5156
1990-09-15,3180.7031
1990-09-16,3036.7812
1990-09-17,2939.8438
1990-09-18,2955.3594
1990-09-19,3068.1719
1990-09-20,3015.8281
1990-09-21,2849.7344
1990-09-22,2729.125
1990-09-23,2647.4688
1990-09-24,2578.539
1990-09-25,2774.1953
1990-09-26,3741.1562
1990-09-27,3495.6719
1990-09-28,3173.4844
1990-09-29,2997.664
1990-09-30,2840.9688
1990-10-01,2715.1562
1990-10-02,2609.5547
1990-10-03,2512.414
1990-10-04,2484.1016
1990-10-05,2482.8047
1990-10-06,2430.3516
1990-10-07,2368.8594
1990-10-08,2305.086
1990-10-09,2243.8281
1990-10-10,2295.2812
1990-10-11,2384.586
1990-10-12,2353.2734
1990-10-13,2245.664
1990-10-14,2142.7031
1990-10-15,2059.3281
1990-10-16,2006.2891
1990-10-17,1952.6484
1990-10-18,1887.0547
1990-10-19,1820.8438
1990-10-20,1758.0781
1990-10-21,1703.5078
1990-10-22,1664.375
1990-10-23,1628.6953
1990-10-24,1581.5312
1990-10-25,1527.5312
1990-10-26,1475.0156
1990-10-27,1434.6172
1990-10-28,1401.5781
1990-10-29,1363.1953
1990-10-30,1320.8906
1990-10-31,1276.6328
1990-11-01,1232.1641
1990-11-02,1190.1719
1990-11-03,1147.5625
1990-11-04,1104.6875
1990-11-05,1062.9141
1990-11-06,1022.58594
1990-11-07,986.27344
1990-11-08,956.2344
1990-11-09,928.27344
1990-11-10,897.40625
1990-11-11,869.0625
1990-11-12,843.3281
1990-11-13,814.6875
1990-11-14,786.08594
1990-11-15,758.0625
1990-11-16,730.9219
1990-11-17,704.85156
1990-11-18,681.2969
1990-11-19,663.16406
1990-11-20,647.14844
1990-11-21,628.1406
1990-11-22,608.3906
1990-11-23,589.21875
1990-11-24,572.1094
1990-11-25,557.9844
1990-11-26,543.7656
1990-11-27,530.2969
1990-11-28,517.34375
1990-11-29,504.21875
1990-11-30,493.25
1990-12-01,485.20312
1990-12-02,479.96875
1990-12-03,477.07812
1990-12-04,475.20312
1990-12-05,472.28125
1990-12-06,466.64062
1990-12-07,460.375
1990-12-08,455.78125
1990-12-09,449.20312
1990-12-10,440.35938
1990-12-11,431.57812
1990-12-12,423.57812
1990-12-13,417.35938
1990-12-14,413.76562
1990-12-15,411.10938
1990-12-16,405.46875
1990-12-17,397.875
1990-12-18,389.79688
1990-12-19,382.28125
1990-12-20,376.15625
1990-12-21,370.29688
1990-12-22,364.26562
1990-12-23,360.28125
1990-12-24,358.60938
1990-12-25,356.73438
1990-12-26,356.375
1990-12-27,360.1875
1990-12-28,365.89062
1990-12-29,369.875
1990-12-30,367.39062
1990-12-31,360.04688
1991-01-01,360.20312
1991-01-02,384.23438
1991-01-03,415.32812
1991-01-04,429.92188
1991-01-05,429.1875
1991-01-06,416.32812
1991-01-07,402.67188
1991-01-08,391.25
1991-01-09,384.45312
1991-01-10,380.15625
1991-01-11,375.95312
1991-01-12,379.85938
1991-01-13,395.90625
1991-01-14,405.70312
1991-01-15,398.34375
1991-01-16,386.45312
1991-01-17,377.45312
1991-01-18,369.70312
1991-01-19,367.40625
1991-01-20,373.75
1991-01-21,382.6875
1991-01-22,389.09375
1991-01-23,390.42188
1991-01-24,385.59375
1991-01-25,381.29688
1991-01-26,377.625
1991-01-27,371.59375
1991-01-28,364.0
1991-01-29,357.53125
1991-01-30,360.5625
1991-01-31,369.875
1991-02-01,381.125
1991-02-02,407.3125
1991-02-03,424.96875
1991-02-04,418.0625
1991-02-05,403.15625
1991-02-06,390.28125
1991-02-07,381.8125
1991-02-08,382.9375
1991-02-09,384.46875
1991-02-10,378.96875
1991-02-11,377.84375
1991-02-12,402.0625
1991-02-13,429.125
1991-02-14,430.84375
1991-02-15,422.4375
1991-02-16,414.5
1991-02-17,407.875
1991-02-18,411.0625
1991-02-19,419.9375
1991-02-20,415.5625
1991-02-21,408.96875
1991-02-22,406.4375
1991-02-23,401.9375
1991-02-24,406.34375
1991-02-25,414.25
1991-02-26,413.0
1991-02-27,419.40625
1991-02-28,434.59375
1991-03-01,444.90625
1991-03-02,441.0
1991-03-03,428.34375
1991-03-04,419.4375
1991-03-05,422.78125
1991-03-06,457.28125
1991-03-07,477.78125
1991-03-08,464.53125
1991-03-09,446.75
1991-03-10,442.78125
1991-03-11,443.34375
1991-03-12,438.0625
1991-03-13,429.71875
1991-03-14,424.21875
1991-03-15,419.5625
1991-03-16,413.5
1991-03-17,407.9375
1991-03-18,401.15625
1991-03-19,393.9375
1991-03-20,392.9375
1991-03-21,395.71875
1991-03-22,392.21875
1991-03-23,389.5625
1991-03-24,397.28125
1991-03-25,403.6875
1991-03-26,402.71875
1991-03-27,398.34375
1991-03-28,394.3125
1991-03-29,395.375
1991-03-30,403.1875
1991-03-31,414.78125
1991-04-01,439.84375
1991-04-02,460.9375
1991-04-03,476.75
1991-04-04,498.3125
1991-04-05,508.0
1991-04-06,501.375
1991-04-07,500.71875
1991-04-08,497.8125
1991-04-09,492.40625
1991-04-10,509.1875
1991-04-11,536.71875
1991-04-12,539.78125
1991-04-13,521.1875
1991-04-14,513.59375
1991-04-15,537.40625
1991-04-16,562.75
1991-04-17,550.25
1991-04-18,520.90625
1991-04-19,499.625
1991-04-20,484.25
1991-04-21,471.9375
1991-04-22,461.6875
1991-04-23,453.28125
1991-04-24,449.46875
1991-04-25,454.875
1991-04-26,455.21875
1991-04-27,449.34375
1991-04-28,443.59375
1991-04-29,438.78125
1991-04-30,445.125
1991-05-01,463.5
1991-05-02,488.40625
1991-05-03,546.46875
1991-05-04,585.84375
1991-05-05,573.21875
1991-05-06,552.28125
1991-05-07,545.5625
1991-05-08,555.0625
1991-05-09,558.1875
1991-05-10,554.4375
1991-05-11,529.8125
1991-05-12,516.09375
1991-05-13,500.78125
1991-05-14,481.71875
1991-05-15,467.0625
1991-05-16,466.15625
1991-05-17,475.09375
1991-05-18,481.25
1991-05-19,501.65625
1991-05-20,512.6875
1991-05-21,520.40625
1991-05-22,623.0
1991-05-23,730.25
1991-05-24,723.96875
1991-05-25,678.90625
1991-05-26,660.59375
1991-05-27,663.4375
1991-05-28,706.90625
1991-05-29,749.3125
1991-05-30,830.8125
1991-05-31,1117.5625
1991-06-01,1124.4062
1991-06-02,985.5
1991-06-03,901.5
1991-06-04,872.15625
1991-06-05,860.375
1991-06-06,860.84375
1991-06-07,872.5
1991-06-08,905.8125
1991-06-09,950.3125
1991-06-10,972.6875
1991-06-11,1036.4688
1991-06-12,1114.3125
1991-06-13,2972.125
1991-06-14,6569.6562
1991-06-15,5775.6875
1991-06-16,3847.3438
1991-06-17,2937.5
1991-06-18,3384.5625
1991-06-19,3290.0938
1991-06-20,3049.625
1991-06-21,2740.4688
1991-06-22,2522.3438
1991-06-23,2746.2812
1991-06-24,3286.9688
1991-06-25,3327.7812
1991-06-26,3215.2188
1991-06-27,3279.375
1991-06-28,3354.6875
1991-06-29,3173.8125
1991-06-30,3153.75
1991-07-01,3210.4688
1991-07-02,3125.75
1991-07-03,3098.75
1991-07-04,3130.8125
1991-07-05,3685.4688
1991-07-06,4117.0625
1991-07-07,3755.0625
1991-07-08,3465.0938
1991-07-09,3528.6875
1991-07-10,3445.6406
1991-07-11,3357.3906
1991-07-12,3703.3281
1991-07-13,3657.2188
1991-07-14,3548.6562
1991-07-15,3562.8438
1991-07-16,3515.8594
1991-07-17,3410.3594
1991-07-18,3549.25
1991-07-19,3694.6875
1991-07-20,3643.9688
1991-07-21,3529.2031
1991-07-22,3367.1094
1991-07-23,3315.0312
1991-07-24,3317.7031
1991-07-25,3261.2031
1991-07-26,3215.4844
1991-07-27,3192.7656
1991-07-28,3141.2031
1991-07-29,3170.4844
1991-07-30,3125.4375
1991-07-31,3016.6719
1991-08-01,3018.5156
1991-08-02,3425.7969
1991-08-03,5048.9844
1991-08-04,5717.8594
1991-08-05,4977.9688
1991-08-06,4245.0
1991-08-07,3988.3594
1991-08-08,4232.453
1991-08-09,4214.9844
1991-08-10,4300.625
1991-08-11,4336.8906
1991-08-12,4300.2188
1991-08-13,4113.047
1991-08-14,4242.7656
1991-08-15,4485.5312
1991-08-16,4496.2656
1991-08-17,4505.703
1991-08-18,4320.4844
1991-08-19,4178.1562
1991-08-20,3992.6562
1991-08-21,3804.5312
1991-08-22,3657.1719
1991-08-23,3642.3281
1991-08-24,3536.5469
1991-08-25,3420.1719
1991-08-26,3314.4375
1991-08-27,4531.3906
1991-08-28,4735.297
1991-08-29,4273.172
1991-08-30,3902.1094
1991-08-31,3659.3125
1991-09-01,3501.1094
1991-09-02,3392.7969
1991-09-03,3313.5
1991-09-04,3295.2812
1991-09-05,3321.5625
1991-09-06,3283.8281
1991-09-07,3207.375
1991-09-08,3156.375
1991-09-09,4262.922
1991-09-10,5208.797
1991-09-11,4535.5625
1991-09-12,3944.3906
1991-09-13,3652.1875
1991-09-14,3498.5312
1991-09-15,3386.5156
1991-09-16,3285.5781
1991-09-17,3187.0938
1991-09-18,3102.8281
1991-09-19,3030.9688
1991-09-20,2957.8672
1991-09-21,2872.8984
1991-09-22,2779.3828
1991-09-23,2683.461
1991-09-24,2687.8438
1991-09-25,2705.3594
1991-09-26,2629.7344
1991-09-27,2535.25
1991-09-28,2442.7031
1991-09-29,2356.8906
1991-09-30,2305.7266
1991-10-01,2259.9062
1991-10-02,2191.8906
1991-10-03,2120.7031
1991-10-04,2044.7266
1991-10-05,1967.6875
1991-10-06,1893.8672
1991-10-07,1833.5078
1991-10-08,1816.4141
1991-10-09,1814.3359
1991-10-10,1784.4219
1991-10-11,1729.3438
1991-10-12,1671.5312
1991-10-13,1617.9531
1991-10-14,1560.0781
1991-10-15,1502.0078
1991-10-16,1449.4688
1991-10-17,1407.5234
1991-10-18,1367.4297
1991-10-19,1324.1094
1991-10-20,1278.3281
1991-10-21,1234.0078
1991-10-22,1198.1875
1991-10-23,1169.0312
1991-10-24,1139.8438
1991-10-25,1106.9062
1991-10-26,1070.7344
1991-10-27,1043.5703
1991-10-28,1027.4297
1991-10-29,1004.4922
1991-10-30,973.4375
1991-10-31,940.0781
1991-11-01,906.53906
1991-11-02,873.5078
1991-11-03,846.5469
1991-11-04,826.0
1991-11-05,815.2969
1991-11-06,806.7969
1991-11-07,791.3047
1991-11-08,768.21094
1991-11-09,741.71875
1991-11-10,719.75
1991-11-11,699.5078
1991-11-12,683.0703
1991-11-13,675.78125
1991-11-14,666.09375
1991-11-15,647.3203
1991-11-16,628.4531
1991-11-17,611.28125
1991-11-18,594.7344
1991-11-19,586.52344
1991-11-20,580.52344
1991-11-21,573.1797
1991-11-22,564.4844
1991-11-23,549.65625
1991-11-24,536.10156
1991-11-25,525.1094
1991-11-26,513.21094
1991-11-27,501.04688
1991-11-28,490.60938
1991-11-29,486.67188
1991-11-30,491.95312
1991-12-01,509.6875
1991-12-02,525.5625
1991-12-03,518.3125
1991-12-04,500.03125
1991-12-05,483.375
1991-12-06,468.90625
1991-12-07,456.625
1991-12-08,445.25
1991-12-09,434.23438
1991-12-10,425.29688
1991-12-11,418.9375
1991-12-12,413.07812
1991-12-13,405.95312
1991-12-14,397.0625
1991-12-15,388.375
1991-12-16,380.01562
1991-12-17,372.1875
1991-12-18,364.8125
1991-12-19,357.89062
1991-12-20,351.26562
1991-12-21,344.96875
1991-12-22,342.3125
1991-12-23,349.5625
1991-12-24,366.5625
1991-12-25,383.15625
1991-12-26,397.79688
1991-12-27,413.29688
1991-12-28,412.23438
1991-12-29,404.65625
1991-12-30,399.21875
1991-12-31,399.39062
1992-01-01,401.10938
1992-01-02,396.17188
1992-01-03,386.21875
1992-01-04,375.84375
1992-01-05,366.71875
1992-01-06,358.1875
1992-01-07,351.46875
1992-01-08,350.10938
1992-01-09,351.29688
1992-01-10,348.95312
1992-01-11,344.70312
1992-01-12,352.84375
1992-01-13,367.84375
1992-01-14,370.60938
1992-01-15,366.71875
1992-01-16,370.32812
1992-01-17,381.57812
1992-01-18,381.4375
1992-01-19,370.375
1992-01-20,359.5
1992-01-21,354.45312
1992-01-22,356.57812
1992-01-23,362.79688
1992-01-24,368.46875
1992-01-25,368.39062
1992-01-26,364.20312
1992-01-27,357.4375
1992-01-28,349.75
1992-01-29,344.17188
1992-01-30,341.73438
1992-01-31,342.65625
1992-02-01,362.07812
1992-02-02,386.875
1992-02-03,416.96875
1992-02-04,434.48438
1992-02-05,428.17188
1992-02-06,418.4375
1992-02-07,409.10938
1992-02-08,417.92188
1992-02-09,444.34375
1992-02-10,467.75
1992-02-11,471.3125
1992-02-12,465.3125
1992-02-13,456.53125
1992-02-14,454.5
1992-02-15,463.76562
1992-02-16,478.10938
1992-02-17,491.96875
1992-02-18,505.35938
1992-02-19,504.54688
1992-02-20,492.04688
1992-02-21,486.76562
1992-02-22,488.95312
1992-02-23,490.85938
1992-02-24,483.28125
1992-02-25,467.45312
1992-02-26,452.17188
1992-02-27,438.90625
1992-02-28,427.10938
1992-02-29,422.78125
1992-03-01,432.9375
1992-03-02,453.70312
1992-03-03,478.54688
1992-03-04,494.09375
1992-03-05,494.53125
1992-03-06,505.875
1992-03-07,513.34375
1992-03-08,512.53125
1992-03-09,515.625
1992-03-10,516.125
1992-03-11,509.125
1992-03-12,493.0625
1992-03-13,477.4375
1992-03-14,470.59375
1992-03-15,476.09375
1992-03-16,474.3125
1992-03-17,460.125
1992-03-18,454.625
1992-03-19,460.4375
1992-03-20,463.125
1992-03-21,466.375
1992-03-22,471.375
1992-03-23,466.4375
1992-03-24,456.3125
1992-03-25,446.09375
1992-03-26,437.0
1992-03-27,432.3125
1992-03-28,428.9375
1992-03-29,427.96875
1992-03-30,428.96875
1992-03-31,425.21875
1992-04-01,419.71875
1992-04-02,413.8125
1992-04-03,407.25
1992-04-04,401.25
1992-04-05,395.34375
1992-04-06,394.96875
1992-04-07,405.15625
1992-04-08,413.8125
1992-04-09,409.8125
1992-04-10,401.5
1992-04-11,399.125
1992-04-12,395.90625
1992-04-13,388.78125
1992-04-14,382.40625
1992-04-15,376.65625
1992-04-16,370.84375
1992-04-17,364.8125
1992-04-18,358.65625
1992-04-19,352.5625
1992-04-20,347.6875
1992-04-21,344.21875
1992-04-22,341.0625
1992-04-23,339.875
1992-04-24,340.625
1992-04-25,338.625
1992-04-26,334.40625
1992-04-27,332.59375
1992-04-28,337.40625
1992-04-29,345.875
1992-04-30,350.71875
1992-05-01,356.3125
1992-05-02,376.4375
1992-05-03,399.6875
1992-05-04,426.4375
1992-05-05,479.96875
1992-05-06,498.90625
1992-05-07,485.34375
1992-05-08,477.96875
1992-05-09,473.4375
1992-05-10,475.78125
1992-05-11,471.78125
1992-05-12,450.0
1992-05-13,436.4375
1992-05-14,429.25
1992-05-15,428.875
1992-05-16,439.6875
1992-05-17,512.9375
1992-05-18,752.15625
1992-05-19,843.71875
1992-05-20,787.5
1992-05-21,709.125
1992-05-22,643.0
1992-05-23,604.75
1992-05-24,583.71875
1992-05-25,570.5156
1992-05-26,566.9531
1992-05-27,569.09375
1992-05-28,569.09375
1992-05-29,568.5469
1992-05-30,630.5156
1992-05-31,780.15625
1992-06-01,838.4844
1992-06-02,761.5469
1992-06-03,685.34375
1992-06-04,652.0
1992-06-05,632.84375
1992-06-06,640.6406
1992-06-07,651.96875
1992-06-08,696.625
1992-06-09,741.1719
1992-06-10,766.40625
1992-06-11,765.2969
1992-06-12,753.3281
1992-06-13,782.59375
1992-06-14,972.6719
1992-06-15,1032.5156
1992-06-16,944.09375
1992-06-17,891.84375
1992-06-18,866.25
1992-06-19,869.9844
1992-06-20,906.90625
1992-06-21,946.375
1992-06-22,1001.7969
1992-06-23,1099.3281
1992-06-24,1641.7188
1992-06-25,1905.8438
1992-06-26,2118.7656
1992-06-27,3108.5156
1992-06-28,2508.7031
1992-06-29,2036.7344
1992-06-30,1895.3125
1992-07-01,1847.2188
1992-07-02,1821.9688
1992-07-03,2007.4375
1992-07-04,2202.9844
1992-07-05,2258.0625
1992-07-06,2297.2188
1992-07-07,2245.375
1992-07-08,2099.25
1992-07-09,2011.6719
1992-07-10,2047.3906
1992-07-11,2165.5469
1992-07-12,2399.3906
1992-07-13,3064.3281
1992-07-14,2771.9219
1992-07-15,2502.8438
1992-07-16,2678.1719
1992-07-17,2815.3438
1992-07-18,2602.8281
1992-07-19,2637.7656
1992-07-20,2682.8594
1992-07-21,2753.1875
1992-07-22,2833.0312
1992-07-23,2806.4375
1992-07-24,2771.7031
1992-07-25,2817.8125
1992-07-26,3008.9844
1992-07-27,2846.75
1992-07-28,2720.4219
1992-07-29,2648.6562
1992-07-30,2632.9219
1992-07-31,2880.6562
1992-08-01,3215.5312
1992-08-02,3176.8125
1992-08-03,3040.1406
1992-08-04,2951.5625
1992-08-05,2819.9688
1992-08-06,2760.2812
1992-08-07,2755.0
1992-08-08,2817.5156
1992-08-09,2803.8906
1992-08-10,2670.7188
1992-08-11,2575.1719
1992-08-12,2503.3594
1992-08-13,2445.5469
1992-08-14,2431.0469
1992-08-15,2810.9688
1992-08-16,3205.7656
1992-08-17,2865.7969
1992-08-18,2676.7031
1992-08-19,2552.8906
1992-08-20,2475.5312
1992-08-21,2825.3281
1992-08-22,3794.0312
1992-08-23,4297.328
1992-08-24,4428.6094
1992-08-25,4212.8594
1992-08-26,3790.9219
1992-08-27,3798.0
1992-08-28,3798.9219
1992-08-29,3503.25
1992-08-30,3254.75
1992-08-31,3118.2969
1992-09-01,3025.625
1992-09-02,2940.3281
1992-09-03,2853.9688
1992-09-04,2765.5469
1992-09-05,2676.8594
1992-09-06,2591.9219
1992-09-07,2509.4844
1992-09-08,2432.1875
1992-09-09,2371.5469
1992-09-10,2325.0469
1992-09-11,2283.6875
1992-09-12,2237.875
1992-09-13,2315.4688
1992-09-14,2840.8281
1992-09-15,2886.1562
1992-09-16,2616.9375
1992-09-17,2565.4375
1992-09-18,2497.25
1992-09-19,2381.125
1992-09-20,2279.1875
1992-09-21,2187.3125
1992-09-22,2100.6094
1992-09-23,2018.4688
1992-09-24,1945.5
1992-09-25,1876.4062
1992-09-26,1807.3125
1992-09-27,1743.1875
1992-09-28,1692.5469
1992-09-29,1655.7188
1992-09-30,1635.7344
1992-10-01,1615.6406
1992-10-02,1596.9531
1992-10-03,1598.2812
1992-10-04,1658.9219
1992-10-05,1657.375
1992-10-06,1595.5625
1992-10-07,1528.6094
1992-10-08,1463.1406
1992-10-09,1403.1562
1992-10-10,1347.0156
1992-10-11,1292.5469
1992-10-12,1246.9688
1992-10-13,1242.4062
1992-10-14,1309.9844
1992-10-15,1370.4688
1992-10-16,1429.6562
1992-10-17,1485.4062
1992-10-18,1501.75
1992-10-19,1530.3125
1992-10-20,1496.2812
1992-10-21,1439.2344
1992-10-22,1391.8594
1992-10-23,1358.9219
1992-10-24,1353.4688
1992-10-25,1349.9219
1992-10-26,1334.5938
1992-10-27,1304.6094
1992-10-28,1259.5156
1992-10-29,1208.7031
1992-10-30,1159.5938
1992-10-31,1113.5938
1992-11-01,1070.2188
1992-11-02,1029.5156
1992-11-03,998.28125
1992-11-04,968.7656
1992-11-05,933.77344
1992-11-06,898.4531
1992-11-07,865.1719
1992-11-08,833.89844
1992-11-09,806.97656
1992-11-10,783.6797
1992-11-11,761.8828
1992-11-12,740.6172
1992-11-13,721.7656
1992-11-14,705.0156
1992-11-15,685.4375
1992-11-16,664.6406
1992-11-17,644.46875
1992-11-18,624.9219
1992-11-19,606.09375
1992-11-20,588.2344
1992-11-21,570.7656
1992-11-22,554.8906
1992-11-23,547.3594
1992-11-24,546.15625
1992-11-25,540.0
1992-11-26,528.0781
1992-11-27,512.28125
1992-11-28,497.96875
1992-11-29,486.53125
1992-11-30,477.71875
1992-12-01,469.26562
1992-12-02,459.95312
1992-12-03,451.0625
1992-12-04,446.1875
1992-12-05,447.48438
1992-12-06,450.54688
1992-12-07,444.34375
1992-12-08,432.70312
1992-12-09,421.9375
1992-12-10,413.64062
1992-12-11,406.71875
1992-12-12,397.5
1992-12-13,390.34375
1992-12-14,389.32812
1992-12-15,388.20312
1992-12-16,382.6875
1992-12-17,373.42188
1992-12-18,364.04688
1992-12-19,358.15625
1992-12-20,354.65625
1992-12-21,350.1875
1992-12-22,344.79688
1992-12-23,340.03125
1992-12-24,335.57812
1992-12-25,330.21875
1992-12-26,326.15625
1992-12-27,321.92188
1992-12-28,318.54688
1992-12-29,320.07812
1992-12-30,328.28125
1992-12-31,332.46875
1993-01-01,327.8125
1993-01-02,322.21875
1993-01-03,317.0625
1993-01-04,316.25
1993-01-05,320.89062
1993-01-06,331.21875
1993-01-07,352.35938
1993-01-08,389.90625
1993-01-09,435.73438
1993-01-10,469.90625
1993-01-11,471.25
1993-01-12,462.375
1993-01-13,471.67188
1993-01-14,475.3125
1993-01-15,461.76562
1993-01-16,446.34375
1993-01-17,432.09375
1993-01-18,420.15625
1993-01-19,415.0625
1993-01-20,415.59375
1993-01-21,420.84375
1993-01-22,422.1875
1993-01-23,414.625
1993-01-24,406.09375
1993-01-25,398.15625
1993-01-26,390.9375
1993-01-27,385.6875
1993-01-28,381.90625
1993-01-29,378.15625
1993-01-30,373.0625
1993-01-31,369.8125
1993-02-01,372.75
1993-02-02,373.125
1993-02-03,366.59375
1993-02-04,358.5625
1993-02-05,351.25
1993-02-06,344.0
1993-02-07,338.28125
1993-02-08,332.90625
1993-02-09,328.0
1993-02-10,324.46875
1993-02-11,322.625
1993-02-12,323.78125
1993-02-13,355.0625
1993-02-14,391.71875
1993-02-15,411.53125
1993-02-16,473.5625
1993-02-17,536.84375
1993-02-18,567.34375
1993-02-19,578.03125
1993-02-20,563.40625
1993-02-21,532.59375
1993-02-22,503.75
1993-02-23,481.4375
1993-02-24,462.96875
1993-02-25,447.0625
1993-02-26,432.8125
1993-02-27,424.125
1993-02-28,442.5625
1993-03-01,470.1875
1993-03-02,467.03125
1993-03-03,455.5625
1993-03-04,452.5
1993-03-05,450.96875
1993-03-06,448.34375
1993-03-07,440.59375
1993-03-08,428.25
1993-03-09,415.8125
1993-03-10,405.15625
1993-03-11,394.125
1993-03-12,384.40625
1993-03-13,376.9375
1993-03-14,372.8125
1993-03-15,380.28125
1993-03-16,390.6875
1993-03-17,389.65625
1993-03-18,387.5625
1993-03-19,391.9375
1993-03-20,392.65625
1993-03-21,382.9375
1993-03-22,373.21875
1993-03-23,366.15625
1993-03-24,369.625
1993-03-25,385.84375
1993-03-26,429.1875
1993-03-27,467.84375
1993-03-28,487.0
1993-03-29,493.78125
1993-03-30,482.3125
1993-03-31,476.25
1993-04-01,471.65625
1993-04-02,455.71875
1993-04-03,437.9375
1993-04-04,424.28125
1993-04-05,412.90625
1993-04-06,401.75
1993-04-07,391.40625
1993-04-08,382.125
1993-04-09,375.0625
1993-04-10,371.65625
1993-04-11,371.09375
1993-04-12,375.4375
1993-04-13,422.875
1993-04-14,458.78125
1993-04-15,467.09375
1993-04-16,473.65625
1993-04-17,477.65625
1993-04-18,486.28125
1993-04-19,492.15625
1993-04-20,490.65625
1993-04-21,483.25
1993-04-22,480.375
1993-04-23,483.15625
1993-04-24,491.25
1993-04-25,502.125
1993-04-26,512.0625
1993-04-27,529.46875
1993-04-28,548.40625
1993-04-29,555.375
1993-04-30,560.59375
1993-05-01,566.40625
1993-05-02,567.6875
1993-05-03,628.53125
1993-05-04,726.875
1993-05-05,752.8125
1993-05-06,740.90625
1993-05-07,740.53125
1993-05-08,738.65625
1993-05-09,750.21875
1993-05-10,854.75
1993-05-11,880.96875
1993-05-12,870.3125
1993-05-13,864.625
1993-05-14,833.21875
1993-05-15,799.96875
1993-05-16,787.9375
1993-05-17,872.46875
1993-05-18,1083.0625
1993-05-19,1353.875
1993-05-20,1287.4062
1993-05-21,1232.375
1993-05-22,1141.6562
1993-05-23,1046.5625
1993-05-24,995.34375
1993-05-25,964.6875
1993-05-26,942.125
1993-05-27,933.15625
1993-05-28,935.34375
1993-05-29,939.875
1993-05-30,950.9375
1993-05-31,985.09375
1993-06-01,1000.28125
1993-06-02,1051.75
1993-06-03,1199.4375
1993-06-04,1222.0
1993-06-05,1341.4375
1993-06-06,1329.5938
1993-06-07,1255.8125
1993-06-08,1254.7188
1993-06-09,1596.375
1993-06-10,1942.0
1993-06-11,2156.625
1993-06-12,1975.75
1993-06-13,1779.0938
1993-06-14,1676.6562
1993-06-15,1591.9375
1993-06-16,1528.3125
1993-06-17,1485.2188
1993-06-18,1484.7188
1993-06-19,1522.6719
1993-06-20,1574.4375
1993-06-21,1826.9531
1993-06-22,2068.7031
1993-06-23,2053.1719
1993-06-24,2138.4219
1993-06-25,2134.75
1993-06-26,2188.9062
1993-06-27,2620.1406
1993-06-28,2615.7344
1993-06-29,2466.9375
1993-06-30,2679.0625
1993-07-01,3236.4219
1993-07-02,3557.875
1993-07-03,3850.4219
1993-07-04,3677.1562
1993-07-05,3965.2969
1993-07-06,3843.7344
1993-07-07,3995.4062
1993-07-08,4076.2344
1993-07-09,3782.0312
1993-07-10,3496.4531
1993-07-11,3398.7344
1993-07-12,3336.8281
1993-07-13,3269.7188
1993-07-14,3263.75
1993-07-15,3254.9375
1993-07-16,3344.5625
1993-07-17,3426.8125
1993-07-18,3326.5625
1993-07-19,3229.3594
1993-07-20,3743.0625
1993-07-21,6116.5156
1993-07-22,6822.1875
1993-07-23,5759.672
1993-07-24,4652.6875
1993-07-25,4113.6094
1993-07-26,4092.5
1993-07-27,4227.4844
1993-07-28,4160.6875
1993-07-29,3997.5469
1993-07-30,3854.3281
1993-07-31,4373.3906
1993-08-01,4849.297
1993-08-02,4586.2344
1993-08-03,4335.0312
1993-08-04,4440.9688
1993-08-05,4651.8594
1993-08-06,6266.3438
1993-08-07,7400.4688
1993-08-08,6358.5
1993-08-09,6122.7188
1993-08-10,7462.7812
1993-08-11,7952.078
1993-08-12,7478.047
1993-08-13,6345.922
1993-08-14,5756.6406
1993-08-15,5709.4688
1993-08-16,5472.5312
1993-08-17,5273.0625
1993-08-18,5094.047
1993-08-19,4902.4375
1993-08-20,4954.0312
1993-08-21,5078.1094
1993-08-22,5598.0156
1993-08-23,6028.1562
1993-08-24,5851.3125
1993-08-25,5646.453
1993-08-26,5411.9062
1993-08-27,5078.7812
1993-08-28,4797.797
1993-08-29,4651.75
1993-08-30,4808.1562
1993-08-31,5403.2656
1993-09-01,5253.3906
1993-09-02,4786.8438
1993-09-03,4634.8438
1993-09-04,4515.547
1993-09-05,4347.6875
1993-09-06,4268.5625
1993-09-07,4168.9844
1993-09-08,4080.2812
1993-09-09,4033.125
1993-09-10,4011.7656
1993-09-11,3889.4531
1993-09-12,3733.6562
1993-09-13,3589.3906
1993-09-14,3463.5938
1993-09-15,3387.6094
1993-09-16,3401.1406
1993-09-17,3364.3125
1993-09-18,3258.0938
1993-09-19,3137.8906
1993-09-20,3018.0156
1993-09-21,2907.5469
1993-09-22,2816.75
1993-09-23,2738.125
1993-09-24,2701.4531
1993-09-25,2709.5
1993-09-26,2827.0312
1993-09-27,2821.5469
1993-09-28,2768.8438
1993-09-29,2698.4844
1993-09-30,2619.9375
1993-10-01,2546.3594
1993-10-02,2483.4062
1993-10-03,2417.25
1993-10-04,2340.0938
1993-10-05,2255.3281
1993-10-06,2175.6406
1993-10-07,2109.5469
1993-10-08,2048.2031
1993-10-09,1988.5625
1993-10-10,1923.5156
1993-10-11,1853.7031
1993-10-12,1784.0
1993-10-13,1721.1562
1993-10-14,1665.25
1993-10-15,1618.0391
1993-10-16,1583.1016
1993-10-17,1553.0078
1993-10-18,1520.6094
1993-10-19,1488.4531
1993-10-20,1479.4062
1993-10-21,1491.25
1993-10-22,1485.7344
1993-10-23,1462.0469
1993-10-24,1423.8125
1993-10-25,1378.9062
1993-10-26,1336.4062
1993-10-27,1307.6875
1993-10-28,1290.9844
1993-10-29,1261.3438
1993-10-30,1218.375
1993-10-31,1173.6875
1993-11-01,1129.6094
1993-11-02,1085.8438
1993-11-03,1043.8594
1993-11-04,1005.1094
1993-11-05,969.3125
1993-11-06,939.375
1993-11-07,919.28125
1993-11-08,905.5781
1993-11-09,927.7969
1993-11-10,958.3281
1993-11-11,948.5469
1993-11-12,917.2969
1993-11-13,884.5469
1993-11-14,853.8125
1993-11-15,825.78125
1993-11-16,803.8906
1993-11-17,789.8281
1993-11-18,786.9219
1993-11-19,791.9531
1993-11-20,809.8594
1993-11-21,812.3125
1993-11-22,795.375
1993-11-23,775.9531
1993-11-24,760.59375
1993-11-25,746.71875
1993-11-26,732.375
1993-11-27,715.0781
1993-11-28,695.9531
1993-11-29,676.90625
1993-11-30,659.21875
1993-12-01,642.2656
1993-12-02,624.25
1993-12-03,608.3281
1993-12-04,596.3906
1993-12-05,584.71875
1993-12-06,571.1406
1993-12-07,556.40625
1993-12-08,543.0
1993-12-09,535.7969
1993-12-10,531.09375
1993-12-11,521.25
1993-12-12,517.65625
1993-12-13,539.6094
1993-12-14,564.46875
1993-12-15,574.34375
1993-12-16,570.28125
1993-12-17,556.78125
1993-12-18,540.1719
1993-12-19,524.40625
1993-12-20,510.26562
1993-12-21,503.29688
1993-12-22,502.98438
1993-12-23,500.1875
1993-12-24,491.75
1993-12-25,479.5
1993-12-26,466.71875
1993-12-27,454.53125
1993-12-28,442.79688
1993-12-29,431.67188
1993-12-30,426.71875
1993-12-31,434.32812
1994-01-01,442.76562
1994-01-02,445.73438
1994-01-03,446.125
1994-01-04,443.4375
1994-01-05,436.09375
1994-01-06,438.21875
1994-01-07,443.71875
1994-01-08,439.0
1994-01-09,429.875
1994-01-10,421.1875
1994-01-11,415.125
1994-01-12,420.0625
1994-01-13,444.3125
1994-01-14,476.90625
1994-01-15,496.875
1994-01-16,494.78125
1994-01-17,495.46875
1994-01-18,503.4375
1994-01-19,500.34375
1994-01-20,489.3125
1994-01-21,477.625
1994-01-22,465.53125
1994-01-23,455.53125
1994-01-24,448.21875
1994-01-25,439.71875
1994-01-26,427.90625
1994-01-27,418.65625
1994-01-28,413.40625
1994-01-29,410.71875
1994-01-30,465.03125
1994-01-31,505.375
1994-02-01,485.75
1994-02-02,459.84375
1994-02-03,442.65625
1994-02-04,429.21875
1994-02-05,422.9375
1994-02-06,433.0625
1994-02-07,448.84375
1994-02-08,444.9375
1994-02-09,489.5
1994-02-10,547.40625
1994-02-11,577.125
1994-02-12,596.15625
1994-02-13,613.0625
1994-02-14,603.46875
1994-02-15,586.65625
1994-02-16,577.9375
1994-02-17,586.96875
1994-02-18,597.40625
1994-02-19,592.34375
1994-02-20,575.84375
1994-02-21,568.15625
1994-02-22,593.0625
1994-02-23,611.34375
1994-02-24,592.03125
1994-02-25,565.21875
1994-02-26,546.9375
1994-02-27,541.4375
1994-02-28,581.6875
1994-03-01,614.375
1994-03-02,597.0
1994-03-03,566.75
1994-03-04,565.3125
1994-03-05,579.5625
1994-03-06,586.0625
1994-03-07,586.0
1994-03-08,589.09375
1994-03-09,576.78125
1994-03-10,552.53125
1994-03-11,532.40625
1994-03-12,517.96875
1994-03-13,515.375
1994-03-14,518.03125
1994-03-15,529.4375
1994-03-16,547.5
1994-03-17,551.71875
1994-03-18,541.875
1994-03-19,536.40625
1994-03-20,567.15625
1994-03-21,602.34375
1994-03-22,611.15625
1994-03-23,597.625
1994-03-24,576.3125
1994-03-25,566.28125
1994-03-26,570.15625
1994-03-27,581.5625
1994-03-28,584.03125
1994-03-29,606.53125
1994-03-30,647.875
1994-03-31,687.21875
1994-04-01,706.3125
1994-04-02,710.03125
1994-04-03,707.40625
1994-04-04,686.96875
1994-04-05,671.53125
1994-04-06,688.59375
1994-04-07,697.59375
1994-04-08,711.6875
1994-04-09,713.875
1994-04-10,692.8125
1994-04-11,665.125
1994-04-12,640.5625
1994-04-13,620.125
1994-04-14,601.75
1994-04-15,585.25
1994-04-16,571.3125
1994-04-17,562.4375
1994-04-18,561.59375
1994-04-19,567.5
1994-04-20,567.21875
1994-04-21,562.59375
1994-04-22,584.3125
1994-04-23,670.84375
1994-04-24,707.6875
1994-04-25,696.1875
1994-04-26,660.46875
1994-04-27,621.84375
1994-04-28,596.21875
1994-04-29,578.75
1994-04-30,566.625
1994-05-01,559.125
1994-05-02,552.96875
1994-05-03,544.375
1994-05-04,543.0
1994-05-05,566.03125
1994-05-06,599.53125
1994-05-07,595.84375
1994-05-08,574.625
1994-05-09,563.09375
1994-05-10,623.0
1994-05-11,771.09375
1994-05-12,753.59375
1994-05-13,669.40625
1994-05-14,631.09375
1994-05-15,678.96875
1994-05-16,734.59375
1994-05-17,691.15625
1994-05-18,639.15625
1994-05-19,620.0
1994-05-20,608.40625
1994-05-21,601.0625
1994-05-22,591.34375
1994-05-23,591.59375
1994-05-24,603.34375
1994-05-25,629.625
1994-05-26,663.53125
1994-05-27,693.21875
1994-05-28,754.53125
1994-05-29,818.96875
1994-05-30,902.46875
1994-05-31,972.84375
1994-06-01,988.4375
1994-06-02,1300.8125
1994-06-03,1728.6875
1994-06-04,1806.5
1994-06-05,1835.75
1994-06-06,1864.2188
1994-06-07,1583.3438
1994-06-08,1378.8438
1994-06-09,1304.4375
1994-06-10,1293.7188
1994-06-11,1360.7188
1994-06-12,1379.875
1994-06-13,1463.0625
1994-06-14,3303.3438
1994-06-15,2782.2188
1994-06-16,2199.625
1994-06-17,2064.7812
1994-06-18,2034.3125
1994-06-19,2291.5312
1994-06-20,2365.125
1994-06-21,2373.6562
1994-06-22,2886.0625
1994-06-23,3505.5312
1994-06-24,3313.6875
1994-06-25,3646.5
1994-06-26,4544.0
1994-06-27,4058.5938
1994-06-28,3345.4375
1994-06-29,3160.375
1994-06-30,3381.0312
1994-07-01,3444.1875
1994-07-02,3530.5312
1994-07-03,4272.4062
1994-07-04,4237.2188
1994-07-05,3747.0625
1994-07-06,3429.0625
1994-07-07,3443.4688
1994-07-08,4043.6875
1994-07-09,4524.875
1994-07-10,4332.5938
1994-07-11,4203.2812
1994-07-12,4170.3438
1994-07-13,4028.25
1994-07-14,3801.75
1994-07-15,3655.5312
1994-07-16,3595.0938
1994-07-17,3516.0625
1994-07-18,3487.6094
1994-07-19,3591.75
1994-07-20,3518.7812
1994-07-21,3424.7344
1994-07-22,3399.2344
1994-07-23,3314.7656
1994-07-24,3258.3594
1994-07-25,3525.3125
1994-07-26,3508.625
1994-07-27,3545.8438
1994-07-28,3520.9062
1994-07-29,3727.1875
1994-07-30,3902.2656
1994-07-31,3764.8281
1994-08-01,3539.8125
1994-08-02,3387.8438
1994-08-03,3291.125
1994-08-04,3241.1094
1994-08-05,3231.9375
1994-08-06,3259.9375
1994-08-07,3369.75
1994-08-08,3407.0312
1994-08-09,3638.5156
1994-08-10,3732.2969
1994-08-11,3772.7344
1994-08-12,3562.8281
1994-08-13,3456.9531
1994-08-14,3500.3438
1994-08-15,4646.3438
1994-08-16,5330.5
1994-08-17,4617.8594
1994-08-18,4068.875
1994-08-19,3803.6719
1994-08-20,3635.0469
1994-08-21,3526.7031
1994-08-22,3495.5625
1994-08-23,3469.5469
1994-08-24,3431.4688
1994-08-25,3416.0625
1994-08-26,3604.8438
1994-08-27,3663.1719
1994-08-28,3535.0312
1994-08-29,3434.3438
1994-08-30,3347.0312
1994-08-31,3257.3594
1994-09-01,3182.2031
1994-09-02,3117.9688
1994-09-03,3054.5625
1994-09-04,3001.0
1994-09-05,2947.2344
1994-09-06,2884.9531
1994-09-07,2802.9688
1994-09-08,2704.5781
1994-09-09,2617.0469
1994-09-10,2893.5
1994-09-11,3679.6719
1994-09-12,3379.3906
1994-09-13,3121.5
1994-09-14,3141.5312
1994-09-15,3171.6719
1994-09-16,3251.7969
1994-09-17,3008.2344
1994-09-18,2789.8906
1994-09-19,3314.6875
1994-09-20,3919.5469
1994-09-21,3501.8594
1994-09-22,3124.8281
1994-09-23,2924.7812
1994-09-24,2780.9844
1994-09-25,2661.375
1994-09-26,2569.0312
1994-09-27,2497.9219
1994-09-28,2429.8438
1994-09-29,2355.9219
1994-09-30,2279.5625
1994-10-01,2200.7656
1994-10-02,2124.2969
1994-10-03,2079.2969
1994-10-04,2051.125
1994-10-05,2174.6406
1994-10-06,2167.5938
1994-10-07,2048.375
1994-10-08,1986.3438
1994-10-09,1922.2188
1994-10-10,1845.0469
1994-10-11,1775.625
1994-10-12,1720.5938
1994-10-13,1697.0938
1994-10-14,1675.4844
1994-10-15,1644.7344
1994-10-16,1595.1719
1994-10-17,1532.3281
1994-10-18,1467.8438
1994-10-19,1406.625
1994-10-20,1350.4375
1994-10-21,1301.4844
1994-10-22,1265.2031
1994-10-23,1236.375
1994-10-24,1207.4375
1994-10-25,1174.0156
1994-10-26,1135.5625
1994-10-27,1100.875
1994-10-28,1070.9062
1994-10-29,1113.7344
1994-10-30,1185.1406
1994-10-31,1197.9531
1994-11-01,1150.3594
1994-11-02,1092.8594
1994-11-03,1045.6562
1994-11-04,1005.1719
1994-11-05,967.3594
1994-11-06,930.3906
1994-11-07,897.5156
1994-11-08,866.7031
1994-11-09,837.7344
1994-11-10,809.5781
1994-11-11,780.9844
1994-11-12,753.1875
1994-11-13,729.3594
1994-11-14,716.2969
1994-11-15,706.7031
1994-11-16,692.4219
1994-11-17,674.4375
1994-11-18,655.6406
1994-11-19,636.1875
1994-11-20,618.1406
1994-11-21,600.4375
1994-11-22,581.5469
1994-11-23,563.90625
1994-11-24,548.125
1994-11-25,534.5469
1994-11-26,521.1094
1994-11-27,507.04688
1994-11-28,494.82812
1994-11-29,486.25
1994-11-30,484.71875
1994-12-01,496.0625
1994-12-02,510.04688
1994-12-03,509.04688
1994-12-04,498.5625
1994-12-05,486.5625
1994-12-06,475.39062
1994-12-07,463.71875
1994-12-08,452.04688
1994-12-09,442.32812
1994-12-10,444.32812
1994-12-11,467.25
1994-12-12,484.07812
1994-12-13,475.96875
1994-12-14,458.70312
1994-12-15,445.45312
1994-12-16,436.67188
1994-12-17,432.84375
1994-12-18,431.4375
1994-12-19,427.04688
1994-12-20,420.76562
1994-12-21,414.375
1994-12-22,406.45312
1994-12-23,397.75
1994-12-24,388.98438
1994-12-25,380.89062
1994-12-26,373.95312
1994-12-27,367.54688
1994-12-28,363.95312
1994-12-29,367.92188
1994-12-30,380.92188
1994-12-31,403.3125
1995-01-01,408.875
1995-01-02,394.01562
1995-01-03,380.875
1995-01-04,371.53125
1995-01-05,366.90625
1995-01-06,365.79688
1995-01-07,362.29688
1995-01-08,355.625
1995-01-09,352.98438
1995-01-10,370.14062
1995-01-11,392.8125
1995-01-12,393.01562
1995-01-13,382.29688
1995-01-14,373.4375
1995-01-15,366.5625
1995-01-16,357.5625
1995-01-17,348.85938
1995-01-18,347.98438
1995-01-19,352.64062
1995-01-20,362.98438
1995-01-21,399.26562
1995-01-22,425.89062
1995-01-23,419.8125
1995-01-24,406.14062
1995-01-25,393.125
1995-01-26,383.5625
1995-01-27,376.64062
1995-01-28,370.23438
1995-01-29,367.46875
1995-01-30,372.48438
1995-01-31,379.28125
1995-02-01,378.46875
1995-02-02,375.25
1995-02-03,374.45312
1995-02-04,380.78125
1995-02-05,401.28125
1995-02-06,414.5
1995-02-07,410.5
1995-02-08,404.70312
1995-02-09,396.1875
1995-02-10,389.79688
1995-02-11,387.92188
1995-02-12,384.59375
1995-02-13,385.53125
1995-02-14,397.65625
1995-02-15,424.15625
1995-02-16,479.90625
1995-02-17,493.15625
1995-02-18,487.90625
1995-02-19,498.84375
1995-02-20,503.46875
1995-02-21,501.28125
1995-02-22,492.875
1995-02-23,488.95312
1995-02-24,503.125
1995-02-25,520.5
1995-02-26,514.3594
1995-02-27,498.35938
1995-02-28,500.98438
1995-03-01,512.8906
1995-03-02,505.71875
1995-03-03,492.46875
1995-03-04,483.98438
1995-03-05,474.5625
1995-03-06,470.90625
1995-03-07,471.17188
1995-03-08,484.1875
1995-03-09,501.29688
1995-03-10,502.34375
1995-03-11,495.57812
1995-03-12,504.32812
1995-03-13,505.34375
1995-03-14,487.95312
1995-03-15,472.71875
1995-03-16,459.5625
1995-03-17,452.65625
1995-03-18,454.625
1995-03-19,452.5625
1995-03-20,443.5625
1995-03-21,437.9375
1995-03-22,433.0625
1995-03-23,425.125
1995-03-24,421.03125
1995-03-25,422.53125
1995-03-26,426.9375
1995-03-27,453.0625
1995-03-28,476.0625
1995-03-29,489.78125
1995-03-30,517.21875
1995-03-31,549.03125
1995-04-01,550.0
1995-04-02,525.65625
1995-04-03,502.15625
1995-04-04,484.90625
1995-04-05,469.75
1995-04-06,455.15625
1995-04-07,442.96875
1995-04-08,434.0
1995-04-09,426.03125
1995-04-10,419.125
1995-04-11,416.65625
1995-04-12,425.875
1995-04-13,442.5
1995-04-14,445.3125
1995-04-15,436.53125
1995-04-16,426.5625
1995-04-17,418.5
1995-04-18,414.34375
1995-04-19,413.0625
1995-04-20,413.125
1995-04-21,420.8125
1995-04-22,426.21875
1995-04-23,425.0625
1995-04-24,424.6875
1995-04-25,422.4375
1995-04-26,422.3125
1995-04-27,423.40625
1995-04-28,427.4375
1995-04-29,427.59375
1995-04-30,422.75
1995-05-01,426.75
1995-05-02,441.71875
1995-05-03,446.9375
1995-05-04,442.90625
1995-05-05,442.375
1995-05-06,438.375
1995-05-07,431.09375
1995-05-08,427.9375
1995-05-09,434.84375
1995-05-10,444.46875
1995-05-11,421.375
1995-05-12,415.5
1995-05-13,432.34375
1995-05-14,457.5625
1995-05-15,491.21875
1995-05-16,535.6875
1995-05-17,611.03125
1995-05-18,751.75
1995-05-19,1146.0
1995-05-20,1402.875
1995-05-21,1282.4688
1995-05-22,1150.5625
1995-05-23,1085.4375
1995-05-24,1006.78125
1995-05-25,951.25
1995-05-26,915.4375
1995-05-27,873.96875
1995-05-28,842.28125
1995-05-29,850.09375
1995-05-30,863.34375
1995-05-31,881.59375
1995-06-01,894.0625
1995-06-02,901.71875
1995-06-03,930.0
1995-06-04,956.90625
1995-06-05,1013.8125
1995-06-06,1115.5625
1995-06-07,1317.1562
1995-06-08,1259.6875
1995-06-09,1218.1875
1995-06-10,1247.25
1995-06-11,1381.0312
1995-06-12,1440.4375
1995-06-13,1432.4688
1995-06-14,1590.0625
1995-06-15,1984.5
1995-06-16,2141.5625
1995-06-17,2646.9688
1995-06-18,4783.5
1995-06-19,6497.0625
1995-06-20,4919.6562
1995-06-21,3652.375
1995-06-22,3201.2188
1995-06-23,2972.5
1995-06-24,3435.7812
1995-06-25,3576.75
1995-06-26,3404.9688
1995-06-27,3249.3438
1995-06-28,3125.7344
1995-06-29,3080.2656
1995-06-30,3187.0469
1995-07-01,5133.922
1995-07-02,6490.672
1995-07-03,5675.203
1995-07-04,4517.1406
1995-07-05,4055.25
1995-07-06,4837.8438
1995-07-07,4771.8125
1995-07-08,4526.3125
1995-07-09,4392.453
1995-07-10,4105.078
1995-07-11,4539.1875
1995-07-12,4269.953
1995-07-13,4005.5938
1995-07-14,3894.2344
1995-07-15,3813.1562
1995-07-16,3730.6719
1995-07-17,3796.6406
1995-07-18,4213.0938
1995-07-19,4472.6875
1995-07-20,4376.8438
1995-07-21,4136.2812
1995-07-22,3844.7969
1995-07-23,3656.5
1995-07-24,3596.9062
1995-07-25,3485.1562
1995-07-26,3393.375
1995-07-27,3533.625
1995-07-28,3756.9375
1995-07-29,3751.5
1995-07-30,3604.1875
1995-07-31,3687.625
1995-08-01,3856.1562
1995-08-02,3733.0
1995-08-03,3502.4219
1995-08-04,3355.3438
1995-08-05,3251.0156
1995-08-06,3182.4062
1995-08-07,3195.8281
1995-08-08,3241.0938
1995-08-09,3175.0625
1995-08-10,3179.9219
1995-08-11,3153.0156
1995-08-12,3194.875
1995-08-13,6716.9688
1995-08-14,12819.328
1995-08-15,12880.672
1995-08-16,8709.672
1995-08-17,6749.5625
1995-08-18,5796.4688
1995-08-19,5300.6406
1995-08-20,5039.75
1995-08-21,4852.0938
1995-08-22,4655.5938
1995-08-23,4482.1875
1995-08-24,4337.875
1995-08-25,4206.7812
1995-08-26,4079.4375
1995-08-27,4339.797
1995-08-28,4681.2812
1995-08-29,4463.3438
1995-08-30,4289.3594
1995-08-31,4367.297
1995-09-01,4102.883
1995-09-02,3840.4688
1995-09-03,3699.0234
1995-09-04,4220.2266
1995-09-05,4429.5312
1995-09-06,4278.453
1995-09-07,4154.9297
1995-09-08,3972.3203
1995-09-09,3750.5703
1995-09-10,3580.7188
1995-09-11,3435.2266
1995-09-12,3305.3281
1995-09-13,3191.2344
1995-09-14,3085.4922
1995-09-15,2989.039
1995-09-16,2895.6719
1995-09-17,2802.9062
1995-09-18,2740.8594
1995-09-19,2697.3672
1995-09-20,2652.25
1995-09-21,2593.125
1995-09-22,2768.3281
1995-09-23,2721.6328
1995-09-24,2601.4531
1995-09-25,2502.3828
1995-09-26,2426.7188
1995-09-27,2364.1875
1995-09-28,2413.0625
1995-09-29,3875.2422
1995-09-30,3916.086
1995-10-01,3265.086
1995-10-02,2873.6797
1995-10-03,2648.3516
1995-10-04,2493.461
1995-10-05,2374.0234
1995-10-06,2282.5234
1995-10-07,2196.9688
1995-10-08,2111.0234
1995-10-09,2028.0156
1995-10-10,1948.7031
1995-10-11,1875.7109
1995-10-12,1811.8594
1995-10-13,1757.7031
1995-10-14,1709.5469
1995-10-15,1663.5312
1995-10-16,1622.6094
1995-10-17,1616.4219
1995-10-18,1690.0938
1995-10-19,1694.2031
1995-10-20,1622.3203
1995-10-21,1541.1562
1995-10-22,1473.4062
1995-10-23,1414.0938
1995-10-24,1361.8984
1995-10-25,1312.2578
1995-10-26,1265.4375
1995-10-27,1222.0312
1995-10-28,1180.1172
1995-10-29,1138.2969
1995-10-30,1095.8047
1995-10-31,1054.2734
1995-11-01,1017.21094
1995-11-02,986.1328
1995-11-03,959.03125
1995-11-04,926.4375
1995-11-05,890.9375
1995-11-06,857.8125
1995-11-07,826.71094
1995-11-08,795.75
1995-11-09,765.28125
1995-11-10,752.78125
1995-11-11,2658.3047
1995-11-12,2645.9844
1995-11-13,1791.5625
1995-11-14,1422.8281
1995-11-15,1240.2969
1995-11-16,1129.7109
1995-11-17,1055.7031
1995-11-18,1004.39844
1995-11-19,972.2578
1995-11-20,944.71094
1995-11-21,911.96875
1995-11-22,881.96875
1995-11-23,859.7656
1995-11-24,837.66406
1995-11-25,810.66406
1995-11-26,782.02344
1995-11-27,755.4531
1995-11-28,732.0
1995-11-29,715.7344
1995-11-30,705.84375
1995-12-01,692.5469
1995-12-02,677.6875
1995-12-03,662.9375
1995-12-04,644.90625
1995-12-05,627.4375
1995-12-06,612.4844
1995-12-07,597.3125
1995-12-08,582.2031
1995-12-09,566.9844
1995-12-10,559.1875
1995-12-11,566.8906
1995-12-12,575.8281
1995-12-13,567.375
1995-12-14,549.71875
1995-12-15,538.9375
1995-12-16,536.7344
1995-12-17,532.5469
1995-12-18,521.9844
1995-12-19,513.9531
1995-12-20,513.84375
1995-12-21,518.6719
1995-12-22,523.3906
1995-12-23,528.78125
1995-12-24,533.6094
1995-12-25,525.46875
1995-12-26,510.07812
1995-12-27,507.40625
1995-12-28,502.21875
1995-12-29,487.09375
1995-12-30,474.35938
1995-12-31,466.5625
1996-01-01,467.15625
1996-01-02,475.35938
1996-01-03,476.14062
1996-01-04,468.03125
1996-01-05,458.84375
1996-01-06,454.32812
1996-01-07,455.21875
1996-01-08,455.89062
1996-01-09,451.84375
1996-01-10,445.5
1996-01-11,446.9375
1996-01-12,466.76562
1996-01-13,475.53125
1996-01-14,469.51562
1996-01-15,467.40625
1996-01-16,523.84375
1996-01-17,612.0625
1996-01-18,656.25
1996-01-19,647.4375
1996-01-20,623.75
1996-01-21,607.96875
1996-01-22,591.34375
1996-01-23,575.9219
1996-01-24,577.2031
1996-01-25,574.21875
1996-01-26,558.0156
1996-01-27,543.9531
1996-01-28,533.1875
1996-01-29,529.4844
1996-01-30,537.0781
1996-01-31,541.25
1996-02-01,532.7656
1996-02-02,521.9375
1996-02-03,517.25
1996-02-04,509.76562
1996-02-05,495.89062
1996-02-06,482.78125
1996-02-07,474.09375
1996-02-08,468.75
1996-02-09,462.5625
1996-02-10,456.25
1996-02-11,452.5
1996-02-12,452.4375
1996-02-13,460.25
1996-02-14,459.59375
1996-02-15,454.84375
1996-02-16,459.40625
1996-02-17,467.0625
1996-02-18,468.4375
1996-02-19,465.78125
1996-02-20,496.46875
1996-02-21,521.875
1996-02-22,507.875
1996-02-23,486.125
1996-02-24,470.53125
1996-02-25,470.96875
1996-02-26,491.65625
1996-02-27,520.65625
1996-02-28,529.90625
1996-02-29,516.53125
1996-03-01,496.21875
1996-03-02,476.40625
1996-03-03,460.53125
1996-03-04,448.3125
1996-03-05,441.125
1996-03-06,440.28125
1996-03-07,437.65625
1996-03-08,441.875
1996-03-09,453.5
1996-03-10,459.9375
1996-03-11,459.3125
1996-03-12,462.1875
1996-03-13,483.84375
1996-03-14,505.71875
1996-03-15,516.03125
1996-03-16,522.75
1996-03-17,532.46875
1996-03-18,555.0625
1996-03-19,563.0
1996-03-20,542.34375
1996-03-21,519.875
1996-03-22,503.75
1996-03-23,507.34375
1996-03-24,514.03125
1996-03-25,511.125
1996-03-26,521.75
1996-03-27,535.0
1996-03-28,550.625
1996-03-29,583.71875
1996-03-30,664.25
1996-03-31,739.96875
1996-04-01,707.3125
1996-04-02,643.03125
1996-04-03,609.71875
1996-04-04,594.46875
1996-04-05,579.40625
1996-04-06,561.84375
1996-04-07,546.625
1996-04-08,536.3125
1996-04-09,527.15625
1996-04-10,515.8125
1996-04-11,502.8125
1996-04-12,489.6875
1996-04-13,477.09375
1996-04-14,465.375
1996-04-15,454.9375
1996-04-16,445.5625
1996-04-17,436.96875
1996-04-18,430.71875
1996-04-19,427.28125
1996-04-20,425.15625
1996-04-21,423.78125
1996-04-22,424.375
1996-04-23,423.15625
1996-04-24,421.4375
1996-04-25,424.5625
1996-04-26,428.15625
1996-04-27,429.75
1996-04-28,428.03125
1996-04-29,423.34375
1996-04-30,427.25
1996-05-01,469.5625
1996-05-02,512.6875
1996-05-03,534.15625
1996-05-04,590.78125
1996-05-05,702.125
1996-05-06,834.75
1996-05-07,853.78125
1996-05-08,847.875
1996-05-09,919.75
1996-05-10,841.59375
1996-05-11,771.875
1996-05-12,752.625
1996-05-13,736.75
1996-05-14,762.9375
1996-05-15,789.625
1996-05-16,832.9375
1996-05-17,915.3125
1996-05-18,955.25
1996-05-19,937.90625
1996-05-20,898.90625
1996-05-21,856.59375
1996-05-22,812.46875
1996-05-23,781.09375
1996-05-24,775.21875
1996-05-25,781.125
1996-05-26,813.84375
1996-05-27,938.59375
1996-05-28,1124.5312
1996-05-29,1406.8125
1996-05-30,1475.625
1996-05-31,1453.375
1996-06-01,1430.0938
1996-06-02,1528.0312
1996-06-03,1557.0938
1996-06-04,1464.0
1996-06-05,1448.8438
1996-06-06,1526.875
1996-06-07,1514.1562
1996-06-08,1410.3438
1996-06-09,1332.8125
1996-06-10,1282.875
1996-06-11,1253.1875
1996-06-12,1250.7812
1996-06-13,1267.4375
1996-06-14,1269.5
1996-06-15,1294.3438
1996-06-16,1390.0625
1996-06-17,1466.0312
1996-06-18,1461.3438
1996-06-19,1429.2812
1996-06-20,1417.375
1996-06-21,1453.9688
1996-06-22,1565.625
1996-06-23,1733.8125
1996-06-24,2025.25
1996-06-25,2238.9688
1996-06-26,3186.9688
1996-06-27,4207.0938
1996-06-28,3255.0625
1996-06-29,2719.4062
1996-06-30,2506.1875
1996-07-01,2444.625
1996-07-02,2417.5
1996-07-03,2547.6875
1996-07-04,2742.375
1996-07-05,2747.7969
1996-07-06,2898.2812
1996-07-07,3171.2656
1996-07-08,3006.6094
1996-07-09,2983.2656
1996-07-10,3176.3594
1996-07-11,3586.4531
1996-07-12,3801.4062
1996-07-13,5077.9844
1996-07-14,5006.703
1996-07-15,4562.875
1996-07-16,4003.1875
1996-07-17,4082.3281
1996-07-18,5271.4062
1996-07-19,8578.969
1996-07-20,7123.797
1996-07-21,5450.4375
1996-07-22,4799.875
1996-07-23,4572.3438
1996-07-24,4532.203
1996-07-25,4549.297
1996-07-26,4521.0312
1996-07-27,4521.3906
1996-07-28,4602.6875
1996-07-29,4726.3438
1996-07-30,4755.3438
1996-07-31,4658.078
1996-08-01,4560.797
1996-08-02,4316.3594
1996-08-03,4107.7344
1996-08-04,3969.9375
1996-08-05,3903.7969
1996-08-06,3886.1406
1996-08-07,3817.6562
1996-08-08,3738.5938
1996-08-09,3729.3594
1996-08-10,3726.1562
1996-08-11,3660.3281
1996-08-12,4153.875
1996-08-13,4673.7188
1996-08-14,4998.5312
1996-08-15,4522.5
1996-08-16,4144.453
1996-08-17,4026.25
1996-08-18,4268.2812
1996-08-19,4266.8438
1996-08-20,4162.5625
1996-08-21,4235.297
1996-08-22,4389.203
1996-08-23,4247.8438
1996-08-24,3997.8281
1996-08-25,3778.0625
1996-08-26,3600.4375
1996-08-27,3497.4688
1996-08-28,3419.2812
1996-08-29,3313.0938
1996-08-30,3271.0
1996-08-31,3296.8906
1996-09-01,3362.0625
1996-09-02,3352.3281
1996-09-03,3329.375
1996-09-04,3508.9688
1996-09-05,3449.6719
1996-09-06,3350.5312
1996-09-07,3263.3594
1996-09-08,3149.3906
1996-09-09,3055.9844
1996-09-10,2965.2969
1996-09-11,2872.9531
1996-09-12,2774.1719
1996-09-13,2679.5
1996-09-14,2602.625
1996-09-15,2532.5156
1996-09-16,2461.875
1996-09-17,2385.1719
1996-09-18,2299.3438
1996-09-19,2222.5938
1996-09-20,2159.625
1996-09-21,2095.75
1996-09-22,2024.0781
1996-09-23,1954.2969
1996-09-24,1916.0938
1996-09-25,2205.8594
1996-09-26,2211.375
1996-09-27,2106.8594
1996-09-28,2054.1094
1996-09-29,2099.3906
1996-09-30,2118.2188
1996-10-01,2044.0
1996-10-02,1955.0781
1996-10-03,1884.8906
1996-10-04,1865.9219
1996-10-05,1925.9688
1996-10-06,1968.2812
1996-10-07,1944.5625
1996-10-08,1953.375
1996-10-09,2015.5938
1996-10-10,1994.4844
1996-10-11,1911.5781
1996-10-12,1836.0625
1996-10-13,1769.3281
1996-10-14,1702.0312
1996-10-15,1637.5625
1996-10-16,1583.5469
1996-10-17,1542.875
1996-10-18,1495.9844
1996-10-19,1445.8438
1996-10-20,1393.8906
1996-10-21,1342.375
1996-10-22,1293.25
1996-10-23,1248.5469
1996-10-24,1205.625
1996-10-25,1165.1406
1996-10-26,1132.3906
1996-10-27,1107.75
1996-10-28,1080.0156
1996-10-29,1051.9531
1996-10-30,1029.8125
1996-10-31,1016.28125
1996-11-01,1000.7969
1996-11-02,975.8594
1996-11-03,948.8125
1996-11-04,922.46875
1996-11-05,895.90625
1996-11-06,867.25
1996-11-07,837.3906
1996-11-08,808.0625
1996-11-09,780.1875
1996-11-10,755.90625
1996-11-11,735.9219
1996-11-12,719.1406
1996-11-13,704.3906
1996-11-14,693.9531
1996-11-15,683.7344
1996-11-16,669.875
1996-11-17,655.6719
1996-11-18,643.125
1996-11-19,630.3594
1996-11-20,616.1875
1996-11-21,603.2969
1996-11-22,595.21875
1996-11-23,591.8281
1996-11-24,591.28125
1996-11-25,593.0625
1996-11-26,598.6719
1996-11-27,605.96875
1996-11-28,601.9375
1996-11-29,588.5781
1996-11-30,573.6719
1996-12-01,557.8906
1996-12-02,543.8281
1996-12-03,531.1719
1996-12-04,517.375
1996-12-05,504.17188
1996-12-06,494.42188
1996-12-07,487.0625
1996-12-08,478.625
1996-12-09,469.20312
1996-12-10,462.92188
1996-12-11,460.14062
1996-12-12,459.67188
1996-12-13,459.45312
1996-12-14,459.82812
1996-12-15,465.89062
1996-12-16,470.14062
1996-12-17,467.125
1996-12-18,457.73438
1996-12-19,446.70312
1996-12-20,437.0625
1996-12-21,426.84375
1996-12-22,418.53125
1996-12-23,414.42188
1996-12-24,412.1875
1996-12-25,408.32812
1996-12-26,402.60938
1996-12-27,396.92188
1996-12-28,395.92188
1996-12-29,396.17188
1996-12-30,393.85938
1996-12-31,388.59375
1997-01-01,381.23438
1997-01-02,373.21875
1997-01-03,365.60938
1997-01-04,359.59375
1997-01-05,355.29688
1997-01-06,352.0625
1997-01-07,352.32812
1997-01-08,357.26562
1997-01-09,357.90625
1997-01-10,357.40625
1997-01-11,356.8125
1997-01-12,353.6875
1997-01-13,350.6875
1997-01-14,347.5
1997-01-15,343.90625
1997-01-16,340.29688
1997-01-17,337.84375
1997-01-18,336.96875
1997-01-19,333.89062
1997-01-20,331.0625
1997-01-21,336.09375
1997-01-22,352.60938
1997-01-23,366.79688
1997-01-24,368.42188
1997-01-25,368.01562
1997-01-26,371.29688
1997-01-27,369.82812
1997-01-28,364.45312
1997-01-29,365.15625
1997-01-30,368.20312
1997-01-31,375.54688
1997-02-01,394.46875
1997-02-02,404.75
1997-02-03,409.4375
1997-02-04,430.40625
1997-02-05,463.9375
1997-02-06,482.65625
1997-02-07,481.21875
1997-02-08,469.71875
1997-02-09,458.78125
1997-02-10,454.0625
1997-02-11,454.21875
1997-02-12,453.96875
1997-02-13,449.28125
1997-02-14,443.75
1997-02-15,465.875
1997-02-16,505.5625
1997-02-17,516.4375
1997-02-18,499.46875
1997-02-19,476.96875
1997-02-20,459.875
1997-02-21,451.5625
1997-02-22,456.53125
1997-02-23,467.375
1997-02-24,466.46875
1997-02-25,453.5625
1997-02-26,439.59375
1997-02-27,463.46875
1997-02-28,529.34375
1997-03-01,537.84375
1997-03-02,510.5625
1997-03-03,506.21875
1997-03-04,517.34375
1997-03-05,513.0625
1997-03-06,497.5
1997-03-07,484.5625
1997-03-08,477.28125
1997-03-09,471.71875
1997-03-10,477.71875
1997-03-11,488.3125
1997-03-12,497.71875
1997-03-13,508.28125
1997-03-14,522.5625
1997-03-15,524.34375
1997-03-16,517.21875
1997-03-17,522.71875
1997-03-18,516.53125
1997-03-19,512.59375
1997-03-20,522.9375
1997-03-21,541.40625
1997-03-22,554.71875
1997-03-23,548.125
1997-03-24,532.03125
1997-03-25,515.34375
1997-03-26,500.3125
1997-03-27,488.8125
1997-03-28,479.3125
1997-03-29,469.40625
1997-03-30,482.9375
1997-03-31,500.875
1997-04-01,503.90625
1997-04-02,519.40625
1997-04-03,533.0
1997-04-04,539.90625
1997-04-05,551.25
1997-04-06,556.375
1997-04-07,549.46875
1997-04-08,536.875
1997-04-09,524.65625
1997-04-10,528.15625
1997-04-11,549.625
1997-04-12,569.0625
1997-04-13,572.4375
1997-04-14,568.46875
1997-04-15,568.0625
1997-04-16,572.5
1997-04-17,577.75
1997-04-18,578.0
1997-04-19,570.375
1997-04-20,555.84375
1997-04-21,542.09375
1997-04-22,532.5
1997-04-23,527.59375
1997-04-24,530.96875
1997-04-25,531.65625
1997-04-26,528.8125
1997-04-27,532.90625
1997-04-28,543.8125
1997-04-29,552.25
1997-04-30,567.03125
1997-05-01,583.125
1997-05-02,592.4375
1997-05-03,601.28125
1997-05-04,607.59375
1997-05-05,618.8125
1997-05-06,625.09375
1997-05-07,616.46875
1997-05-08,609.1875
1997-05-09,617.71875
1997-05-10,651.21875
1997-05-11,651.4375
1997-05-12,629.84375
1997-05-13,610.28125
1997-05-14,597.6875
1997-05-15,588.96875
1997-05-16,574.28125
1997-05-17,559.40625
1997-05-18,552.28125
1997-05-19,539.8125
1997-05-20,529.40625
1997-05-21,577.1875
1997-05-22,621.65625
1997-05-23,650.40625
1997-05-24,725.96875
1997-05-25,839.625
1997-05-26,808.96875
1997-05-27,734.03125
1997-05-28,700.0
1997-05-29,697.65625
1997-05-30,708.75
1997-05-31,731.65625
1997-06-01,750.03125
1997-06-02,775.375
1997-06-03,807.90625
1997-06-04,801.03125
1997-06-05,774.96875
1997-06-06,803.3125
1997-06-07,891.09375
1997-06-08,982.34375
1997-06-09,994.125
1997-06-10,1041.0
1997-06-11,1151.5938
1997-06-12,1409.2188
1997-06-13,1342.3438
1997-06-14,1414.5
1997-06-15,1570.5
1997-06-16,1660.0625
1997-06-17,1750.2188
1997-06-18,2131.9844
1997-06-19,1995.8281
1997-06-20,1762.1406
1997-06-21,1662.6875
1997-06-22,1719.125
1997-06-23,1878.1719
1997-06-24,2008.7031
1997-06-25,2080.7031
1997-06-26,2030.3438
1997-06-27,2016.4219
1997-06-28,2059.2969
1997-06-29,2356.3125
1997-06-30,5687.75
1997-07-01,6743.047
1997-07-02,5408.0625
1997-07-03,4544.078
1997-07-04,4169.797
1997-07-05,4143.9375
1997-07-06,4498.203
1997-07-07,4958.4375
1997-07-08,6553.125
1997-07-09,6735.3906
1997-07-10,6150.4844
1997-07-11,5409.4844
1997-07-12,4867.25
1997-07-13,4530.3906
1997-07-14,4824.5156
1997-07-15,4740.125
1997-07-16,4725.6094
1997-07-17,5134.8594
1997-07-18,5231.2656
1997-07-19,5699.375
1997-07-20,5673.4062
1997-07-21,5246.0
1997-07-22,4779.797
1997-07-23,4457.828
1997-07-24,4250.3594
1997-07-25,4100.0938
1997-07-26,3968.4844
1997-07-27,3913.2812
1997-07-28,3937.5781
1997-07-29,3851.7031
1997-07-30,3738.6406
1997-07-31,3702.7344
1997-08-01,3727.6875
1997-08-02,3963.9531
1997-08-03,4129.875
1997-08-04,3975.4688
1997-08-05,3775.1719
1997-08-06,3681.1875
1997-08-07,3699.7812
1997-08-08,3799.4688
1997-08-09,3826.5312
1997-08-10,4254.5938
1997-08-11,4697.453
1997-08-12,4645.7812
1997-08-13,4408.4062
1997-08-14,4596.953
1997-08-15,4617.703
1997-08-16,4656.1875
1997-08-17,4288.672
1997-08-18,4209.797
1997-08-19,4302.2812
1997-08-20,4128.672
1997-08-21,3996.1875
1997-08-22,3885.8438
1997-08-23,3673.5625
1997-08-24,3513.1094
1997-08-25,3385.7188
1997-08-26,3285.5781
1997-08-27,3173.4375
1997-08-28,3063.8438
1997-08-29,2962.9531
1997-08-30,2915.7656
1997-08-31,3040.5547
1997-09-01,3239.836
1997-09-02,3115.1719
1997-09-03,2952.6719
1997-09-04,2825.836
1997-09-05,2728.5
1997-09-06,2658.5547
1997-09-07,2617.8438
1997-09-08,2590.9688
1997-09-09,2545.25
1997-09-10,2492.0156
1997-09-11,2435.1406
1997-09-12,2384.7734
1997-09-13,2828.1562
1997-09-14,2835.8984
1997-09-15,2584.3906
1997-09-16,2466.8516
1997-09-17,2429.8984
1997-09-18,2442.8984
1997-09-19,2415.0156
1997-09-20,2349.8516
1997-09-21,2300.4297
1997-09-22,2271.3672
1997-09-23,2283.3281
1997-09-24,2337.1875
1997-09-25,2347.5
1997-09-26,2270.5703
1997-09-27,2166.836
1997-09-28,2101.7578
1997-09-29,2316.086
1997-09-30,2326.7344
1997-10-01,2209.5625
1997-10-02,2097.8281
1997-10-03,2004.9375
1997-10-04,1928.6094
1997-10-05,1857.6328
1997-10-06,1785.1172
1997-10-07,1714.0312
1997-10-08,1645.8516
1997-10-09,1581.0781
1997-10-10,1519.9219
1997-10-11,1461.5703
1997-10-12,1410.1719
1997-10-13,1365.5391
1997-10-14,1324.1953
1997-10-15,1282.875
1997-10-16,1243.9062
1997-10-17,1209.375
1997-10-18,1174.5547
1997-10-19,1136.5938
1997-10-20,1100.5547
1997-10-21,1073.8281
1997-10-22,1049.3594
1997-10-23,1023.3906
1997-10-24,994.3281
1997-10-25,963.35156
1997-10-26,939.375
1997-10-27,916.5703
1997-10-28,883.125
1997-10-29,852.1094
1997-10-30,826.27344
1997-10-31,801.7969
1997-11-01,777.14844
1997-11-02,754.47656
1997-11-03,733.3828
1997-11-04,713.3203
1997-11-05,694.09375
1997-11-06,673.9375
1997-11-07,651.9844
1997-11-08,629.85156
1997-11-09,608.5469
1997-11-10,591.0
1997-11-11,584.2344
1997-11-12,590.7422
1997-11-13,605.96875
1997-11-14,611.2422
1997-11-15,592.21094
1997-11-16,566.52344
1997-11-17,551.83594
1997-11-18,541.3281
1997-11-19,541.9375
1997-11-20,540.6172
1997-11-21,527.625
1997-11-22,515.39844
1997-11-23,501.875
1997-11-24,500.39062
1997-11-25,507.21875
1997-11-26,513.64844
1997-11-27,522.7578
1997-11-28,524.28125
1997-11-29,513.89844
1997-11-30,501.5547
1997-12-01,496.4453
1997-12-02,497.4453
1997-12-03,494.53906
1997-12-04,484.0
1997-12-05,470.10938
1997-12-06,458.16406
1997-12-07,448.3203
1997-12-08,443.17188
1997-12-09,442.6328
1997-12-10,511.83594
1997-12-11,634.64844
1997-12-12,695.28906
1997-12-13,670.14844
1997-12-14,626.3281
1997-12-15,614.2578
1997-12-16,626.78906
1997-12-17,622.39844
1997-12-18,599.4531
1997-12-19,576.60156
1997-12-20,555.28125
1997-12-21,536.2969
1997-12-22,521.1875
1997-12-23,508.09375
1997-12-24,494.21094
1997-12-25,480.22656
1997-12-26,467.54688
1997-12-27,455.08594
1997-12-28,445.1797
1997-12-29,440.09375
1997-12-30,439.45312
1997-12-31,450.25
1998-01-01,451.46875
1998-01-02,437.60938
1998-01-03,428.84375
1998-01-04,420.67188
1998-01-05,408.625
1998-01-06,397.79688
1998-01-07,392.01562
1998-01-08,387.17188
1998-01-09,380.28125
1998-01-10,375.82812
1998-01-11,374.59375
1998-01-12,374.01562
1998-01-13,386.75
1998-01-14,406.3125
1998-01-15,410.60938
1998-01-16,418.79688
1998-01-17,434.90625
1998-01-18,445.53125
1998-01-19,444.60938
1998-01-20,436.92188
1998-01-21,431.84375
1998-01-22,428.17188
1998-01-23,422.98438
1998-01-24,414.89062
1998-01-25,407.25
1998-01-26,402.95312
1998-01-27,401.92188
1998-01-28,400.32812
1998-01-29,394.78125
1998-01-30,390.10938
1998-01-31,388.70312
1998-02-01,387.90625
1998-02-02,389.89062
1998-02-03,416.8125
1998-02-04,457.8125
1998-02-05,473.25
1998-02-06,470.85938
1998-02-07,462.20312
1998-02-08,450.17188
1998-02-09,437.60938
1998-02-10,424.125
1998-02-11,411.8125
1998-02-12,401.14062
1998-02-13,392.4375
1998-02-14,385.9375
1998-02-15,381.96875
1998-02-16,405.65625
1998-02-17,449.79688
1998-02-18,500.25
1998-02-19,529.5625
1998-02-20,538.46875
1998-02-21,517.59375
1998-02-22,487.78125
1998-02-23,472.21875
1998-02-24,461.21875
1998-02-25,460.51562
1998-02-26,483.09375
1998-02-27,495.75
1998-02-28,485.875
1998-03-01,479.14062
1998-03-02,492.125
1998-03-03,490.89062
1998-03-04,470.42188
1998-03-05,462.78125
1998-03-06,504.45312
1998-03-07,565.8281
1998-03-08,591.7344
1998-03-09,572.7656
1998-03-10,553.0625
1998-03-11,550.0156
1998-03-12,543.5469
1998-03-13,544.0156
1998-03-14,562.03125
1998-03-15,559.09375
1998-03-16,542.5
1998-03-17,529.0
1998-03-18,521.34375
1998-03-19,514.5
1998-03-20,508.15625
1998-03-21,507.0625
1998-03-22,517.96875
1998-03-23,547.78125
1998-03-24,590.21875
1998-03-25,624.09375
1998-03-26,634.21875
1998-03-27,614.6875
1998-03-28,591.8125
1998-03-29,580.1875
1998-03-30,710.0625
1998-03-31,787.09375
1998-04-01,755.65625
1998-04-02,714.3125
1998-04-03,673.78125
1998-04-04,644.5625
1998-04-05,648.8125
1998-04-06,666.15625
1998-04-07,672.40625
1998-04-08,675.15625
1998-04-09,696.75
1998-04-10,719.28125
1998-04-11,719.59375
1998-04-12,715.53125
1998-04-13,706.34375
1998-04-14,676.5625
1998-04-15,643.96875
1998-04-16,618.71875
1998-04-17,597.1875
1998-04-18,579.34375
1998-04-19,568.5
1998-04-20,594.84375
1998-04-21,635.78125
1998-04-22,652.6875
1998-04-23,655.8125
1998-04-24,655.875
1998-04-25,657.375
1998-04-26,665.96875
1998-04-27,676.0625
1998-04-28,686.59375
1998-04-29,706.0625
1998-04-30,720.1875
1998-05-01,719.40625
1998-05-02,713.09375
1998-05-03,710.78125
1998-05-04,719.25
1998-05-05,738.65625
1998-05-06,765.96875
1998-05-07,794.6875
1998-05-08,874.375
1998-05-09,1052.2188
1998-05-10,1062.0312
1998-05-11,943.46875
1998-05-12,865.0
1998-05-13,821.1875
1998-05-14,790.5
1998-05-15,767.09375
1998-05-16,751.875
1998-05-17,741.15625
1998-05-18,733.09375
1998-05-19,731.15625
1998-05-20,741.21875
1998-05-21,769.4375
1998-05-22,840.78125
1998-05-23,1129.25
1998-05-24,1222.8438
1998-05-25,1096.3125
1998-05-26,1054.9375
1998-05-27,1211.4375
1998-05-28,1210.0625
1998-05-29,1175.9688
1998-05-30,1522.9062
1998-05-31,1562.2188
1998-06-01,1486.75
1998-06-02,1408.0625
1998-06-03,1531.0938
1998-06-04,1530.9375
1998-06-05,1688.8438
1998-06-06,1770.2188
1998-06-07,1685.8438
1998-06-08,1585.8438
1998-06-09,1527.6406
1998-06-10,1535.6875
1998-06-11,1618.7031
1998-06-12,1807.2969
1998-06-13,1987.2812
1998-06-14,1835.4688
1998-06-15,1646.8594
1998-06-16,1561.2188
1998-06-17,1579.0625
1998-06-18,1730.625
1998-06-19,2079.6562
1998-06-20,2331.1562
1998-06-21,2527.0625
1998-06-22,2605.5781
1998-06-23,2460.2812
1998-06-24,2452.4531
1998-06-25,2691.5312
1998-06-26,3985.4688
1998-06-27,4127.5156
1998-06-28,3897.4219
1998-06-29,3468.6875
1998-06-30,3323.75
1998-07-01,3249.2188
1998-07-02,3177.0781
1998-07-03,3189.6875
1998-07-04,3181.6719
1998-07-05,3161.8125
1998-07-06,3354.8125
1998-07-07,3898.5625
1998-07-08,4660.625
1998-07-09,6295.9844
1998-07-10,6540.7656
1998-07-11,5965.8906
1998-07-12,5580.672
1998-07-13,5849.9688
1998-07-14,5927.9375
1998-07-15,6326.328
1998-07-16,6217.953
1998-07-17,5845.203
1998-07-18,5768.1406
1998-07-19,5624.297
1998-07-20,5984.3438
1998-07-21,6116.9375
1998-07-22,5927.2812
1998-07-23,6005.5156
1998-07-24,5769.625
1998-07-25,5722.8906
1998-07-26,5806.453
1998-07-27,5763.0156
1998-07-28,5912.875
1998-07-29,5604.547
1998-07-30,5222.6406
1998-07-31,4963.328
1998-08-01,4810.922
1998-08-02,4949.8594
1998-08-03,5649.6562
1998-08-04,5509.5938
1998-08-05,5222.4062
1998-08-06,5397.047
1998-08-07,5140.0625
1998-08-08,4913.9375
1998-08-09,4875.172
1998-08-10,5090.453
1998-08-11,5131.547
1998-08-12,5089.7656
1998-08-13,5085.297
1998-08-14,5217.9688
1998-08-15,6314.203
1998-08-16,8273.734
1998-08-17,7875.6094
1998-08-18,6830.1875
1998-08-19,6529.375
1998-08-20,6112.3125
1998-08-21,5923.7188
1998-08-22,6291.4062
1998-08-23,5904.6562
1998-08-24,5582.6406
1998-08-25,5678.328
1998-08-26,5858.5938
1998-08-27,5995.5
1998-08-28,5746.3594
1998-08-29,5414.2812
1998-08-30,5473.172
1998-08-31,6020.4062
1998-09-01,6167.3594
1998-09-02,7286.297
1998-09-03,9663.109
1998-09-04,8618.4375
1998-09-05,6864.7656
1998-09-06,6284.6562
1998-09-07,6070.3438
1998-09-08,5725.7188
1998-09-09,5388.9844
1998-09-10,5138.2344
1998-09-11,4927.9375
1998-09-12,4746.258
1998-09-13,4581.9453
1998-09-14,4426.8438
1998-09-15,4267.633
1998-09-16,4107.586
1998-09-17,3946.211
1998-09-18,3790.1875
1998-09-19,3656.039
1998-09-20,3533.9375
1998-09-21,3421.9219
1998-09-22,3336.7734
1998-09-23,3278.1016
1998-09-24,3212.586
1998-09-25,3132.8828
1998-09-26,3048.2344
1998-09-27,2964.039
1998-09-28,2897.539
1998-09-29,3138.461
1998-09-30,3063.336
1998-10-01,2902.1016
1998-10-02,2775.5156
1998-10-03,2672.9531
1998-10-04,2584.4062
1998-10-05,2511.8672
1998-10-06,2440.414
1998-10-07,2356.6797
1998-10-08,2269.2266
1998-10-09,2187.7812
1998-10-10,2126.664
1998-10-11,2088.2344
1998-10-12,2042.2969
1998-10-13,1982.6719
1998-10-14,1915.5625
1998-10-15,1849.6953
1998-10-16,1785.0
1998-10-17,1720.1172
1998-10-18,1655.5312
1998-10-19,1607.2266
1998-10-20,1640.0938
1998-10-21,1646.2812
1998-10-22,1575.2188
1998-10-23,1505.7109
1998-10-24,1447.3516
1998-10-25,1397.8516
1998-10-26,1355.9766
1998-10-27,1331.9609
1998-10-28,1306.2656
1998-10-29,1263.3125
1998-10-30,1217.0078
1998-10-31,1175.7891
1998-11-01,1139.0234
1998-11-02,1103.3672
1998-11-03,1066.4688
1998-11-04,1031.2422
1998-11-05,998.4453
1998-11-06,964.0078
1998-11-07,930.3047
1998-11-08,899.6094
1998-11-09,890.6094
1998-11-10,912.4375
1998-11-11,907.22656
1998-11-12,884.1719
1998-11-13,859.7969
1998-11-14,829.90625
1998-11-15,799.3125
1998-11-16,769.5469
1998-11-17,741.7656
1998-11-18,717.125
1998-11-19,700.03125
1998-11-20,687.71875
1998-11-21,672.84375
1998-11-22,654.7656
1998-11-23,635.53125
1998-11-24,616.8594
1998-11-25,602.84375
1998-11-26,592.65625
1998-11-27,581.625
1998-11-28,568.9531
1998-11-29,555.2344
1998-11-30,541.5625
1998-12-01,529.4844
1998-12-02,521.8281
1998-12-03,515.1406
1998-12-04,504.39062
1998-12-05,491.96875
1998-12-06,480.67188
1998-12-07,470.5
1998-12-08,461.57812
1998-12-09,457.04688
1998-12-10,458.32812
1998-12-11,461.48438
1998-12-12,463.5625
1998-12-13,462.26562
1998-12-14,454.84375
1998-12-15,445.29688
1998-12-16,435.28125
1998-12-17,425.25
1998-12-18,416.5625
1998-12-19,409.03125
1998-12-20,400.78125
1998-12-21,392.875
1998-12-22,385.5625
1998-12-23,379.76562
1998-12-24,376.03125
1998-12-25,372.5625
1998-12-26,367.98438
1998-12-27,362.21875
1998-12-28,356.04688
1998-12-29,350.09375
1998-12-30,344.375
1998-12-31,339.09375
1999-01-01,334.90625
1999-01-02,332.03125
1999-01-03,328.57812
1999-01-04,323.85938
1999-01-05,319.15625
1999-01-06,314.9375
1999-01-07,311.54688
1999-01-08,308.65625
1999-01-09,306.26562
1999-01-10,305.26562
1999-01-11,304.375
1999-01-12,303.375
1999-01-13,299.85938
1999-01-14,295.28125
1999-01-15,291.40625
1999-01-16,288.03125
1999-01-17,284.82812
1999-01-18,281.90625
1999-01-19,279.26562
1999-01-20,276.65625
1999-01-21,274.375
1999-01-22,272.15625
1999-01-23,270.60938
1999-01-24,270.51562
1999-01-25,273.0
1999-01-26,279.375
1999-01-27,285.71875
1999-01-28,290.0625
1999-01-29,292.21875
1999-01-30,292.3125
1999-01-31,294.84375
1999-02-01,296.21875
1999-02-02,293.96875
1999-02-03,290.6875
1999-02-04,287.96875
1999-02-05,285.5625
1999-02-06,284.15625
1999-02-07,283.09375
1999-02-08,280.90625
1999-02-09,277.8125
1999-02-10,274.71875
1999-02-11,271.96875
1999-02-12,269.25
1999-02-13,266.5
1999-02-14,263.9375
1999-02-15,261.78125
1999-02-16,260.4375
1999-02-17,259.5
1999-02-18,259.5625
1999-02-19,260.96875
1999-02-20,273.5
1999-02-21,288.78125
1999-02-22,287.1875
1999-02-23,284.5625
1999-02-24,280.25
1999-02-25,289.75
1999-02-26,315.0
1999-02-27,323.875
1999-02-28,315.5
1999-03-01,306.90625
1999-03-02,302.75
1999-03-03,299.28125
1999-03-04,294.71875
1999-03-05,289.5625
1999-03-06,285.75
1999-03-07,283.75
1999-03-08,286.125
1999-03-09,310.65625
1999-03-10,332.875
1999-03-11,323.96875
1999-03-12,312.4375
1999-03-13,306.25
1999-03-14,301.6875
1999-03-15,297.0
1999-03-16,292.125
1999-03-17,291.84375
1999-03-18,299.3125
1999-03-19,302.78125
1999-03-20,298.5
1999-03-21,294.46875
1999-03-22,291.71875
1999-03-23,289.9375
1999-03-24,288.03125
1999-03-25,294.6875
1999-03-26,302.96875
1999-03-27,306.75
1999-03-28,312.65625
1999-03-29,312.09375
1999-03-30,309.40625
1999-03-31,308.28125
1999-04-01,312.03125
1999-04-02,315.9375
1999-04-03,318.96875
1999-04-04,321.28125
1999-04-05,318.34375
1999-04-06,312.15625
1999-04-07,305.75
1999-04-08,300.40625
1999-04-09,300.71875
1999-04-10,308.5625
1999-04-11,318.25
1999-04-12,320.21875
1999-04-13,315.40625
1999-04-14,357.4375
1999-04-15,401.15625
1999-04-16,387.21875
1999-04-17,382.5
1999-04-18,369.0625
1999-04-19,354.53125
1999-04-20,342.15625
1999-04-21,331.78125
1999-04-22,322.75
1999-04-23,317.0625
1999-04-24,322.34375
1999-04-25,344.90625
1999-04-26,380.5
1999-04-27,406.90625
1999-04-28,410.875
1999-04-29,404.4375
1999-04-30,412.46875
1999-05-01,469.5625
1999-05-02,576.71875
1999-05-03,565.34375
1999-05-04,519.875
1999-05-05,518.90625
1999-05-06,513.34375
1999-05-07,556.3125
1999-05-08,568.90625
1999-05-09,565.28125
1999-05-10,583.0
1999-05-11,554.1875
1999-05-12,528.46875
1999-05-13,521.125
1999-05-14,522.53125
1999-05-15,557.4375
1999-05-16,583.40625
1999-05-17,574.09375
1999-05-18,552.6875
1999-05-19,533.40625
1999-05-20,521.625
1999-05-21,527.6875
1999-05-22,534.59375
1999-05-23,656.3125
1999-05-24,864.96875
1999-05-25,930.28125
1999-05-26,937.6875
1999-05-27,882.4375
1999-05-28,867.21875
1999-05-29,871.53125
1999-05-30,1110.6562
1999-05-31,1259.4375
1999-06-01,1215.5
1999-06-02,1201.9062
1999-06-03,1163.1875
1999-06-04,1072.4062
1999-06-05,1001.0625
1999-06-06,954.0625
1999-06-07,911.84375
1999-06-08,877.09375
1999-06-09,854.15625
1999-06-10,848.75
1999-06-11,860.34375
1999-06-12,873.34375
1999-06-13,1033.125
1999-06-14,1154.3438
1999-06-15,1156.5625
1999-06-16,1191.1562
1999-06-17,1197.2812
1999-06-18,1176.125
1999-06-19,1178.9062
1999-06-20,1191.125
1999-06-21,1208.4062
1999-06-22,1262.375
1999-06-23,1337.75
1999-06-24,1480.25
1999-06-25,1870.3438
1999-06-26,1827.6562
1999-06-27,1917.0
1999-06-28,3993.875
1999-06-29,4674.0938
1999-06-30,3598.1562
1999-07-01,3656.3125
1999-07-02,3625.3438
1999-07-03,6934.5625
1999-07-04,9532.969
1999-07-05,6988.8438
1999-07-06,5291.0312
1999-07-07,4517.0625
1999-07-08,4180.3906
1999-07-09,4085.0625
1999-07-10,4338.7812
1999-07-11,5654.8438
1999-07-12,6480.0312
1999-07-13,5568.6406
1999-07-14,4801.6875
1999-07-15,4420.2812
1999-07-16,4286.047
1999-07-17,4276.1875
1999-07-18,4291.0625
1999-07-19,4221.9844
1999-07-20,4042.7188
1999-07-21,3925.9375
1999-07-22,3851.1719
1999-07-23,3892.8594
1999-07-24,4003.4688
1999-07-25,4077.1562
1999-07-26,4064.3906
1999-07-27,3999.3438
1999-07-28,4003.8281
1999-07-29,3936.125
1999-07-30,3911.0625
1999-07-31,3856.3281
1999-08-01,3748.25
1999-08-02,3748.0469
1999-08-03,3649.8594
1999-08-04,3560.6094
1999-08-05,3561.5625
1999-08-06,3622.6875
1999-08-07,3463.3594
1999-08-08,3346.0938
1999-08-09,3265.375
1999-08-10,3316.9688
1999-08-11,3332.9062
1999-08-12,3332.3438
1999-08-13,3435.4688
1999-08-14,4234.1094
1999-08-15,5484.6094
1999-08-16,5003.953
1999-08-17,4432.922
1999-08-18,4106.5625
1999-08-19,3902.5781
1999-08-20,3717.7188
1999-08-21,3575.8906
1999-08-22,3534.0
1999-08-23,3851.4219
1999-08-24,4986.6094
1999-08-25,5644.3438
1999-08-26,5498.828
1999-08-27,4875.25
1999-08-28,4336.1094
1999-08-29,4015.4375
1999-08-30,3980.3281
1999-08-31,3865.0625
1999-09-01,3751.625
1999-09-02,3671.5781
1999-09-03,3630.8281
1999-09-04,3622.1406
1999-09-05,3507.3438
1999-09-06,3384.1406
1999-09-07,3297.625
1999-09-08,3220.7188
1999-09-09,3174.875
1999-09-10,3148.0469
1999-09-11,3149.6562
1999-09-12,3074.1562
1999-09-13,2981.0625
1999-09-14,2912.0625
1999-09-15,2853.5234
1999-09-16,2783.6719
1999-09-17,2708.0312
1999-09-18,2640.7422
1999-09-19,2583.2969
1999-09-20,2517.2812
1999-09-21,2444.3281
1999-09-22,2389.75
1999-09-23,2347.3203
1999-09-24,2300.9531
1999-09-25,2258.7031
1999-09-26,2333.3828
1999-09-27,2307.6484
1999-09-28,2243.5547
1999-09-29,2164.0312
1999-09-30,2089.5703
1999-10-01,2018.9531
1999-10-02,1958.3047
1999-10-03,1927.8594
1999-10-04,1900.1094
1999-10-05,1857.8438
1999-10-06,1811.4062
1999-10-07,1767.75
1999-10-08,1786.1328
1999-10-09,1805.3984
1999-10-10,1791.2109
1999-10-11,1838.6406
1999-10-12,1900.3047
1999-10-13,1839.5156
1999-10-14,1731.0156
1999-10-15,1649.125
1999-10-16,1579.7031
1999-10-17,1516.7578
1999-10-18,1466.8203
1999-10-19,1507.7891
1999-10-20,4765.6406
1999-10-21,4072.0625
1999-10-22,2932.0
1999-10-23,2413.2734
1999-10-24,2139.1719
1999-10-25,1968.2578
1999-10-26,1844.3828
1999-10-27,1748.0469
1999-10-28,1668.3906
1999-10-29,1596.0547
1999-10-30,1529.3203
1999-10-31,1468.0938
1999-11-01,1409.9766
1999-11-02,1355.6172
1999-11-03,1305.5156
1999-11-04,1258.8438
1999-11-05,1217.4766
1999-11-06,1182.3438
1999-11-07,1148.6719
1999-11-08,1114.4766
1999-11-09,1078.4141
1999-11-10,1041.6328
1999-11-11,1005.4531
1999-11-12,971.7578
1999-11-13,941.3047
1999-11-14,912.1406
1999-11-15,884.5156
1999-11-16,856.65625
1999-11-17,829.1797
1999-11-18,805.71875
1999-11-19,787.8047
1999-11-20,776.7578
1999-11-21,770.6172
1999-11-22,759.10156
1999-11-23,736.34375
1999-11-24,707.16406
1999-11-25,680.5625
1999-11-26,665.28906
1999-11-27,660.71094
1999-11-28,649.84375
1999-11-29,629.2578
1999-11-30,608.2031
1999-12-01,587.6328
1999-12-02,566.91406
1999-12-03,549.14844
1999-12-04,536.0469
1999-12-05,525.5781
1999-12-06,515.66406
1999-12-07,505.96094
1999-12-08,495.9297
1999-12-09,483.78125
1999-12-10,471.10156
1999-12-11,459.6953
1999-12-12,448.65625
1999-12-13,437.95312
1999-12-14,428.1875
1999-12-15,422.98438
1999-12-16,419.28125
1999-12-17,412.375
1999-12-18,404.10938
1999-12-19,395.01562
1999-12-20,386.23438
1999-12-21,379.26562
1999-12-22,375.95312
1999-12-23,375.0625
1999-12-24,374.23438
1999-12-25,372.1875
1999-12-26,369.20312
1999-12-27,367.26562
1999-12-28,366.57812
1999-12-29,366.89062
1999-12-30,364.78125
1999-12-31,359.67188
2000-01-01,356.8125
2000-01-02,354.625
2000-01-03,349.54688
2000-01-04,343.57812
2000-01-05,338.15625
2000-01-06,333.54688
2000-01-07,329.89062
2000-01-08,325.95312
2000-01-09,321.21875
2000-01-10,318.64062
2000-01-11,319.39062
2000-01-12,323.875
2000-01-13,340.10938
2000-01-14,379.76562
2000-01-15,415.71875
2000-01-16,418.75
2000-01-17,403.48438
2000-01-18,385.25
2000-01-19,370.5625
2000-01-20,366.23438
2000-01-21,374.51562
2000-01-22,379.85938
2000-01-23,378.34375
2000-01-24,383.5
2000-01-25,395.76562
2000-01-26,403.14062
2000-01-27,405.46875
2000-01-28,414.89062
2000-01-29,422.14062
2000-01-30,415.59375
2000-01-31,403.04688
2000-02-01,393.625
2000-02-02,397.375
2000-02-03,422.89062
2000-02-04,450.46875
2000-02-05,455.09375
2000-02-06,444.625
2000-02-07,435.54688
2000-02-08,434.1875
2000-02-09,439.0625
2000-02-10,444.65625
2000-02-11,443.5625
2000-02-12,441.65625
2000-02-13,439.75
2000-02-14,433.0
2000-02-15,423.84375
2000-02-16,415.1875
2000-02-17,409.4375
2000-02-18,414.96875
2000-02-19,419.375
2000-02-20,416.4375
2000-02-21,412.8125
2000-02-22,405.46875
2000-02-23,399.625
2000-02-24,393.53125
2000-02-25,385.78125
2000-02-26,384.1875
2000-02-27,384.5625
2000-02-28,384.125
2000-02-29,383.1875
2000-03-01,378.84375
2000-03-02,383.59375
2000-03-03,411.3125
2000-03-04,432.84375
2000-03-05,440.0625
2000-03-06,450.75
2000-03-07,449.90625
2000-03-08,447.40625
2000-03-09,440.21875
2000-03-10,429.4375
2000-03-11,432.4375
2000-03-12,447.9375
2000-03-13,462.625
2000-03-14,472.75
2000-03-15,486.3125
2000-03-16,501.5
2000-03-17,505.09375
2000-03-18,504.21875
2000-03-19,506.28125
2000-03-20,498.34375
2000-03-21,481.9375
2000-03-22,465.78125
2000-03-23,452.8125
2000-03-24,449.4375
2000-03-25,448.5
2000-03-26,445.9375
2000-03-27,438.75
2000-03-28,426.96875
2000-03-29,416.375
2000-03-30,407.28125
2000-03-31,399.4375
2000-04-01,392.0625
2000-04-02,394.875
2000-04-03,401.75
2000-04-04,404.0
2000-04-05,404.34375
2000-04-06,400.0
2000-04-07,393.25
2000-04-08,386.875
2000-04-09,381.40625
2000-04-10,377.03125
2000-04-11,373.3125
2000-04-12,368.625
2000-04-13,362.5
2000-04-14,356.78125
2000-04-15,351.75
2000-04-16,351.5
2000-04-17,360.875
2000-04-18,372.8125
2000-04-19,379.0
2000-04-20,378.84375
2000-04-21,381.875
2000-04-22,393.5
2000-04-23,404.1875
2000-04-24,445.78125
2000-04-25,490.84375
2000-04-26,492.875
2000-04-27,496.875
2000-04-28,547.125
2000-04-29,749.34375
2000-04-30,882.0625
2000-05-01,827.8125
2000-05-02,730.90625
2000-05-03,678.46875
2000-05-04,652.28125
2000-05-05,635.34375
2000-05-06,621.09375
2000-05-07,608.15625
2000-05-08,606.78125
2000-05-09,619.03125
2000-05-10,598.59375
2000-05-11,578.71875
2000-05-12,576.84375
2000-05-13,582.28125
2000-05-14,581.90625
2000-05-15,604.53125
2000-05-16,764.25
2000-05-17,805.0625
2000-05-18,783.40625
2000-05-19,833.625
2000-05-20,1391.0
2000-05-21,1513.5
2000-05-22,1371.5312
2000-05-23,1270.875
2000-05-24,1218.5
2000-05-25,1213.3438
2000-05-26,1287.5
2000-05-27,1691.5938
2000-05-28,2399.4062
2000-05-29,2637.6875
2000-05-30,2300.8438
2000-05-31,1971.7812
2000-06-01,1825.0938
2000-06-02,1759.7188
2000-06-03,1713.5312
2000-06-04,1661.75
2000-06-05,1612.875
2000-06-06,1590.2188
2000-06-07,1661.0938
2000-06-08,1773.0
2000-06-09,1799.5
2000-06-10,1796.1562
2000-06-11,2298.7188
2000-06-12,2599.125
2000-06-13,2372.0625
2000-06-14,2235.4062
2000-06-15,2160.2188
2000-06-16,2138.4688
2000-06-17,2095.625
2000-06-18,2092.0938
2000-06-19,2128.4062
2000-06-20,2205.0625
2000-06-21,2345.8125
2000-06-22,3614.3438
2000-06-23,4722.5938
2000-06-24,4419.4062
2000-06-25,3767.375
2000-06-26,3414.0938
2000-06-27,3148.0
2000-06-28,3014.2656
2000-06-29,2996.0469
2000-06-30,3125.8125
2000-07-01,3291.5781
2000-07-02,3335.5938
2000-07-03,3342.0781
2000-07-04,3673.8906
2000-07-05,3584.1406
2000-07-06,4227.0156
2000-07-07,7651.8125
2000-07-08,6944.9375
2000-07-09,5539.203
2000-07-10,4946.5625
2000-07-11,4710.5312
2000-07-12,4592.3125
2000-07-13,4435.547
2000-07-14,4452.1406
2000-07-15,4501.9844
2000-07-16,4486.547
2000-07-17,4320.25
2000-07-18,4239.1875
2000-07-19,4220.828
2000-07-20,4241.8438
2000-07-21,4522.6094
2000-07-22,4502.25
2000-07-23,4193.4375
2000-07-24,3963.4844
2000-07-25,3889.25
2000-07-26,3823.8438
2000-07-27,3758.2031
2000-07-28,3708.7812
2000-07-29,3661.6094
2000-07-30,3607.2031
2000-07-31,3615.75
2000-08-01,4771.3906
2000-08-02,5687.922
2000-08-03,6110.375
2000-08-04,5308.453
2000-08-05,4675.8438
2000-08-06,4360.7344
2000-08-07,4499.672
2000-08-08,4638.797
2000-08-09,4453.6875
2000-08-10,4568.9688
2000-08-11,4930.922
2000-08-12,4559.125
2000-08-13,4265.828
2000-08-14,4131.5312
2000-08-15,4141.703
2000-08-16,4122.7188
2000-08-17,4006.7344
2000-08-18,3966.9375
2000-08-19,3894.7188
2000-08-20,3821.625
2000-08-21,3930.0312
2000-08-22,4094.9062
2000-08-23,3965.1875
2000-08-24,3769.3438
2000-08-25,3673.9688
2000-08-26,3634.3594
2000-08-27,3475.4219
2000-08-28,3354.0469
2000-08-29,3273.6719
2000-08-30,3246.1094
2000-08-31,3285.5156
2000-09-01,4155.922
2000-09-02,4519.8594
2000-09-03,4186.0312
2000-09-04,3917.6875
2000-09-05,3720.8281
2000-09-06,3569.3125
2000-09-07,3542.4219
2000-09-08,4019.7969
2000-09-09,4390.0156
2000-09-10,4665.922
2000-09-11,5065.75
2000-09-12,4471.1406
2000-09-13,3991.4844
2000-09-14,3701.875
2000-09-15,3523.6562
2000-09-16,3426.2031
2000-09-17,3355.4375
2000-09-18,3345.5469
2000-09-19,3337.3906
2000-09-20,3289.9062
2000-09-21,3614.5938
2000-09-22,4338.047
2000-09-23,4200.6406
2000-09-24,3742.6719
2000-09-25,3524.6719
2000-09-26,3353.1875
2000-09-27,3184.9062
2000-09-28,3055.0
2000-09-29,2946.9844
2000-09-30,2841.6719
2000-10-01,2734.2031
2000-10-02,2625.5156
2000-10-03,2520.8438
2000-10-04,2422.2656
2000-10-05,2332.4219
2000-10-06,2250.8438
2000-10-07,2178.2656
2000-10-08,2106.4531
2000-10-09,2034.3281
2000-10-10,1973.4219
2000-10-11,1920.1406
2000-10-12,1876.1406
2000-10-13,1842.7812
2000-10-14,1794.3281
2000-10-15,1731.5625
2000-10-16,1670.4688
2000-10-17,1609.4062
2000-10-18,1546.9688
2000-10-19,1487.2031
2000-10-20,1431.9531
2000-10-21,1385.4375
2000-10-22,1345.7031
2000-10-23,1327.125
2000-10-24,1377.1875
2000-10-25,1375.0625
2000-10-26,1340.7812
2000-10-27,1313.3906
2000-10-28,1273.4219
2000-10-29,1225.8438
2000-10-30,1191.7656
2000-10-31,1161.1719
2000-11-01,1121.1719
2000-11-02,1080.7031
2000-11-03,1043.5469
2000-11-04,1008.5625
2000-11-05,974.4219
2000-11-06,941.09375
2000-11-07,914.2031
2000-11-08,899.6875
2000-11-09,884.6094
2000-11-10,863.1875
2000-11-11,840.21875
2000-11-12,818.84375
2000-11-13,806.4375
2000-11-14,828.2969
2000-11-15,850.78125
2000-11-16,841.75
2000-11-17,819.7031
2000-11-18,794.53125
2000-11-19,781.4219
2000-11-20,829.2344
2000-11-21,856.8906
2000-11-22,838.4531
2000-11-23,815.2031
2000-11-24,804.1875
2000-11-25,815.28125
2000-11-26,817.53125
2000-11-27,804.96875
2000-11-28,782.96875
2000-11-29,758.4531
2000-11-30,746.1875
2000-12-01,733.8125
2000-12-02,712.3281
2000-12-03,688.8594
2000-12-04,666.5
2000-12-05,645.34375
2000-12-06,625.5156
2000-12-07,608.5781
2000-12-08,593.5
2000-12-09,579.09375
2000-12-10,566.5469
2000-12-11,558.9375
2000-12-12,559.7969
2000-12-13,558.75
2000-12-14,546.96875
2000-12-15,532.1719
2000-12-16,519.3281
2000-12-17,507.09375
2000-12-18,494.70312
2000-12-19,482.84375
2000-12-20,472.70312
2000-12-21,466.625
2000-12-22,461.5625
2000-12-23,452.8125
2000-12-24,442.03125
2000-12-25,431.85938
2000-12-26,422.71875
2000-12-27,420.01562
2000-12-28,421.28125
2000-12-29,419.26562
2000-12-30,416.59375
2000-12-31,414.15625
2001-01-01,425.5
2001-01-02,457.45312
2001-01-03,475.89062
2001-01-04,469.375
2001-01-05,465.04688
2001-01-06,461.85938
2001-01-07,452.29688
2001-01-08,439.90625
2001-01-09,437.32812
2001-01-10,435.98438
2001-01-11,427.0625
2001-01-12,417.95312
2001-01-13,410.90625
2001-01-14,408.01562
2001-01-15,407.39062
2001-01-16,404.3125
2001-01-17,398.45312
2001-01-18,392.1875
2001-01-19,388.21875
2001-01-20,386.34375
2001-01-21,388.20312
2001-01-22,403.51562
2001-01-23,428.07812
2001-01-24,445.0625
2001-01-25,436.5
2001-01-26,416.85938
2001-01-27,403.60938
2001-01-28,394.82812
2001-01-29,388.29688
2001-01-30,382.10938
2001-01-31,377.34375
2001-02-01,383.89062
2001-02-02,408.21875
2001-02-03,430.6875
2001-02-04,429.15625
2001-02-05,415.09375
2001-02-06,410.375
2001-02-07,408.625
2001-02-08,403.0
2001-02-09,397.25
2001-02-10,391.34375
2001-02-11,386.5
2001-02-12,389.125
2001-02-13,396.21875
2001-02-14,401.1875
2001-02-15,399.4375
2001-02-16,391.53125
2001-02-17,385.03125
2001-02-18,381.53125
2001-02-19,388.53125
2001-02-20,402.53125
2001-02-21,423.375
2001-02-22,454.96875
2001-02-23,459.90625
2001-02-24,483.84375
2001-02-25,536.09375
2001-02-26,580.0625
2001-02-27,583.8125
2001-02-28,567.03125
2001-03-01,543.59375
2001-03-02,526.625
2001-03-03,514.28125
2001-03-04,498.28125
2001-03-05,485.59375
2001-03-06,486.25
2001-03-07,481.84375
2001-03-08,470.625
2001-03-09,466.625
2001-03-10,460.78125
2001-03-11,453.65625
2001-03-12,448.09375
2001-03-13,439.875
2001-03-14,432.15625
2001-03-15,431.09375
2001-03-16,441.34375
2001-03-17,447.53125
2001-03-18,439.25
2001-03-19,427.25
2001-03-20,417.5625
2001-03-21,409.65625
2001-03-22,407.21875
2001-03-23,420.5
2001-03-24,433.34375
2001-03-25,433.25
2001-03-26,430.0625
2001-03-27,426.90625
2001-03-28,421.65625
2001-03-29,421.5625
2001-03-30,433.03125
2001-03-31,436.84375
2001-04-01,429.09375
2001-04-02,426.1875
2001-04-03,432.53125
2001-04-04,433.25
2001-04-05,427.40625
2001-04-06,419.40625
2001-04-07,409.9375
2001-04-08,402.46875
2001-04-09,395.15625
2001-04-10,388.28125
2001-04-11,383.34375
2001-04-12,378.84375
2001-04-13,374.375
2001-04-14,374.40625
2001-04-15,381.125
2001-04-16,394.625
2001-04-17,412.125
2001-04-18,429.90625
2001-04-19,438.15625
2001-04-20,439.8125
2001-04-21,453.46875
2001-04-22,469.09375
2001-04-23,478.65625
2001-04-24,472.125
2001-04-25,457.59375
2001-04-26,464.75
2001-04-27,503.875
2001-04-28,522.65625
2001-04-29,527.0625
2001-04-30,526.4375
2001-05-01,530.71875
2001-05-02,533.9375
2001-05-03,524.28125
2001-05-04,531.03125
2001-05-05,559.28125
2001-05-06,586.03125
2001-05-07,599.71875
2001-05-08,604.65625
2001-05-09,710.03125
2001-05-10,830.1875
2001-05-11,865.59375
2001-05-12,902.90625
2001-05-13,907.71875
2001-05-14,850.90625
2001-05-15,815.3125
2001-05-16,803.6875
2001-05-17,818.8125
2001-05-18,866.4375
2001-05-19,870.5
2001-05-20,846.03125
2001-05-21,850.84375
2001-05-22,870.59375
2001-05-23,892.4375
2001-05-24,991.46875
2001-05-25,1086.6562
2001-05-26,1107.8438
2001-05-27,1093.3125
2001-05-28,1101.3438
2001-05-29,1089.875
2001-05-30,1218.9688
2001-05-31,1542.0
2001-06-01,1542.1562
2001-06-02,1411.3125
2001-06-03,1353.25
2001-06-04,1328.9375
2001-06-05,1364.0625
2001-06-06,1377.875
2001-06-07,1606.3125
2001-06-08,1642.8438
2001-06-09,1559.4375
2001-06-10,1496.0
2001-06-11,1453.0625
2001-06-12,1421.7812
2001-06-13,1457.4688
2001-06-14,1494.5938
2001-06-15,1523.5
2001-06-16,1552.7812
2001-06-17,1594.0469
2001-06-18,1635.1406
2001-06-19,2152.9531
2001-06-20,2511.3125
2001-06-21,2587.0781
2001-06-22,2382.7812
2001-06-23,2284.6562
2001-06-24,2220.5625
2001-06-25,2215.9062
2001-06-26,2221.5
2001-06-27,2173.2812
2001-06-28,2174.8281
2001-06-29,2272.8281
2001-06-30,2777.9062
2001-07-01,3031.5156
2001-07-02,2741.625
2001-07-03,2639.4688
2001-07-04,2577.2656
2001-07-05,2464.2656
2001-07-06,2405.3594
2001-07-07,2400.7031
2001-07-08,2477.8906
2001-07-09,2570.3125
2001-07-10,2683.4844
2001-07-11,2823.0938
2001-07-12,2887.8906
2001-07-13,2916.1094
2001-07-14,2813.1719
2001-07-15,2754.0312
2001-07-16,2795.4219
2001-07-17,2734.1094
2001-07-18,2736.6406
2001-07-19,2787.1094
2001-07-20,2983.7031
2001-07-21,3181.9688
2001-07-22,3163.5781
2001-07-23,3106.75
2001-07-24,3019.4844
2001-07-25,3026.4531
2001-07-26,3169.1094
2001-07-27,3454.5938
2001-07-28,3441.3438
2001-07-29,3578.3125
2001-07-30,4076.9062
2001-07-31,5379.5156
2001-08-01,6028.7812
2001-08-02,4735.5156
2001-08-03,4257.797
2001-08-04,4026.3438
2001-08-05,3740.9688
2001-08-06,3516.8906
2001-08-07,3368.4844
2001-08-08,3250.5469
2001-08-09,3164.9531
2001-08-10,3101.3281
2001-08-11,3041.4219
2001-08-12,2997.1719
2001-08-13,3024.4375
2001-08-14,3022.0469
2001-08-15,2939.2188
2001-08-16,2952.3438
2001-08-17,2931.0781
2001-08-18,3909.25
2001-08-19,4263.0
2001-08-20,3917.3906
2001-08-21,3575.7344
2001-08-22,3612.3594
2001-08-23,5195.6562
2001-08-24,5380.7812
2001-08-25,4587.2656
2001-08-26,4050.7344
2001-08-27,3807.9688
2001-08-28,4013.6094
2001-08-29,4369.875
2001-08-30,4550.3594
2001-08-31,4123.6094
2001-09-01,3821.6719
2001-09-02,3754.5938
2001-09-03,3624.2031
2001-09-04,3475.3438
2001-09-05,3357.3203
2001-09-06,3665.1953
2001-09-07,3891.2422
2001-09-08,3895.6328
2001-09-09,3791.914
2001-09-10,3652.7812
2001-09-11,3700.5
2001-09-12,3724.961
2001-09-13,3695.8125
2001-09-14,3691.8984
2001-09-15,3585.3203
2001-09-16,3401.586
2001-09-17,3244.2656
2001-09-18,3179.6094
2001-09-19,3106.0
2001-09-20,2995.5312
2001-09-21,2880.6484
2001-09-22,2772.875
2001-09-23,2679.5781
2001-09-24,2588.4453
2001-09-25,2500.75
2001-09-26,2423.0
2001-09-27,2354.4922
2001-09-28,2318.961
2001-09-29,2270.6875
2001-09-30,2197.2734
2001-10-01,2130.6562
2001-10-02,2090.2969
2001-10-03,2059.1797
2001-10-04,2034.5156
2001-10-05,2051.0703
2001-10-06,4116.008
2001-10-07,3538.3516
2001-10-08,2842.9688
2001-10-09,2571.4844
2001-10-10,2546.2656
2001-10-11,2551.0938
2001-10-12,2451.2656
2001-10-13,2324.1953
2001-10-14,2209.711
2001-10-15,2108.3984
2001-10-16,2026.8672
2001-10-17,1951.3359
2001-10-18,1873.0625
2001-10-19,1800.8203
2001-10-20,1733.375
2001-10-21,1675.0781
2001-10-22,1619.6641
2001-10-23,1564.1953
2001-10-24,1509.1641
2001-10-25,1456.9297
2001-10-26,1405.9297
2001-10-27,1354.7969
2001-10-28,1305.4922
2001-10-29,1259.5156
2001-10-30,1216.0312
2001-10-31,1172.2891
2001-11-01,1131.7109
2001-11-02,1099.7578
2001-11-03,1070.5
2001-11-04,1065.8828
2001-11-05,1071.2969
2001-11-06,1058.2812
2001-11-07,1029.4609
2001-11-08,995.90625
2001-11-09,964.7422
2001-11-10,935.1719
2001-11-11,902.5078
2001-11-12,869.85156
2001-11-13,838.77344
2001-11-14,808.3594
2001-11-15,778.03906
2001-11-16,748.9375
2001-11-17,721.9531
2001-11-18,698.7031
2001-11-19,679.58594
2001-11-20,662.3203
2001-11-21,646.39844
2001-11-22,632.9453
2001-11-23,621.0156
2001-11-24,611.78125
2001-11-25,607.7578
2001-11-26,599.3281
2001-11-27,581.77344
2001-11-28,565.3672
2001-11-29,552.28906
2001-11-30,540.47656
2001-12-01,529.0469
2001-12-02,517.2031
2001-12-03,507.47656
2001-12-04,499.5
2001-12-05,493.125
2001-12-06,490.9922
2001-12-07,488.95312
2001-12-08,486.39844
2001-12-09,492.82812
2001-12-10,502.3125
2001-12-11,501.9297
2001-12-12,496.33594
2001-12-13,488.875
2001-12-14,478.9375
2001-12-15,467.8125
2001-12-16,457.07812
2001-12-17,449.625
2001-12-18,444.75
2001-12-19,437.95312
2001-12-20,429.54688
2001-12-21,421.25
2001-12-22,413.29688
2001-12-23,404.95312
2001-12-24,396.15625
2001-12-25,387.89062
2001-12-26,380.45312
2001-12-27,375.01562
2001-12-28,371.03125
2001-12-29,367.53125
2001-12-30,364.01562
2001-12-31,359.95312
2002-01-01,356.20312
2002-01-02,351.875
2002-01-03,346.29688
2002-01-04,340.4375
2002-01-05,334.75
2002-01-06,329.14062
2002-01-07,323.8125
2002-01-08,318.85938
2002-01-09,314.21875
2002-01-10,309.9375
2002-01-11,305.85938
2002-01-12,302.375
2002-01-13,299.53125
2002-01-14,297.07812
2002-01-15,294.4375
2002-01-16,298.6875
2002-01-17,324.70312
2002-01-18,361.5
2002-01-19,375.51562
2002-01-20,379.71875
2002-01-21,382.70312
2002-01-22,379.03125
2002-01-23,378.04688
2002-01-24,373.0
2002-01-25,366.01562
2002-01-26,360.28125
2002-01-27,359.60938
2002-01-28,371.5625
2002-01-29,394.73438
2002-01-30,416.9375
2002-01-31,428.95312
2002-02-01,423.39062
2002-02-02,414.9375
2002-02-03,409.5
2002-02-04,410.71875
2002-02-05,414.85938
2002-02-06,416.54688
2002-02-07,424.54688
2002-02-08,443.26562
2002-02-09,464.92188
2002-02-10,473.6875
2002-02-11,466.42188
2002-02-12,448.3125
2002-02-13,436.1875
2002-02-14,433.03125
2002-02-15,425.73438
2002-02-16,414.39062
2002-02-17,404.0625
2002-02-18,395.78125
2002-02-19,396.59375
2002-02-20,398.1875
2002-02-21,397.78125
2002-02-22,421.5625
2002-02-23,439.46875
2002-02-24,432.71875
2002-02-25,428.03125
2002-02-26,437.6875
2002-02-27,439.1875
2002-02-28,436.875
2002-03-01,441.875
2002-03-02,437.5625
2002-03-03,442.09375
2002-03-04,469.40625
2002-03-05,484.1875
2002-03-06,502.25
2002-03-07,499.125
2002-03-08,476.59375
2002-03-09,466.3125
2002-03-10,469.15625
2002-03-11,472.8125
2002-03-12,468.40625
2002-03-13,459.8125
2002-03-14,462.21875
2002-03-15,469.625
2002-03-16,464.1875
2002-03-17,450.625
2002-03-18,436.65625
2002-03-19,426.28125
2002-03-20,418.90625
2002-03-21,412.0
2002-03-22,407.0625
2002-03-23,407.96875
2002-03-24,417.96875
2002-03-25,435.09375
2002-03-26,447.6875
2002-03-27,458.4375
2002-03-28,471.59375
2002-03-29,466.03125
2002-03-30,454.46875
2002-03-31,448.71875
2002-04-01,452.78125
2002-04-02,466.8125
2002-04-03,500.125
2002-04-04,515.9375
2002-04-05,506.9375
2002-04-06,492.75
2002-04-07,478.75
2002-04-08,474.125
2002-04-09,488.78125
2002-04-10,516.125
2002-04-11,528.5625
2002-04-12,519.40625
2002-04-13,504.59375
2002-04-14,490.5625
2002-04-15,479.65625
2002-04-16,473.4375
2002-04-17,475.96875
2002-04-18,522.21875
2002-04-19,579.71875
2002-04-20,576.34375
2002-04-21,553.21875
2002-04-22,538.40625
2002-04-23,530.375
2002-04-24,535.6875
2002-04-25,561.09375
2002-04-26,676.3125
2002-04-27,780.625
2002-04-28,769.96875
2002-04-29,725.40625
2002-04-30,700.5625
2002-05-01,684.625
2002-05-02,672.28125
2002-05-03,668.09375
2002-05-04,684.8125
2002-05-05,719.5
2002-05-06,771.125
2002-05-07,791.53125
2002-05-08,783.3125
2002-05-09,788.625
2002-05-10,803.96875
2002-05-11,810.15625
2002-05-12,838.28125
2002-05-13,948.3125
2002-05-14,898.875
2002-05-15,848.46875
2002-05-16,844.84375
2002-05-17,873.375
2002-05-18,958.90625
2002-05-19,2324.0938
2002-05-20,2683.375
2002-05-21,2221.9062
2002-05-22,1850.6562
2002-05-23,1520.125
2002-05-24,1344.125
2002-05-25,1258.2188
2002-05-26,1222.7188
2002-05-27,1212.6875
2002-05-28,1327.3125
2002-05-29,1383.375
2002-05-30,1346.75
2002-05-31,1327.3438
2002-06-01,1309.7812
2002-06-02,1293.5312
2002-06-03,1310.75
2002-06-04,1427.4688
2002-06-05,1469.5312
2002-06-06,1434.5625
2002-06-07,1413.875
2002-06-08,1418.625
2002-06-09,1398.9688
2002-06-10,1394.4375
2002-06-11,1401.5938
2002-06-12,1451.2812
2002-06-13,1576.5625
2002-06-14,1663.9375
2002-06-15,1744.6562
2002-06-16,1805.7812
2002-06-17,1912.7812
2002-06-18,2164.5312
2002-06-19,2400.4219
2002-06-20,2594.0938
2002-06-21,2924.0
2002-06-22,2763.8906
2002-06-23,2456.6094
2002-06-24,2387.1562
2002-06-25,2384.9531
2002-06-26,2419.25
2002-06-27,2751.25
2002-06-28,2937.5938
2002-06-29,2782.5
2002-06-30,2806.2656
2002-07-01,3747.5469
2002-07-02,6150.7344
2002-07-03,6028.9688
2002-07-04,4834.8906
2002-07-05,4497.0156
2002-07-06,5120.0938
2002-07-07,4977.3906
2002-07-08,4837.5312
2002-07-09,4623.4062
2002-07-10,4623.7344
2002-07-11,5353.203
2002-07-12,5349.547
2002-07-13,4859.4844
2002-07-14,4523.8906
2002-07-15,4461.625
2002-07-16,4372.547
2002-07-17,4167.4062
2002-07-18,3988.8125
2002-07-19,3898.5469
2002-07-20,4389.797
2002-07-21,5879.172
2002-07-22,7917.203
2002-07-23,9628.109
2002-07-24,8464.531
2002-07-25,6713.9844
2002-07-26,5906.953
2002-07-27,6127.3125
2002-07-28,6570.7344
2002-07-29,6409.875
2002-07-30,6018.125
2002-07-31,5835.1406
2002-08-01,5526.2188
2002-08-02,5300.7656
2002-08-03,5366.5
2002-08-04,5296.047
2002-08-05,5064.453
2002-08-06,4901.7656
2002-08-07,4753.8906
2002-08-08,4621.625
2002-08-09,4498.75
2002-08-10,4735.4688
2002-08-11,5134.2656
2002-08-12,5057.9375
2002-08-13,4889.203
2002-08-14,4658.453
2002-08-15,4491.203
2002-08-16,4357.3594
2002-08-17,4221.375
2002-08-18,4146.8594
2002-08-19,4100.75
2002-08-20,4514.0625
2002-08-21,4994.4688
2002-08-22,4908.8438
2002-08-23,4567.2656
2002-08-24,4320.297
2002-08-25,4142.7812
2002-08-26,3997.8438
2002-08-27,3888.0
2002-08-28,3773.7344
2002-08-29,3675.2188
2002-08-30,3575.1562
2002-08-31,3477.0781
2002-09-01,3374.3594
2002-09-02,3267.75
2002-09-03,3171.9844
2002-09-04,3081.9688
2002-09-05,3020.0156
2002-09-06,2969.4062
2002-09-07,2894.2031
2002-09-08,2797.5
2002-09-09,2696.0938
2002-09-10,2609.1562
2002-09-11,2527.4922
2002-09-12,2463.2656
2002-09-13,2405.875
2002-09-14,2346.125
2002-09-15,2283.2266
2002-09-16,2239.914
2002-09-17,2199.336
2002-09-18,2142.4844
2002-09-19,2097.3828
2002-09-20,2052.0469
2002-09-21,1988.3359
2002-09-22,1922.7891
2002-09-23,1871.5859
2002-09-24,1840.3828
2002-09-25,2163.9453
2002-09-26,4290.0625
2002-09-27,4043.1953
2002-09-28,3268.6719
2002-09-29,2763.8516
2002-09-30,2525.1953
2002-10-01,2387.5234
2002-10-02,2279.2656
2002-10-03,2177.6875
2002-10-04,2087.0547
2002-10-05,2078.3984
2002-10-06,2071.3047
2002-10-07,2008.8281
2002-10-08,1931.4609
2002-10-09,1865.3203
2002-10-10,1818.125
2002-10-11,1775.1953
2002-10-12,1720.7422
2002-10-13,1667.5469
2002-10-14,1616.1953
2002-10-15,1559.4844
2002-10-16,1501.6953
2002-10-17,1447.0312
2002-10-18,1395.4219
2002-10-19,1373.4062
2002-10-20,1362.2266
2002-10-21,1326.8125
2002-10-22,1308.6328
2002-10-23,1319.9609
2002-10-24,1329.4062
2002-10-25,1314.5
2002-10-26,1278.7812
2002-10-27,1231.5312
2002-10-28,1184.9609
2002-10-29,1147.2109
2002-10-30,1118.625
2002-10-31,1091.0625
2002-11-01,1064.8281
2002-11-02,1040.1484
2002-11-03,1010.5781
2002-11-04,977.60156
2002-11-05,944.5469
2002-11-06,911.875
2002-11-07,879.90625
2002-11-08,849.40625
2002-11-09,819.1719
2002-11-10,789.71094
2002-11-11,761.2031
2002-11-12,733.9297
2002-11-13,708.10156
2002-11-14,695.6406
2002-11-15,698.2578
2002-11-16,690.1172
2002-11-17,670.8125
2002-11-18,652.1797
2002-11-19,634.9531
2002-11-20,622.0625
2002-11-21,616.71875
2002-11-22,615.125
2002-11-23,606.4531
2002-11-24,589.3594
2002-11-25,572.65625
2002-11-26,560.8594
2002-11-27,552.7656
2002-11-28,543.0781
2002-11-29,530.03125
2002-11-30,517.25
2002-12-01,508.0
2002-12-02,503.57812
2002-12-03,500.28125
2002-12-04,490.4375
2002-12-05,479.14062
2002-12-06,471.59375
2002-12-07,466.28125
2002-12-08,460.75
2002-12-09,454.14062
2002-12-10,449.95312
2002-12-11,446.03125
2002-12-12,438.51562
2002-12-13,428.54688
2002-12-14,421.9375
2002-12-15,416.4375
2002-12-16,408.65625
2002-12-17,400.90625
2002-12-18,396.1875
2002-12-19,408.6875
2002-12-20,460.75
2002-12-21,508.17188
2002-12-22,504.39062
2002-12-23,480.75
2002-12-24,461.75
2002-12-25,447.25
2002-12-26,437.54688
2002-12-27,433.65625
2002-12-28,437.82812
2002-12-29,447.71875
2002-12-30,454.28125
2002-12-31,451.84375
2003-01-01,457.4375
2003-01-02,475.42188
2003-01-03,487.73438
2003-01-04,477.5
2003-01-05,460.03125
2003-01-06,444.875
2003-01-07,431.1875
2003-01-08,419.57812
2003-01-09,411.32812
2003-01-10,404.75
2003-01-11,400.04688
2003-01-12,397.96875
2003-01-13,397.125
2003-01-14,392.76562
2003-01-15,384.5625
2003-01-16,375.65625
2003-01-17,366.90625
2003-01-18,358.98438
2003-01-19,351.89062
2003-01-20,345.57812
2003-01-21,339.85938
2003-01-22,334.84375
2003-01-23,332.90625
2003-01-24,337.07812
2003-01-25,340.78125
2003-01-26,338.73438
2003-01-27,336.39062
2003-01-28,334.9375
2003-01-29,340.25
2003-01-30,358.21875
2003-01-31,385.25
2003-02-01,443.23438
2003-02-02,474.5625
2003-02-03,486.28125
2003-02-04,490.73438
2003-02-05,479.04688
2003-02-06,462.85938
2003-02-07,448.10938
2003-02-08,438.96875
2003-02-09,437.25
2003-02-10,433.45312
2003-02-11,427.65625
2003-02-12,429.07812
2003-02-13,444.5625
2003-02-14,462.875
2003-02-15,462.84375
2003-02-16,449.15625
2003-02-17,437.65625
2003-02-18,427.3125
2003-02-19,423.125
2003-02-20,483.09375
2003-02-21,543.71875
2003-02-22,549.0625
2003-02-23,519.5469
2003-02-24,496.09375
2003-02-25,499.3125
2003-02-26,518.34375
2003-02-27,542.75
2003-02-28,544.40625
2003-03-01,534.25
2003-03-02,540.03125
2003-03-03,580.65625
2003-03-04,637.84375
2003-03-05,660.34375
2003-03-06,624.9531
2003-03-07,599.0625
2003-03-08,608.96875
2003-03-09,598.4219
2003-03-10,570.6719
2003-03-11,558.0625
2003-03-12,566.84375
2003-03-13,578.71875
2003-03-14,573.59375
2003-03-15,567.28125
2003-03-16,609.65625
2003-03-17,644.1875
2003-03-18,652.25
2003-03-19,646.5625
2003-03-20,634.375
2003-03-21,622.875
2003-03-22,609.03125
2003-03-23,597.1875
2003-03-24,589.28125
2003-03-25,581.21875
2003-03-26,579.0
2003-03-27,579.59375
2003-03-28,579.5
2003-03-29,576.125
2003-03-30,576.5625
2003-03-31,615.28125
2003-04-01,644.84375
2003-04-02,689.59375
2003-04-03,707.90625
2003-04-04,695.75
2003-04-05,700.34375
2003-04-06,700.15625
2003-04-07,688.40625
2003-04-08,677.875
2003-04-09,655.84375
2003-04-10,630.25
2003-04-11,613.03125
2003-04-12,603.5625
2003-04-13,599.34375
2003-04-14,591.75
2003-04-15,595.40625
2003-04-16,609.40625
2003-04-17,626.71875
2003-04-18,628.34375
2003-04-19,614.875
2003-04-20,622.90625
2003-04-21,630.21875
2003-04-22,628.28125
2003-04-23,618.0
2003-04-24,599.0
2003-04-25,590.84375
2003-04-26,596.5625
2003-04-27,605.9375
2003-04-28,632.1875
2003-04-29,677.4375
2003-04-30,699.1875
2003-05-01,692.6875
2003-05-02,682.25
2003-05-03,689.90625
2003-05-04,781.46875
2003-05-05,873.78125
2003-05-06,832.34375
2003-05-07,754.15625
2003-05-08,703.65625
2003-05-09,670.25
2003-05-10,648.0
2003-05-11,605.28125
2003-05-12,597.53125
2003-05-13,601.875
2003-05-14,610.4375
2003-05-15,666.21875
2003-05-16,881.09375
2003-05-17,1011.75
2003-05-18,952.1875
2003-05-19,877.125
2003-05-20,819.125
2003-05-21,813.09375
2003-05-22,799.84375
2003-05-23,823.9375
2003-05-24,919.375
2003-05-25,1092.2812
2003-05-26,1182.25
2003-05-27,1132.4375
2003-05-28,1065.1875
2003-05-29,1037.5
2003-05-30,996.875
2003-05-31,969.15625
2003-06-01,953.40625
2003-06-02,945.96875
2003-06-03,942.3125
2003-06-04,954.375
2003-06-05,978.59375
2003-06-06,1006.125
2003-06-07,1018.90625
2003-06-08,1024.4062
2003-06-09,1036.5
2003-06-10,1074.0625
2003-06-11,1580.1875
2003-06-12,1972.5312
2003-06-13,2072.9688
2003-06-14,2300.375
2003-06-15,2251.0938
2003-06-16,1992.9688
2003-06-17,1865.0
2003-06-18,1794.2188
2003-06-19,1769.625
2003-06-20,1803.0
2003-06-21,1868.6562
2003-06-22,1899.2188
2003-06-23,2016.0625
2003-06-24,3022.3438
2003-06-25,3101.2188
2003-06-26,2818.2812
2003-06-27,3130.9375
2003-06-28,3551.5625
2003-06-29,3739.0625
2003-06-30,3649.1719
2003-07-01,4433.5938
2003-07-02,5250.7344
2003-07-03,4697.828
2003-07-04,4508.4062
2003-07-05,4728.2656
2003-07-06,4517.047
2003-07-07,4260.953
2003-07-08,4574.8125
2003-07-09,5492.2656
2003-07-10,6472.4844
2003-07-11,5729.5938
2003-07-12,4883.453
2003-07-13,4759.125
2003-07-14,5348.0625
2003-07-15,6122.3438
2003-07-16,5801.8594
2003-07-17,5343.1562
2003-07-18,5087.6562
2003-07-19,5262.9844
2003-07-20,5866.422
2003-07-21,5892.125
2003-07-22,5662.9688
2003-07-23,5415.2656
2003-07-24,5081.0156
2003-07-25,4804.6406
2003-07-26,4633.4375
2003-07-27,4523.922
2003-07-28,4560.547
2003-07-29,4505.172
2003-07-30,4566.7344
2003-07-31,5393.953
2003-08-01,5309.9062
2003-08-02,4969.547
2003-08-03,4757.2812
2003-08-04,4508.3594
2003-08-05,4268.422
2003-08-06,4099.2812
2003-08-07,3962.7188
2003-08-08,3852.2656
2003-08-09,3882.1562
2003-08-10,4130.8594
2003-08-11,4430.0625
2003-08-12,4346.5938
2003-08-13,4168.6562
2003-08-14,4029.2656
2003-08-15,3958.4688
2003-08-16,4013.7656
2003-08-17,3936.8594
2003-08-18,4545.75
2003-08-19,7354.1562
2003-08-20,6646.1094
2003-08-21,5428.0938
2003-08-22,4720.5
2003-08-23,4387.422
2003-08-24,4237.25
2003-08-25,4126.75
2003-08-26,4081.9844
2003-08-27,4014.5312
2003-08-28,3940.1406
2003-08-29,3896.6406
2003-08-30,3797.6562
2003-08-31,3793.4531
2003-09-01,4120.9688
2003-09-02,3999.5
2003-09-03,3825.3281
2003-09-04,3728.9062
2003-09-05,3760.8125
2003-09-06,3763.5469
2003-09-07,3608.2031
2003-09-08,3433.7344
2003-09-09,3309.5938
2003-09-10,3258.0469
2003-09-11,3217.4219
2003-09-12,3147.8281
2003-09-13,3197.5
2003-09-14,3240.2031
2003-09-15,3179.2969
2003-09-16,3122.1719
2003-09-17,3239.5312
2003-09-18,3148.3281
2003-09-19,3026.8906
2003-09-20,2961.3906
2003-09-21,3043.8203
2003-09-22,3169.8984
2003-09-23,3183.8047
2003-09-24,3274.789
2003-09-25,3203.4766
2003-09-26,3080.4688
2003-09-27,2944.2578
2003-09-28,2839.4453
2003-09-29,2752.9375
2003-09-30,2674.0
2003-10-01,2602.7812
2003-10-02,2553.7656
2003-10-03,2494.2812
2003-10-04,2418.7812
2003-10-05,2332.7578
2003-10-06,2243.7656
2003-10-07,2159.5469
2003-10-08,2080.539
2003-10-09,2004.1172
2003-10-10,3813.4453
2003-10-11,3243.3438
2003-10-12,2662.2031
2003-10-13,2390.75
2003-10-14,2222.164
2003-10-15,2098.8906
2003-10-16,2001.9844
2003-10-17,1919.3906
2003-10-18,1846.5156
2003-10-19,1784.5078
2003-10-20,1760.4297
2003-10-21,1765.7031
2003-10-22,1712.3984
2003-10-23,1632.7422
2003-10-24,1562.6719
2003-10-25,1503.4219
2003-10-26,1748.7656
2003-10-27,1790.2031
2003-10-28,1707.25
2003-10-29,1627.6875
2003-10-30,1554.9375
2003-10-31,1491.9375
2003-11-01,1442.3125
2003-11-02,1397.8906
2003-11-03,1348.9844
2003-11-04,1300.1562
2003-11-05,1252.9688
2003-11-06,1212.4141
2003-11-07,1199.1406
2003-11-08,1217.7578
2003-11-09,1214.3828
2003-11-10,1188.6875
2003-11-11,1162.4766
2003-11-12,1137.2266
2003-11-13,1109.6094
2003-11-14,1076.1406
2003-11-15,1037.125
2003-11-16,998.28125
2003-11-17,971.59375
2003-11-18,978.2969
2003-11-19,1010.8594
2003-11-20,995.0625
2003-11-21,953.84375
2003-11-22,917.8125
2003-11-23,882.5625
2003-11-24,853.09375
2003-11-25,828.0156
2003-11-26,809.03125
2003-11-27,796.28125
2003-11-28,788.34375
2003-11-29,777.2031
2003-11-30,758.3906
2003-12-01,737.9219
2003-12-02,717.9844
2003-12-03,702.3594
2003-12-04,691.78125
2003-12-05,682.78125
2003-12-06,674.4531
2003-12-07,663.5156
2003-12-08,652.4219
2003-12-09,639.15625
2003-12-10,623.0781
2003-12-11,611.71875
2003-12-12,603.53125
2003-12-13,591.2969
2003-12-14,574.59375
2003-12-15,557.8906
2003-12-16,541.9844
2003-12-17,528.3281
2003-12-18,518.7031
2003-12-19,510.28125
2003-12-20,499.01562
2003-12-21,487.21875
2003-12-22,476.34375
2003-12-23,465.29688
2003-12-24,454.20312
2003-12-25,444.39062
2003-12-26,437.46875
2003-12-27,430.5625
2003-12-28,422.76562
2003-12-29,431.04688
2003-12-30,458.42188
2003-12-31,464.78125
2004-01-01,450.70312
2004-01-02,437.17188
2004-01-03,427.76562
2004-01-04,420.17188
2004-01-05,412.48438
2004-01-06,403.79688
2004-01-07,395.40625
2004-01-08,387.9375
2004-01-09,380.59375
2004-01-10,373.90625
2004-01-11,367.15625
2004-01-12,360.39062
2004-01-13,354.40625
2004-01-14,349.28125
2004-01-15,347.48438
2004-01-16,347.1875
2004-01-17,343.32812
2004-01-18,338.78125
2004-01-19,345.07812
2004-01-20,353.79688
2004-01-21,348.0
2004-01-22,344.40625
2004-01-23,352.65625
2004-01-24,373.8125
2004-01-25,404.5
2004-01-26,422.59375
2004-01-27,421.8125
2004-01-28,417.95312
2004-01-29,411.23438
2004-01-30,400.17188
2004-01-31,393.0
2004-02-01,395.84375
2004-02-02,403.21875
2004-02-03,404.95312
2004-02-04,398.64062
2004-02-05,398.6875
2004-02-06,409.23438
2004-02-07,415.76562
2004-02-08,413.25
2004-02-09,405.98438
2004-02-10,396.89062
2004-02-11,390.09375
2004-02-12,388.23438
2004-02-13,387.96875
2004-02-14,383.3125
2004-02-15,377.79688
2004-02-16,375.3125
2004-02-17,375.48438
2004-02-18,374.89062
2004-02-19,376.5625
2004-02-20,395.625
2004-02-21,415.57812
2004-02-22,420.59375
2004-02-23,446.6875
2004-02-24,467.59375
2004-02-25,462.3125
2004-02-26,449.90625
2004-02-27,439.34375
2004-02-28,437.21875
2004-02-29,448.3125
2004-03-01,474.40625
2004-03-02,501.25
2004-03-03,514.21875
2004-03-04,513.15625
2004-03-05,504.875
2004-03-06,521.15625
2004-03-07,541.03125
2004-03-08,524.0625
2004-03-09,495.75
2004-03-10,478.375
2004-03-11,466.96875
2004-03-12,459.9375
2004-03-13,489.0625
2004-03-14,515.46875
2004-03-15,515.96875
2004-03-16,507.78125
2004-03-17,500.0
2004-03-18,496.90625
2004-03-19,502.125
2004-03-20,532.90625
2004-03-21,642.5625
2004-03-22,733.34375
2004-03-23,750.78125
2004-03-24,761.46875
2004-03-25,768.90625
2004-03-26,741.71875
2004-03-27,697.34375
2004-03-28,662.875
2004-03-29,636.8125
2004-03-30,614.0
2004-03-31,593.59375
2004-04-01,575.4375
2004-04-02,559.84375
2004-04-03,561.78125
2004-04-04,570.625
2004-04-05,575.15625
2004-04-06,574.125
2004-04-07,569.5625
2004-04-08,567.40625
2004-04-09,572.65625
2004-04-10,625.9375
2004-04-11,685.4375
2004-04-12,709.03125
2004-04-13,704.03125
2004-04-14,697.0
2004-04-15,736.5625
2004-04-16,792.28125
2004-04-17,775.65625
2004-04-18,788.4375
2004-04-19,779.9375
2004-04-20,747.21875
2004-04-21,726.34375
2004-04-22,768.96875
2004-04-23,798.78125
2004-04-24,903.96875
2004-04-25,900.34375
2004-04-26,841.3125
2004-04-27,804.625
2004-04-28,774.8125
2004-04-29,751.9375
2004-04-30,738.4375
2004-05-01,740.875
2004-05-02,778.03125
2004-05-03,787.96875
2004-05-04,754.84375
2004-05-05,722.46875
2004-05-06,698.53125
2004-05-07,678.40625
2004-05-08,659.0
2004-05-09,649.65625
2004-05-10,634.21875
2004-05-11,758.15625
2004-05-12,806.375
2004-05-13,790.21875
2004-05-14,800.78125
2004-05-15,800.84375
2004-05-16,806.1875
2004-05-17,807.375
2004-05-18,843.25
2004-05-19,1058.9062
2004-05-20,1097.9688
2004-05-21,1284.0
2004-05-22,2041.2812
2004-05-23,2202.4062
2004-05-24,2067.6562
2004-05-25,1991.625
2004-05-26,1884.3438
2004-05-27,1710.4688
2004-05-28,1596.4062
2004-05-29,1553.0625
2004-05-30,1550.8125
2004-05-31,1530.2812
2004-06-01,1512.4375
2004-06-02,1519.125
2004-06-03,1545.5938
2004-06-04,1720.1562
2004-06-05,1751.6875
2004-06-06,1697.75
2004-06-07,1699.1875
2004-06-08,1745.8438
2004-06-09,1816.8125
2004-06-10,1864.4375
2004-06-11,1972.9688
2004-06-12,1927.5938
2004-06-13,1825.7812
2004-06-14,1812.7812
2004-06-15,1818.125
2004-06-16,1868.0938
2004-06-17,1951.3594
2004-06-18,1960.7656
2004-06-19,2084.3125
2004-06-20,2286.7031
2004-06-21,3044.1406
2004-06-22,3841.0
2004-06-23,3802.7188
2004-06-24,3403.375
2004-06-25,3149.625
2004-06-26,3007.1719
2004-06-27,2932.5625
2004-06-28,2803.8594
2004-06-29,2806.2344
2004-06-30,2938.6875
2004-07-01,3260.5469
2004-07-02,3280.625
2004-07-03,3164.2656
2004-07-04,3104.2812
2004-07-05,3050.2188
2004-07-06,3735.4375
2004-07-07,5308.578
2004-07-08,9968.453
2004-07-09,8085.3906
2004-07-10,7729.125
2004-07-11,8485.422
2004-07-12,7165.1406
2004-07-13,6872.0156
2004-07-14,6285.6562
2004-07-15,5590.4062
2004-07-16,5226.078
2004-07-17,5316.5312
2004-07-18,5590.0
2004-07-19,7322.125
2004-07-20,7018.625
2004-07-21,6302.7656
2004-07-22,6199.828
2004-07-23,5862.5938
2004-07-24,5515.9375
2004-07-25,5441.2812
2004-07-26,5520.7188
2004-07-27,5426.3125
2004-07-28,5315.9062
2004-07-29,5227.4688
2004-07-30,5141.1094
2004-07-31,4955.9688
2004-08-01,4849.1406
2004-08-02,4722.2812
2004-08-03,4587.9062
2004-08-04,4545.9688
2004-08-05,4553.9844
2004-08-06,4576.7812
2004-08-07,4454.953
2004-08-08,4375.453
2004-08-09,4347.6094
2004-08-10,4307.4844
2004-08-11,4177.453
2004-08-12,4022.125
2004-08-13,3903.9531
2004-08-14,3828.7969
2004-08-15,3741.0938
2004-08-16,3738.3594
2004-08-17,3876.6875
2004-08-18,3885.5469
2004-08-19,3739.1562
2004-08-20,3667.8438
2004-08-21,3684.4219
2004-08-22,3666.8125
2004-08-23,3527.1719
2004-08-24,3393.4219
2004-08-25,3317.1875
2004-08-26,3246.1094
2004-08-27,3171.0469
2004-08-28,3378.2344
2004-08-29,4034.7344
2004-08-30,4051.7188
2004-08-31,3854.7188
2004-09-01,3671.3438
2004-09-02,3472.0156
2004-09-03,3338.9375
2004-09-04,3296.375
2004-09-05,3225.2031
2004-09-06,3124.4297
2004-09-07,3028.7188
2004-09-08,2963.0938
2004-09-09,2925.836
2004-09-10,3895.7578
2004-09-11,3840.5625
2004-09-12,3393.0938
2004-09-13,3232.6484
2004-09-14,3325.2656
2004-09-15,3323.1172
2004-09-16,3059.5781
2004-09-17,2891.6797
2004-09-18,2773.1719
2004-09-19,2669.4062
2004-09-20,2598.3828
2004-09-21,2531.9922
2004-09-22,2468.3281
2004-09-23,2405.8438
2004-09-24,2391.7422
2004-09-25,2504.2031
2004-09-26,2602.2188
2004-09-27,2490.9297
2004-09-28,2359.7031
2004-09-29,2367.9922
2004-09-30,2520.8828
2004-10-01,2479.7656
2004-10-02,2374.5781
2004-10-03,2312.4375
2004-10-04,2253.1797
2004-10-05,2188.8984
2004-10-06,2131.4766
2004-10-07,2109.0938
2004-10-08,2484.1328
2004-10-09,2562.1172
2004-10-10,2431.3594
2004-10-11,2377.1406
2004-10-12,2275.6719
2004-10-13,2150.7031
2004-10-14,2051.8281
2004-10-15,1966.9844
2004-10-16,1898.4375
2004-10-17,1832.5312
2004-10-18,1760.2266
2004-10-19,1691.8906
2004-10-20,1629.2578
2004-10-21,1572.6953
2004-10-22,1522.1953
2004-10-23,1479.0391
2004-10-24,1443.3672
2004-10-25,1409.7344
2004-10-26,1370.7266
2004-10-27,1329.9688
2004-10-28,1286.6875
2004-10-29,1246.3203
2004-10-30,1206.8984
2004-10-31,1168.9453
2004-11-01,1131.0859
2004-11-02,1093.8047
2004-11-03,1060.8125
2004-11-04,1031.0
2004-11-05,1000.53125
2004-11-06,967.4922
2004-11-07,934.6953
2004-11-08,904.3281
2004-11-09,879.1406
2004-11-10,858.2344
2004-11-11,840.14844
2004-11-12,822.8828
2004-11-13,812.0547
2004-11-14,813.64844
2004-11-15,808.7578
2004-11-16,797.5156
2004-11-17,785.22656
2004-11-18,767.4844
2004-11-19,754.4844
2004-11-20,747.4922
2004-11-21,742.14844
2004-11-22,727.0781
2004-11-23,706.65625
2004-11-24,688.78125
2004-11-25,674.0156
2004-11-26,659.78125
2004-11-27,645.4844
2004-11-28,630.75
2004-11-29,615.78125
2004-11-30,600.2031
2004-12-01,584.21875
2004-12-02,568.7656
2004-12-03,556.4375
2004-12-04,544.90625
2004-12-05,531.8906
2004-12-06,518.7031
2004-12-07,507.0
2004-12-08,497.875
2004-12-09,489.70312
2004-12-10,483.20312
2004-12-11,478.25
2004-12-12,470.8125
2004-12-13,460.8125
2004-12-14,452.3125
2004-12-15,445.79688
2004-12-16,441.73438
2004-12-17,443.10938
2004-12-18,441.09375
2004-12-19,433.29688
2004-12-20,424.84375
2004-12-21,427.71875
2004-12-22,445.39062
2004-12-23,461.32812
2004-12-24,466.53125
2004-12-25,462.375
2004-12-26,462.5625
2004-12-27,461.34375
2004-12-28,450.375
2004-12-29,437.20312
2004-12-30,425.14062
2004-12-31,415.10938
2005-01-01,406.70312
2005-01-02,407.29688
2005-01-03,418.10938
2005-01-04,429.79688
2005-01-05,427.46875
2005-01-06,413.90625
2005-01-07,406.32812
2005-01-08,407.42188
2005-01-09,412.9375
2005-01-10,420.32812
2005-01-11,437.35938
2005-01-12,448.70312
2005-01-13,444.5625
2005-01-14,434.29688
2005-01-15,428.95312
2005-01-16,430.14062
2005-01-17,439.60938
2005-01-18,473.07812
2005-01-19,488.20312
2005-01-20,478.65625
2005-01-21,468.67188
2005-01-22,458.53125
2005-01-23,456.73438
2005-01-24,478.96875
2005-01-25,499.3125
2005-01-26,502.60938
2005-01-27,498.79688
2005-01-28,496.35938
2005-01-29,488.6875
2005-01-30,479.34375
2005-01-31,469.03125
2005-02-01,468.98438
2005-02-02,490.4375
2005-02-03,505.73438
2005-02-04,500.70312
2005-02-05,493.15625
2005-02-06,496.45312
2005-02-07,500.73438
2005-02-08,503.53125
2005-02-09,507.67188
2005-02-10,501.76562
2005-02-11,485.25
2005-02-12,470.26562
2005-02-13,472.46875
2005-02-14,485.34375
2005-02-15,490.70312
2005-02-16,520.78125
2005-02-17,555.46875
2005-02-18,558.46875
2005-02-19,546.96875
2005-02-20,528.25
2005-02-21,511.15625
2005-02-22,506.3125
2005-02-23,508.96875
2005-02-24,500.6875
2005-02-25,489.46875
2005-02-26,496.84375
2005-02-27,504.8125
2005-02-28,498.46875
2005-03-01,491.0625
2005-03-02,486.34375
2005-03-03,482.03125
2005-03-04,475.4375
2005-03-05,468.15625
2005-03-06,463.875
2005-03-07,460.0625
2005-03-08,453.15625
2005-03-09,446.4375
2005-03-10,441.78125
2005-03-11,440.25
2005-03-12,437.90625
2005-03-13,433.9375
2005-03-14,430.125
2005-03-15,424.84375
2005-03-16,418.5
2005-03-17,413.15625
2005-03-18,411.4375
2005-03-19,432.15625
2005-03-20,470.0
2005-03-21,493.90625
2005-03-22,501.84375
2005-03-23,508.4375
2005-03-24,502.375
2005-03-25,496.625
2005-03-26,494.25
2005-03-27,496.40625
2005-03-28,521.0625
2005-03-29,550.34375
2005-03-30,565.4375
2005-03-31,575.5625
2005-04-01,567.375
2005-04-02,538.25
2005-04-03,511.5625
2005-04-04,493.125
2005-04-05,478.5625
2005-04-06,467.1875
2005-04-07,477.4375
2005-04-08,530.21875
2005-04-09,562.03125
2005-04-10,566.75
2005-04-11,552.46875
2005-04-12,527.09375
2005-04-13,507.65625
2005-04-14,492.0
2005-04-15,479.75
2005-04-16,473.34375
2005-04-17,470.5625
2005-04-18,466.0
2005-04-19,458.5
2005-04-20,449.78125
2005-04-21,441.5625
2005-04-22,433.71875
2005-04-23,426.6875
2005-04-24,428.4375
2005-04-25,436.21875
2005-04-26,466.1875
2005-04-27,521.09375
2005-04-28,539.625
2005-04-29,541.625
2005-04-30,550.84375
2005-05-01,546.03125
2005-05-02,533.40625
2005-05-03,525.875
2005-05-04,521.71875
2005-05-05,523.25
2005-05-06,543.96875
2005-05-07,571.90625
2005-05-08,597.71875
2005-05-09,625.125
2005-05-10,790.0
2005-05-11,862.875
2005-05-12,803.09375
2005-05-13,727.78125
2005-05-14,678.375
2005-05-15,649.34375
2005-05-16,630.65625
2005-05-17,619.90625
2005-05-18,622.84375
2005-05-19,626.0
2005-05-20,636.59375
2005-05-21,643.59375
2005-05-22,635.09375
2005-05-23,654.96875
2005-05-24,738.40625
2005-05-25,813.25
2005-05-26,816.15625
2005-05-27,802.75
2005-05-28,881.15625
2005-05-29,878.9375
2005-05-30,826.9375
2005-05-31,841.34375
2005-06-01,936.4375
2005-06-02,947.90625
2005-06-03,886.3125
2005-06-04,835.21875
2005-06-05,802.3125
2005-06-06,782.53125
2005-06-07,775.15625
2005-06-08,893.2969
2005-06-09,1038.5156
2005-06-10,1082.2188
2005-06-11,1026.8594
2005-06-12,963.0625
2005-06-13,931.8125
2005-06-14,917.78125
2005-06-15,910.9219
2005-06-16,964.5
2005-06-17,1270.4062
2005-06-18,1790.75
2005-06-19,1898.5625
2005-06-20,1660.5156
2005-06-21,1488.3594
2005-06-22,1475.9844
2005-06-23,4542.4062
2005-06-24,5763.6094
2005-06-25,3746.8438
2005-06-26,2764.7344
2005-06-27,2449.6562
2005-06-28,2291.8281
2005-06-29,2255.7031
2005-06-30,2269.2969
2005-07-01,2405.75
2005-07-02,2490.3906
2005-07-03,2449.375
2005-07-04,2436.0469
2005-07-05,2522.3906
2005-07-06,2702.9219
2005-07-07,2693.0312
2005-07-08,2573.9531
2005-07-09,2661.875
2005-07-10,3360.2969
2005-07-11,3909.0469
2005-07-12,3920.6562
2005-07-13,5090.1875
2005-07-14,4592.2812
2005-07-15,4463.1406
2005-07-16,4408.5312
2005-07-17,5508.922
2005-07-18,5145.3125
2005-07-19,4399.8125
2005-07-20,4094.625
2005-07-21,5424.3125
2005-07-22,5455.547
2005-07-23,4789.0625
2005-07-24,4364.7188
2005-07-25,4095.0938
2005-07-26,3965.4531
2005-07-27,3907.8438
2005-07-28,3823.6562
2005-07-29,3766.5
2005-07-30,3706.125
2005-07-31,3634.2812
2005-08-01,3555.6406
2005-08-02,3524.2188
2005-08-03,3546.1562
2005-08-04,3658.4062
2005-08-05,3733.6094
2005-08-06,3668.625
2005-08-07,3854.75
2005-08-08,6703.6562
2005-08-09,5695.6562
2005-08-10,4520.8125
2005-08-11,4077.1094
2005-08-12,4644.8594
2005-08-13,5010.047
2005-08-14,4587.0547
2005-08-15,4239.6406
2005-08-16,4065.2031
2005-08-17,3948.1484
2005-08-18,4031.2344
2005-08-19,4290.047
2005-08-20,4277.508
2005-08-21,4198.1016
2005-08-22,4451.3906
2005-08-23,4359.414
2005-08-24,4605.7266
2005-08-25,5713.461
2005-08-26,6103.1797
2005-08-27,5337.797
2005-08-28,4700.414
2005-08-29,4328.883
2005-08-30,4069.336
2005-08-31,3866.289
2005-09-01,3703.8906
2005-09-02,3574.5312
2005-09-03,3475.2969
2005-09-04,3372.3984
2005-09-05,3271.4219
2005-09-06,3305.5625
2005-09-07,3328.7266
2005-09-08,3253.8828
2005-09-09,3129.539
2005-09-10,3032.0703
2005-09-11,2938.289
2005-09-12,2850.6094
2005-09-13,2764.539
2005-09-14,2676.9062
2005-09-15,2587.5781
2005-09-16,2506.4453
2005-09-17,2421.3203
2005-09-18,2331.0234
2005-09-19,2256.1875
2005-09-20,2196.2656
2005-09-21,2132.289
2005-09-22,2094.6719
2005-09-23,2078.5938
2005-09-24,2050.0312
2005-09-25,2024.9609
2005-09-26,2013.9375
2005-09-27,1979.1328
2005-09-28,1932.7891
2005-09-29,1883.25
2005-09-30,1821.6016
2005-10-01,1756.1406
2005-10-02,1696.3672
2005-10-03,1737.9062
2005-10-04,2133.6562
2005-10-05,2108.1719
2005-10-06,1929.6328
2005-10-07,1818.8906
2005-10-08,1747.8281
2005-10-09,1693.6797
2005-10-10,1640.6484
2005-10-11,1584.4297
2005-10-12,1525.75
2005-10-13,1469.1328
2005-10-14,1414.1406
2005-10-15,1361.0234
2005-10-16,1309.8359
2005-10-17,1259.4141
2005-10-18,1210.6016
2005-10-19,1165.9219
2005-10-20,1128.4844
2005-10-21,1220.3125
2005-10-22,1267.0781
2005-10-23,1249.0859
2005-10-24,1208.5625
2005-10-25,1171.3906
2005-10-26,1131.625
2005-10-27,1105.9297
2005-10-28,1090.4453
2005-10-29,1060.3828
2005-10-30,1023.8672
2005-10-31,991.09375
2005-11-01,963.03906
2005-11-02,935.6953
2005-11-03,905.4375
2005-11-04,873.7031
2005-11-05,840.91406
2005-11-06,809.4219
2005-11-07,778.9531
2005-11-08,749.27344
2005-11-09,721.2969
2005-11-10,694.8594
2005-11-11,669.8047
2005-11-12,645.4375
2005-11-13,623.5156
2005-11-14,606.52344
2005-11-15,595.7656
2005-11-16,591.8047
2005-11-17,586.8047
2005-11-18,585.3125
2005-11-19,588.34375
2005-11-20,586.72656
2005-11-21,580.8594
2005-11-22,572.39844
2005-11-23,563.58594
2005-11-24,568.65625
2005-11-25,577.5781
2005-11-26,578.58594
2005-11-27,573.9922
2005-11-28,566.39844
2005-11-29,560.4531
2005-11-30,554.6406
2005-12-01,551.39844
2005-12-02,547.6172
2005-12-03,537.5625
2005-12-04,530.02344
2005-12-05,531.9297
2005-12-06,525.5781
2005-12-07,508.0625
2005-12-08,491.54688
2005-12-09,478.125
2005-12-10,466.40625
2005-12-11,456.51562
2005-12-12,451.5625
2005-12-13,448.9375
2005-12-14,443.15625
2005-12-15,436.15625
2005-12-16,430.3125
2005-12-17,423.07812
2005-12-18,415.54688
2005-12-19,408.89062
2005-12-20,402.15625
2005-12-21,394.84375
2005-12-22,387.64062
2005-12-23,380.57812
2005-12-24,373.96875
2005-12-25,369.39062
2005-12-26,365.35938
2005-12-27,360.07812
2005-12-28,353.9375
2005-12-29,348.29688
2005-12-30,344.51562
2005-12-31,341.3125
2006-01-01,337.26562
2006-01-02,333.625
2006-01-03,330.46875
2006-01-04,327.0625
2006-01-05,323.28125
2006-01-06,320.90625
2006-01-07,322.8125
2006-01-08,327.90625
2006-01-09,330.70312
2006-01-10,328.79688
2006-01-11,325.25
2006-01-12,322.71875
2006-01-13,331.73438
2006-01-14,353.8125
2006-01-15,361.375
2006-01-16,353.875
2006-01-17,356.10938
2006-01-18,370.9375
2006-01-19,375.75
2006-01-20,373.60938
2006-01-21,374.79688
2006-01-22,379.20312
2006-01-23,380.54688
2006-01-24,375.28125
2006-01-25,368.25
2006-01-26,359.53125
2006-01-27,350.96875
2006-01-28,343.875
2006-01-29,337.6875
2006-01-30,331.59375
2006-01-31,325.96875
2006-02-01,320.5
2006-02-02,315.3125
2006-02-03,311.0625
2006-02-04,317.5
2006-02-05,327.8125
2006-02-06,327.90625
2006-02-07,323.125
2006-02-08,315.46875
2006-02-09,309.46875
2006-02-10,306.8125
2006-02-11,306.4375
2006-02-12,305.28125
2006-02-13,301.8125
2006-02-14,297.875
2006-02-15,303.5
2006-02-16,336.375
2006-02-17,368.0
2006-02-18,369.28125
2006-02-19,360.25
2006-02-20,354.375
2006-02-21,362.625
2006-02-22,376.96875
2006-02-23,391.15625
2006-02-24,416.90625
2006-02-25,441.53125
2006-02-26,483.15625
2006-02-27,529.8125
2006-02-28,546.75
2006-03-01,526.65625
2006-03-02,498.40625
2006-03-03,482.15625
2006-03-04,469.40625
2006-03-05,462.78125
2006-03-06,464.375
2006-03-07,460.59375
2006-03-08,448.9375
2006-03-09,435.625
2006-03-10,422.84375
2006-03-11,431.71875
2006-03-12,449.65625
2006-03-13,462.5
2006-03-14,467.71875
2006-03-15,470.1875
2006-03-16,481.1875
2006-03-17,506.53125
2006-03-18,527.21875
2006-03-19,515.28125
2006-03-20,493.6875
2006-03-21,479.5625
2006-03-22,479.46875
2006-03-23,486.3125
2006-03-24,487.65625
2006-03-25,482.6875
2006-03-26,484.8125
2006-03-27,481.25
2006-03-28,464.9375
2006-03-29,447.875
2006-03-30,432.53125
2006-03-31,419.90625
2006-04-01,408.0625
2006-04-02,397.4375
2006-04-03,391.375
2006-04-04,391.40625
2006-04-05,407.03125
2006-04-06,430.5625
2006-04-07,437.1875
2006-04-08,444.9375
2006-04-09,452.78125
2006-04-10,462.625
2006-04-11,516.59375
2006-04-12,538.46875
2006-04-13,506.875
2006-04-14,479.5
2006-04-15,460.15625
2006-04-16,443.96875
2006-04-17,429.8125
2006-04-18,417.4375
2006-04-19,416.8125
2006-04-20,435.125
2006-04-21,457.0
2006-04-22,464.5
2006-04-23,461.46875
2006-04-24,463.9375
2006-04-25,474.0625
2006-04-26,483.625
2006-04-27,492.09375
2006-04-28,498.375
2006-04-29,496.53125
2006-04-30,489.96875
2006-05-01,479.75
2006-05-02,477.9375
2006-05-03,515.96875
2006-05-04,583.28125
2006-05-05,592.96875
2006-05-06,555.1875
2006-05-07,522.28125
2006-05-08,503.15625
2006-05-09,495.0625
2006-05-10,501.03125
2006-05-11,548.84375
2006-05-12,682.09375
2006-05-13,747.5
2006-05-14,746.59375
2006-05-15,714.5
2006-05-16,691.5625
2006-05-17,668.9375
2006-05-18,654.40625
2006-05-19,687.28125
2006-05-20,734.40625
2006-05-21,742.5625
2006-05-22,735.6875
2006-05-23,724.84375
2006-05-24,712.59375
2006-05-25,711.03125
2006-05-26,724.40625
2006-05-27,754.96875
2006-05-28,810.71875
2006-05-29,1012.4375
2006-05-30,1101.3438
2006-05-31,1128.5
2006-06-01,1284.3125
2006-06-02,1461.0312
2006-06-03,1416.3125
2006-06-04,1402.4062
2006-06-05,1418.3125
2006-06-06,1379.1875
2006-06-07,1365.1562
2006-06-08,1404.4688
2006-06-09,1474.1875
2006-06-10,1751.6875
2006-06-11,4413.0625
2006-06-12,4020.8438
2006-06-13,3002.7812
2006-06-14,2599.9062
2006-06-15,2412.0312
2006-06-16,2277.1875
2006-06-17,2133.0938
2006-06-18,2058.875
2006-06-19,2135.9062
2006-06-20,2102.5625
2006-06-21,1973.3438
2006-06-22,1878.1875
2006-06-23,1848.7812
2006-06-24,1874.2812
2006-06-25,2108.4688
2006-06-26,2687.0
2006-06-27,4792.8906
2006-06-28,5966.8594
2006-06-29,5324.6562
2006-06-30,4045.0156
2006-07-01,3366.6875
2006-07-02,3147.7812
2006-07-03,3080.6875
2006-07-04,3047.6875
2006-07-05,3194.2344
2006-07-06,3443.25
2006-07-07,3942.25
2006-07-08,5631.3906
2006-07-09,6838.8594
2006-07-10,5600.8906
2006-07-11,4520.5156
2006-07-12,4128.422
2006-07-13,4023.9375
2006-07-14,4233.328
2006-07-15,4334.0625
2006-07-16,4344.922
2006-07-17,4328.8906
2006-07-18,4247.875
2006-07-19,4178.9375
2006-07-20,4222.7188
2006-07-21,4401.2188
2006-07-22,4240.6094
2006-07-23,4069.4844
2006-07-24,3936.0781
2006-07-25,3795.3438
2006-07-26,4246.75
2006-07-27,4462.8906
2006-07-28,4070.3125
2006-07-29,3817.6562
2006-07-30,3639.3438
2006-07-31,3534.8594
2006-08-01,3437.3125
2006-08-02,3384.75
2006-08-03,3369.7031
2006-08-04,3332.4688
2006-08-05,3279.4062
2006-08-06,3226.5312
2006-08-07,3148.7969
2006-08-08,3119.0625
2006-08-09,3079.3906
2006-08-10,2998.7969
2006-08-11,2906.4062
2006-08-12,2826.3906
2006-08-13,2743.6719
2006-08-14,2677.5781
2006-08-15,2627.7031
2006-08-16,2597.6719
2006-08-17,2551.5781
2006-08-18,2488.125
2006-08-19,2420.7031
2006-08-20,2378.9531
2006-08-21,2394.086
2006-08-22,2350.0156
2006-08-23,2344.5469
2006-08-24,2333.875
2006-08-25,2400.7344
2006-08-26,2636.7266
2006-08-27,3630.5703
2006-08-28,3213.6719
2006-08-29,2857.4453
2006-08-30,2791.1797
2006-08-31,2800.875
2006-09-01,2791.5938
2006-09-02,2697.7656
2006-09-03,2567.8047
2006-09-04,2458.2969
2006-09-05,2380.7344
2006-09-06,2319.3438
2006-09-07,2251.8828
2006-09-08,2195.4062
2006-09-09,3237.2344
2006-09-10,4115.625
2006-09-11,3924.1953
2006-09-12,4381.3203
2006-09-13,4156.1562
2006-09-14,3535.625
2006-09-15,3207.9062
2006-09-16,3165.586
2006-09-17,3098.6016
2006-09-18,2943.5312
2006-09-19,2796.1562
2006-09-20,2686.0078
2006-09-21,2600.3047
2006-09-22,2524.7266
2006-09-23,2885.9531
2006-09-24,3454.3125
2006-09-25,3784.4453
2006-09-26,3919.1797
2006-09-27,3498.5
2006-09-28,3134.461
2006-09-29,2905.8984
2006-09-30,2749.336
2006-10-01,2627.039
2006-10-02,2533.4844
2006-10-03,2464.7344
2006-10-04,2448.1953
2006-10-05,2513.8594
2006-10-06,2427.8906
2006-10-07,2286.6484
2006-10-08,2182.039
2006-10-09,2104.5078
2006-10-10,2044.9766
2006-10-11,1977.2344
2006-10-12,1906.625
2006-10-13,1851.7422
2006-10-14,1815.7188
2006-10-15,1785.0625
2006-10-16,1742.125
2006-10-17,1686.9688
2006-10-18,1630.1875
2006-10-19,1572.7031
2006-10-20,1516.0859
2006-10-21,1462.6719
2006-10-22,1410.6641
2006-10-23,1376.2734
2006-10-24,1346.2031
2006-10-25,1305.4219
2006-10-26,1258.8594
2006-10-27,1212.4688
2006-10-28,1169.5781
2006-10-29,1126.9297
2006-10-30,1084.0
2006-10-31,1042.4219
2006-11-01,1002.3203
2006-11-02,964.5703
2006-11-03,928.40625
2006-11-04,895.6328
2006-11-05,867.21875
2006-11-06,839.47656
2006-11-07,811.39844
2006-11-08,787.10156
2006-11-09,765.3281
2006-11-10,740.8203
2006-11-11,716.0547
2006-11-12,698.7656
2006-11-13,688.89844
2006-11-14,670.9297
2006-11-15,651.2969
2006-11-16,635.10156
2006-11-17,623.7969
2006-11-18,614.5078
2006-11-19,618.35156
2006-11-20,674.60156
2006-11-21,702.2656
2006-11-22,690.6797
2006-11-23,700.8828
2006-11-24,743.5156
2006-11-25,766.64844
2006-11-26,750.7344
2006-11-27,712.5469
2006-11-28,679.1094
2006-11-29,654.2031
2006-11-30,633.5469
2006-12-01,620.2656
2006-12-02,613.1406
2006-12-03,601.6094
2006-12-04,584.0469
2006-12-05,566.25
2006-12-06,553.4375
2006-12-07,546.9219
2006-12-08,547.65625
2006-12-09,566.0469
2006-12-10,577.6875
2006-12-11,576.7969
2006-12-12,577.2031
2006-12-13,581.375
2006-12-14,577.8281
2006-12-15,559.03125
2006-12-16,539.03125
2006-12-17,520.375
2006-12-18,503.73438
2006-12-19,493.39062
2006-12-20,486.5625
2006-12-21,477.20312
2006-12-22,465.79688
2006-12-23,457.70312
2006-12-24,454.59375
2006-12-25,451.76562
2006-12-26,449.76562
2006-12-27,458.25
2006-12-28,472.59375
2006-12-29,471.92188
2006-12-30,461.04688
2006-12-31,450.75
2007-01-01,442.28125
2007-01-02,435.85938
2007-01-03,431.8125
2007-01-04,427.6875
2007-01-05,420.5
2007-01-06,413.51562
2007-01-07,414.01562
2007-01-08,414.42188
2007-01-09,407.79688
2007-01-10,400.875
2007-01-11,399.90625
2007-01-12,403.73438
2007-01-13,408.32812
2007-01-14,414.5625
2007-01-15,419.73438
2007-01-16,421.85938
2007-01-17,422.10938
2007-01-18,416.59375
2007-01-19,407.57812
2007-01-20,400.89062
2007-01-21,399.15625
2007-01-22,407.96875
2007-01-23,418.23438
2007-01-24,415.42188
2007-01-25,404.82812
2007-01-26,396.45312
2007-01-27,395.1875
2007-01-28,396.0
2007-01-29,391.60938
2007-01-30,387.3125
2007-01-31,385.07812
2007-02-01,381.96875
2007-02-02,381.70312
2007-02-03,381.82812
2007-02-04,376.79688
2007-02-05,379.15625
2007-02-06,396.14062
2007-02-07,446.01562
2007-02-08,487.34375
2007-02-09,506.15625
2007-02-10,507.26562
2007-02-11,491.92188
2007-02-12,483.90625
2007-02-13,510.51562
2007-02-14,543.59375
2007-02-15,572.09375
2007-02-16,609.1406
2007-02-17,631.375
2007-02-18,638.9844
2007-02-19,635.375
2007-02-20,629.65625
2007-02-21,615.09375
2007-02-22,594.4375
2007-02-23,577.15625
2007-02-24,567.25
2007-02-25,585.3125
2007-02-26,610.71875
2007-02-27,637.71875
2007-02-28,648.3125
2007-03-01,645.3594
2007-03-02,662.0469
2007-03-03,671.7344
2007-03-04,660.875
2007-03-05,654.3906
2007-03-06,668.7969
2007-03-07,690.40625
2007-03-08,682.59375
2007-03-09,666.0
2007-03-10,658.8281
2007-03-11,653.84375
2007-03-12,643.78125
2007-03-13,629.0781
2007-03-14,611.2031
2007-03-15,620.4844
2007-03-16,637.7969
2007-03-17,625.0625
2007-03-18,598.28125
2007-03-19,574.8125
2007-03-20,553.90625
2007-03-21,537.84375
2007-03-22,538.28125
2007-03-23,546.40625
2007-03-24,552.03125
2007-03-25,552.96875
2007-03-26,578.75
2007-03-27,581.65625
2007-03-28,554.96875
2007-03-29,534.34375
2007-03-30,518.4375
2007-03-31,506.1875
2007-04-01,496.375
2007-04-02,491.03125
2007-04-03,486.65625
2007-04-04,482.8125
2007-04-05,479.59375
2007-04-06,479.65625
2007-04-07,478.3125
2007-04-08,476.3125
2007-04-09,477.75
2007-04-10,481.5625
2007-04-11,491.75
2007-04-12,499.5625
2007-04-13,504.71875
2007-04-14,566.875
2007-04-15,569.9375
2007-04-16,541.6875
2007-04-17,520.65625
2007-04-18,509.84375
2007-04-19,507.15625
2007-04-20,508.5625
2007-04-21,525.1875
2007-04-22,553.59375
2007-04-23,589.15625
2007-04-24,622.3125
2007-04-25,690.4375
2007-04-26,738.53125
2007-04-27,719.96875
2007-04-28,683.8125
2007-04-29,656.0
2007-04-30,633.78125
2007-05-01,614.71875
2007-05-02,598.0
2007-05-03,583.84375
2007-05-04,571.84375
2007-05-05,568.25
2007-05-06,569.0
2007-05-07,570.15625
2007-05-08,568.8125
2007-05-09,568.9375
2007-05-10,575.0
2007-05-11,575.0625
2007-05-12,618.40625
2007-05-13,672.09375
2007-05-14,682.21875
2007-05-15,667.46875
2007-05-16,713.3125
2007-05-17,885.0625
2007-05-18,883.9375
2007-05-19,852.5625
2007-05-20,841.03125
2007-05-21,863.0
2007-05-22,905.3125
2007-05-23,1039.75
2007-05-24,1078.5625
2007-05-25,1045.5938
2007-05-26,1023.40625
2007-05-27,989.375
2007-05-28,966.4375
2007-05-29,938.4375
2007-05-30,896.46875
2007-05-31,891.15625
2007-06-01,884.625
2007-06-02,883.5
2007-06-03,858.21875
2007-06-04,823.34375
2007-06-05,816.09375
2007-06-06,837.28125
2007-06-07,906.1875
2007-06-08,995.71875
2007-06-09,1046.0
2007-06-10,1192.6562
2007-06-11,1308.625
2007-06-12,1265.3125
2007-06-13,1219.375
2007-06-14,1220.4062
2007-06-15,1285.0156
2007-06-16,1769.0938
2007-06-17,2321.375
2007-06-18,2373.6719
2007-06-19,2572.5156
2007-06-20,2383.0312
2007-06-21,2138.5
2007-06-22,1960.5
2007-06-23,1849.5781
2007-06-24,1815.5156
2007-06-25,1860.4062
2007-06-26,2018.1875
2007-06-27,2173.0312
2007-06-28,2297.4688
2007-06-29,2389.6562
2007-06-30,2479.4688
2007-07-01,2472.125
2007-07-02,2671.9688
2007-07-03,3314.8906
2007-07-04,3233.6875
2007-07-05,2835.0312
2007-07-06,2690.5781
2007-07-07,2723.4062
2007-07-08,2936.7812
2007-07-09,2999.75
2007-07-10,2889.25
2007-07-11,3354.9531
2007-07-12,4210.125
2007-07-13,4144.4688
2007-07-14,3843.3594
2007-07-15,3646.6562
2007-07-16,3751.9062
2007-07-17,4167.6875
2007-07-18,4051.5781
2007-07-19,3835.0781
2007-07-20,4490.453
2007-07-21,5877.7656
2007-07-22,6373.2344
2007-07-23,5992.4844
2007-07-24,6649.5
2007-07-25,7221.4688
2007-07-26,8289.531
2007-07-27,8719.641
2007-07-28,8035.1094
2007-07-29,7747.453
2007-07-30,8149.375
2007-07-31,7879.3125
2007-08-01,7273.297
2007-08-02,6700.0312
2007-08-03,6338.0625
2007-08-04,6014.0312
2007-08-05,5746.8906
2007-08-06,5562.7812
2007-08-07,5472.9844
2007-08-08,5389.328
2007-08-09,5298.8438
2007-08-10,5172.047
2007-08-11,5008.2188
2007-08-12,5642.9844
2007-08-13,5861.203
2007-08-14,5982.7344
2007-08-15,7128.8438
2007-08-16,6561.7188
2007-08-17,8467.109
2007-08-18,7946.0312
2007-08-19,6703.578
2007-08-20,6022.2656
2007-08-21,5621.211
2007-08-22,5320.742
2007-08-23,5074.242
2007-08-24,5014.6562
2007-08-25,5119.1797
2007-08-26,4944.6094
2007-08-27,4693.047
2007-08-28,4565.6953
2007-08-29,4466.508
2007-08-30,4435.164
2007-08-31,4581.7656
2007-09-01,4752.0
2007-09-02,4968.5234
2007-09-03,5097.039
2007-09-04,5245.039
2007-09-05,5336.4453
2007-09-06,6506.3438
2007-09-07,6452.8047
2007-09-08,5966.1094
2007-09-09,5655.297
2007-09-10,5760.2812
2007-09-11,5520.3906
2007-09-12,5046.6562
2007-09-13,4740.0938
2007-09-14,4536.6406
2007-09-15,4375.8125
2007-09-16,4248.1953
2007-09-17,4124.1484
2007-09-18,4009.5781
2007-09-19,3906.664
2007-09-20,3800.5
2007-09-21,3679.7188
2007-09-22,3556.8984
2007-09-23,3431.3906
2007-09-24,3302.7344
2007-09-25,3181.4219
2007-09-26,3425.6172
2007-09-27,3512.1875
2007-09-28,3337.8594
2007-09-29,3193.7266
2007-09-30,3124.4922
2007-10-01,3057.125
2007-10-02,2969.3516
2007-10-03,2870.0938
2007-10-04,2766.8516
2007-10-05,2664.1875
2007-10-06,2569.0781
2007-10-07,2481.2734
2007-10-08,2396.8906
2007-10-09,2474.5781
2007-10-10,2685.9453
2007-10-11,2988.9766
2007-10-12,2853.539
2007-10-13,2617.039
2007-10-14,2436.6484
2007-10-15,2307.711
2007-10-16,2201.6484
2007-10-17,2122.5234
2007-10-18,2068.5781
2007-10-19,2007.3984
2007-10-20,1937.8359
2007-10-21,1867.125
2007-10-22,1807.1641
2007-10-23,1780.5859
2007-10-24,1755.3047
2007-10-25,1719.0391
2007-10-26,1670.0
2007-10-27,1613.625
2007-10-28,1557.5469
2007-10-29,1505.9766
2007-10-30,1463.5234
2007-10-31,1432.8047
2007-11-01,1404.7266
2007-11-02,1390.2188
2007-11-03,1375.4531
2007-11-04,1347.9297
2007-11-05,1309.7891
2007-11-06,1265.5625
2007-11-07,1228.3359
2007-11-08,1200.1016
2007-11-09,1169.5703
2007-11-10,1143.3828
2007-11-11,1117.9531
2007-11-12,1084.1719
2007-11-13,1047.2734
2007-11-14,1012.6094
2007-11-15,978.4531
2007-11-16,944.2344
2007-11-17,909.5781
2007-11-18,876.8906
2007-11-19,847.14844
2007-11-20,818.3203
2007-11-21,791.6328
2007-11-22,768.8828
2007-11-23,746.3203
2007-11-24,721.84375
2007-11-25,696.8125
2007-11-26,673.4375
2007-11-27,651.34375
2007-11-28,629.9219
2007-11-29,609.5469
2007-11-30,590.9531
2007-12-01,574.0625
2007-12-02,561.09375
2007-12-03,554.53125
2007-12-04,552.0
2007-12-05,552.8125
2007-12-06,546.59375
2007-12-07,531.7344
2007-12-08,518.2344
2007-12-09,508.17188
2007-12-10,500.10938
2007-12-11,490.9375
2007-12-12,490.125
2007-12-13,494.59375
2007-12-14,493.79688
2007-12-15,493.34375
2007-12-16,487.8125
2007-12-17,473.51562
2007-12-18,459.29688
2007-12-19,447.10938
2007-12-20,439.71875
2007-12-21,441.78125
2007-12-22,444.20312
2007-12-23,437.21875
2007-12-24,426.0625
2007-12-25,416.1875
2007-12-26,408.53125
2007-12-27,402.42188
2007-12-28,398.10938
2007-12-29,394.625
2007-12-30,393.57812
2007-12-31,396.40625
2008-01-01,401.20312
2008-01-02,402.9375
2008-01-03,397.4375
2008-01-04,392.67188
2008-01-05,390.25
2008-01-06,384.40625
2008-01-07,378.70312
2008-01-08,374.75
2008-01-09,370.04688
2008-01-10,364.73438
2008-01-11,365.82812
2008-01-12,383.21875
2008-01-13,394.07812
2008-01-14,390.21875
2008-01-15,387.1875
2008-01-16,384.34375
2008-01-17,379.1875
2008-01-18,373.5
2008-01-19,397.21875
2008-01-20,428.84375
2008-01-21,427.0
2008-01-22,414.9375
2008-01-23,404.90625
2008-01-24,397.875
2008-01-25,393.96875
2008-01-26,389.5
2008-01-27,383.21875
2008-01-28,377.15625
2008-01-29,378.375
2008-01-30,387.53125
2008-01-31,396.9375
2008-02-01,402.1875
2008-02-02,401.78125
2008-02-03,393.0
2008-02-04,385.53125
2008-02-05,385.8125
2008-02-06,387.71875
2008-02-07,389.46875
2008-02-08,401.5625
2008-02-09,420.46875
2008-02-10,421.84375
2008-02-11,408.65625
2008-02-12,399.28125
2008-02-13,403.28125
2008-02-14,407.9375
2008-02-15,402.96875
2008-02-16,399.4375
2008-02-17,397.28125
2008-02-18,394.46875
2008-02-19,401.71875
2008-02-20,412.78125
2008-02-21,417.1875
2008-02-22,413.15625
2008-02-23,403.96875
2008-02-24,407.3125
2008-02-25,441.84375
2008-02-26,484.625
2008-02-27,485.65625
2008-02-28,459.34375
2008-02-29,437.84375
2008-03-01,423.1875
2008-03-02,413.0625
2008-03-03,408.21875
2008-03-04,440.25
2008-03-05,471.8125
2008-03-06,478.84375
2008-03-07,476.71875
2008-03-08,475.46875
2008-03-09,478.90625
2008-03-10,486.875
2008-03-11,493.875
2008-03-12,501.4375
2008-03-13,516.0
2008-03-14,527.0625
2008-03-15,523.75
2008-03-16,510.65625
2008-03-17,502.71875
2008-03-18,519.03125
2008-03-19,559.4375
2008-03-20,568.375
2008-03-21,549.8125
2008-03-22,530.03125
2008-03-23,519.09375
2008-03-24,529.15625
2008-03-25,550.84375
2008-03-26,554.90625
2008-03-27,554.9375
2008-03-28,544.8125
2008-03-29,526.96875
2008-03-30,513.25
2008-03-31,499.96875
2008-04-01,488.15625
2008-04-02,489.5625
2008-04-03,503.96875
2008-04-04,512.75
2008-04-05,515.71875
2008-04-06,514.125
2008-04-07,509.03125
2008-04-08,509.5625
2008-04-09,506.375
2008-04-10,495.71875
2008-04-11,484.375
2008-04-12,478.125
2008-04-13,500.03125
2008-04-14,542.625
2008-04-15,553.15625
2008-04-16,551.46875
2008-04-17,564.78125
2008-04-18,573.375
2008-04-19,559.875
2008-04-20,537.46875
2008-04-21,520.375
2008-04-22,510.34375
2008-04-23,502.0625
2008-04-24,496.8125
2008-04-25,495.5625
2008-04-26,499.65625
2008-04-27,515.375
2008-04-28,536.5
2008-04-29,531.21875
2008-04-30,518.46875
2008-05-01,536.5625
2008-05-02,586.40625
2008-05-03,592.21875
2008-05-04,564.90625
2008-05-05,559.625
2008-05-06,567.625
2008-05-07,629.4375
2008-05-08,674.6875
2008-05-09,685.71875
2008-05-10,654.28125
2008-05-11,666.78125
2008-05-12,696.3125
2008-05-13,701.8125
2008-05-14,689.125
2008-05-15,675.125
2008-05-16,676.3125
2008-05-17,693.4375
2008-05-18,716.1875
2008-05-19,801.5
2008-05-20,877.25
2008-05-21,857.21875
2008-05-22,826.90625
2008-05-23,821.25
2008-05-24,825.84375
2008-05-25,828.65625
2008-05-26,827.65625
2008-05-27,830.65625
2008-05-28,848.96875
2008-05-29,958.8125
2008-05-30,1157.4688
2008-05-31,1211.0625
2008-06-01,1125.1875
2008-06-02,1049.7188
2008-06-03,1059.7812
2008-06-04,1194.3438
2008-06-05,1353.25
2008-06-06,1357.4062
2008-06-07,1323.5938
2008-06-08,1299.6875
2008-06-09,1287.125
2008-06-10,1298.5
2008-06-11,1355.4062
2008-06-12,1430.3125
2008-06-13,1560.4688
2008-06-14,2944.2188
2008-06-15,4512.8125
2008-06-16,3624.0312
2008-06-17,2792.25
2008-06-18,2625.7812
2008-06-19,2796.375
2008-06-20,3059.7188
2008-06-21,3233.125
2008-06-22,3030.25
2008-06-23,2813.9688
2008-06-24,2741.6875
2008-06-25,2753.4688
2008-06-26,2892.9688
2008-06-27,3175.5
2008-06-28,3375.2812
2008-06-29,3231.3438
2008-06-30,3115.1562
2008-07-01,3152.0938
2008-07-02,6501.5625
2008-07-03,6104.625
2008-07-04,4898.1875
2008-07-05,4578.8438
2008-07-06,5172.703
2008-07-07,4914.2812
2008-07-08,4323.1875
2008-07-09,3977.3906
2008-07-10,3821.0312
2008-07-11,3769.9062
2008-07-12,3954.625
2008-07-13,4595.422
2008-07-14,5546.125
2008-07-15,5936.547
2008-07-16,7357.5625
2008-07-17,7366.672
2008-07-18,6404.0
2008-07-19,5697.2812
2008-07-20,5746.8594
2008-07-21,6163.828
2008-07-22,6310.078
2008-07-23,7301.75
2008-07-24,7482.4844
2008-07-25,6513.9375
2008-07-26,5990.7188
2008-07-27,6316.828
2008-07-28,6196.8438
2008-07-29,5940.8594
2008-07-30,5735.125
2008-07-31,5625.078
2008-08-01,5419.547
2008-08-02,5283.7188
2008-08-03,5263.203
2008-08-04,5288.203
2008-08-05,5244.6875
2008-08-06,5026.1094
2008-08-07,5044.125
2008-08-08,5211.453
2008-08-09,5082.547
2008-08-10,4848.9375
2008-08-11,4799.922
2008-08-12,5092.1094
2008-08-13,5569.7656
2008-08-14,5683.4688
2008-08-15,5522.8125
2008-08-16,6016.5625
2008-08-17,5933.8906
2008-08-18,5447.125
2008-08-19,5285.953
2008-08-20,6188.4688
2008-08-21,5779.297
2008-08-22,5241.6406
2008-08-23,4925.797
2008-08-24,4704.172
2008-08-25,4545.453
2008-08-26,4814.5
2008-08-27,5350.2188
2008-08-28,5765.758
2008-08-29,5860.4844
2008-08-30,5815.461
2008-08-31,5401.0
2008-09-01,5034.328
2008-09-02,4733.703
2008-09-03,4521.797
2008-09-04,4418.9844
2008-09-05,4382.047
2008-09-06,4202.1797
2008-09-07,4013.2969
2008-09-08,3849.414
2008-09-09,3708.0469
2008-09-10,3576.2578
2008-09-11,3457.5703
2008-09-12,3359.7812
2008-09-13,3267.211
2008-09-14,3184.0156
2008-09-15,3121.7422
2008-09-16,3046.7969
2008-09-17,2960.1719
2008-09-18,2881.7578
2008-09-19,2831.0547
2008-09-20,2796.6797
2008-09-21,2746.6797
2008-09-22,2664.7812
2008-09-23,2596.6797
2008-09-24,2548.8594
2008-09-25,2499.414
2008-09-26,2453.3516
2008-09-27,2405.3906
2008-09-28,2341.0938
2008-09-29,2531.8125
2008-09-30,2863.9844
2008-10-01,2747.2031
2008-10-02,2533.9688
2008-10-03,2373.8047
2008-10-04,2263.789
2008-10-05,2180.7734
2008-10-06,2122.0234
2008-10-07,2116.4766
2008-10-08,2096.4688
2008-10-09,2047.5234
2008-10-10,2016.1094
2008-10-11,1974.6484
2008-10-12,1907.8438
2008-10-13,1837.8359
2008-10-14,1769.1406
2008-10-15,1708.1641
2008-10-16,1648.3359
2008-10-17,1587.4766
2008-10-18,1527.5469
2008-10-19,1471.0
2008-10-20,1418.1953
2008-10-21,1369.3984
2008-10-22,1320.7734
2008-10-23,1274.0156
2008-10-24,1232.2656
2008-10-25,1190.8828
2008-10-26,1148.3281
2008-10-27,1107.1406
2008-10-28,1078.0234
2008-10-29,1051.3047
2008-10-30,1023.03906
2008-10-31,995.1953
2008-11-01,966.4453
2008-11-02,936.3281
2008-11-03,905.22656
2008-11-04,873.8828
2008-11-05,845.83594
2008-11-06,828.4219
2008-11-07,812.77344
2008-11-08,789.1797
2008-11-09,761.08594
2008-11-10,733.22656
2008-11-11,706.65625
2008-11-12,681.1953
2008-11-13,658.9219
2008-11-14,642.3281
2008-11-15,628.3594
2008-11-16,615.9219
2008-11-17,605.3828
2008-11-18,595.03906
2008-11-19,585.90625
2008-11-20,577.6406
2008-11-21,584.35156
2008-11-22,614.58594
2008-11-23,615.0781
2008-11-24,586.1797
2008-11-25,566.7422
2008-11-26,557.7031
2008-11-27,548.53906
2008-11-28,536.03125
2008-11-29,521.7031
2008-11-30,506.78125
2008-12-01,492.78125
2008-12-02,480.25
2008-12-03,468.42188
2008-12-04,458.0625
2008-12-05,451.78125
2008-12-06,447.42188
2008-12-07,442.95312
2008-12-08,439.90625
2008-12-09,435.375
2008-12-10,429.21875
2008-12-11,426.65625
2008-12-12,441.9375
2008-12-13,460.53125
2008-12-14,468.28125
2008-12-15,473.29688
2008-12-16,469.73438
2008-12-17,458.09375
2008-12-18,445.25
2008-12-19,434.0625
2008-12-20,423.95312
2008-12-21,414.57812
2008-12-22,409.04688
2008-12-23,410.875
2008-12-24,416.48438
2008-12-25,418.60938
2008-12-26,417.40625
2008-12-27,414.9375
2008-12-28,415.96875
2008-12-29,418.51562
2008-12-30,419.1875
2008-12-31,427.3125
2009-01-01,450.75
2009-01-02,472.79688
2009-01-03,471.875
2009-01-04,457.40625
2009-01-05,443.39062
2009-01-06,444.96875
2009-01-07,454.17188
2009-01-08,454.15625
2009-01-09,449.40625
2009-01-10,446.03125
2009-01-11,454.0625
2009-01-12,461.23438
2009-01-13,461.03125
2009-01-14,461.0
2009-01-15,456.0625
2009-01-16,448.625
2009-01-17,441.0625
2009-01-18,433.8125
2009-01-19,429.25
2009-01-20,425.78125
2009-01-21,422.0
2009-01-22,417.53125
2009-01-23,411.21875
2009-01-24,404.40625
2009-01-25,399.71875
2009-01-26,400.21875
2009-01-27,407.09375
2009-01-28,424.40625
2009-01-29,432.5625
2009-01-30,426.625
2009-01-31,430.5625
2009-02-01,456.53125
2009-02-02,463.46875
2009-02-03,447.1875
2009-02-04,439.71875
2009-02-05,436.625
2009-02-06,430.15625
2009-02-07,426.5625
2009-02-08,427.59375
2009-02-09,425.96875
2009-02-10,419.28125
2009-02-11,410.53125
2009-02-12,403.21875
2009-02-13,400.0625
2009-02-14,396.9375
2009-02-15,395.0
2009-02-16,401.84375
2009-02-17,411.8125
2009-02-18,415.09375
2009-02-19,416.4375
2009-02-20,417.90625
2009-02-21,427.96875
2009-02-22,446.25
2009-02-23,442.5625
2009-02-24,435.65625
2009-02-25,462.5
2009-02-26,497.40625
2009-02-27,507.375
2009-02-28,500.0
2009-03-01,484.09375
2009-03-02,464.90625
2009-03-03,447.1875
2009-03-04,435.375
2009-03-05,440.875
2009-03-06,461.09375
2009-03-07,468.625
2009-03-08,474.625
2009-03-09,476.4375
2009-03-10,465.90625
2009-03-11,451.8125
2009-03-12,438.4375
2009-03-13,426.875
2009-03-14,415.75
2009-03-15,405.34375
2009-03-16,396.09375
2009-03-17,389.03125
2009-03-18,383.53125
2009-03-19,377.8125
2009-03-20,371.875
2009-03-21,366.59375
2009-03-22,366.3125
2009-03-23,370.21875
2009-03-24,372.40625
2009-03-25,370.5625
2009-03-26,371.625
2009-03-27,391.4375
2009-03-28,402.125
2009-03-29,390.875
2009-03-30,388.0625
2009-03-31,399.65625
2009-04-01,413.75
2009-04-02,418.25
2009-04-03,418.96875
2009-04-04,430.59375
2009-04-05,447.15625
2009-04-06,454.625
2009-04-07,483.59375
2009-04-08,501.65625
2009-04-09,496.25
2009-04-10,487.125
2009-04-11,480.09375
2009-04-12,470.46875
2009-04-13,460.5
2009-04-14,459.3125
2009-04-15,458.90625
2009-04-16,464.21875
2009-04-17,517.34375
2009-04-18,584.59375
2009-04-19,570.8125
2009-04-20,529.21875
2009-04-21,509.96875
2009-04-22,564.125
2009-04-23,607.59375
2009-04-24,586.625
2009-04-25,553.34375
2009-04-26,529.71875
2009-04-27,512.375
2009-04-28,498.84375
2009-04-29,486.375
2009-04-30,474.78125
2009-05-01,468.59375
2009-05-02,469.40625
2009-05-03,483.0
2009-05-04,548.5625
2009-05-05,575.0625
2009-05-06,552.59375
2009-05-07,540.375
2009-05-08,531.84375
2009-05-09,519.59375
2009-05-10,507.1875
2009-05-11,465.4375
2009-05-12,498.4375
2009-05-13,552.34375
2009-05-14,552.09375
2009-05-15,534.0625
2009-05-16,514.09375
2009-05-17,498.21875
2009-05-18,487.5625
2009-05-19,481.71875
2009-05-20,480.75
2009-05-21,497.46875
2009-05-22,517.15625
2009-05-23,568.28125
2009-05-24,615.8125
2009-05-25,629.25
2009-05-26,800.875
2009-05-27,1663.25
2009-05-28,1523.0938
2009-05-29,1249.0312
2009-05-30,1088.2188
2009-05-31,1027.0938
2009-06-01,986.59375
2009-06-02,949.9375
2009-06-03,941.75
2009-06-04,937.6875
2009-06-05,926.15625
2009-06-06,933.5625
2009-06-07,963.9375
2009-06-08,1048.9375
2009-06-09,1112.0312
2009-06-10,1103.8125
2009-06-11,1055.9062
2009-06-12,1006.125
2009-06-13,1018.1875
2009-06-14,1106.0
2009-06-15,1111.8438
2009-06-16,1131.3438
2009-06-17,1157.4688
2009-06-18,1145.5625
2009-06-19,1129.6875
2009-06-20,1130.375
2009-06-21,1129.3125
2009-06-22,1117.5312
2009-06-23,1112.8125
2009-06-24,1117.7812
2009-06-25,1114.8125
2009-06-26,1148.5938
2009-06-27,1367.1562
2009-06-28,1757.0312
2009-06-29,1857.5312
2009-06-30,1886.7188
2009-07-01,4331.75
2009-07-02,5421.5312
2009-07-03,4192.0312
2009-07-04,3471.9688
2009-07-05,3167.625
2009-07-06,2950.4219
2009-07-07,2969.4844
2009-07-08,3154.7031
2009-07-09,3206.625
2009-07-10,3210.0625
2009-07-11,3339.1562
2009-07-12,3370.625
2009-07-13,3347.625
2009-07-14,3265.4688
2009-07-15,3140.9688
2009-07-16,3174.7812
2009-07-17,3103.125
2009-07-18,3001.8125
2009-07-19,2933.4531
2009-07-20,2941.1562
2009-07-21,2934.0312
2009-07-22,2867.1562
2009-07-23,2856.9688
2009-07-24,2895.2969
2009-07-25,2842.9844
2009-07-26,3054.375
2009-07-27,4856.8125
2009-07-28,7697.625
2009-07-29,6705.0938
2009-07-30,6276.9375
2009-07-31,6505.2812
2009-08-01,5482.5312
2009-08-02,4656.3125
2009-08-03,4792.3594
2009-08-04,5136.078
2009-08-05,5038.1094
2009-08-06,6485.922
2009-08-07,6952.9688
2009-08-08,6119.875
2009-08-09,5557.8906
2009-08-10,5313.8125
2009-08-11,5137.375
2009-08-12,5017.7188
2009-08-13,5385.953
2009-08-14,5688.453
2009-08-15,5737.1562
2009-08-16,5533.0938
2009-08-17,5166.5312
2009-08-18,5150.625
2009-08-19,5784.0938
2009-08-20,6064.5938
2009-08-21,6578.625
2009-08-22,5944.5312
2009-08-23,5274.1562
2009-08-24,5808.2344
2009-08-25,5564.2188
2009-08-26,5089.875
2009-08-27,4811.5
2009-08-28,4680.3125
2009-08-29,4544.953
2009-08-30,4469.0156
2009-08-31,4361.578
2009-09-01,4236.8906
2009-09-02,4108.8438
2009-09-03,3975.2734
2009-09-04,3853.6094
2009-09-05,3749.7734
2009-09-06,3697.8281
2009-09-07,3785.1562
2009-09-08,3759.5078
2009-09-09,3620.6094
2009-09-10,3681.8125
2009-09-11,3622.5703
2009-09-12,3473.8281
2009-09-13,3329.4766
2009-09-14,3197.3828
2009-09-15,3079.211
2009-09-16,2971.2188
2009-09-17,2867.414
2009-09-18,2775.0
2009-09-19,2746.289
2009-09-20,2693.3906
2009-09-21,2613.0078
2009-09-22,2540.6094
2009-09-23,2474.6484
2009-09-24,2407.7734
2009-09-25,2345.211
2009-09-26,2300.7812
2009-09-27,2251.4297
2009-09-28,2198.3047
2009-09-29,2133.6719
2009-09-30,2069.5703
2009-10-01,2006.1484
2009-10-02,1939.9766
2009-10-03,1871.1484
2009-10-04,1804.2031
2009-10-05,1749.1094
2009-10-06,1719.6016
2009-10-07,1816.9141
2009-10-08,6155.914
2009-10-09,4850.7188
2009-10-10,3389.9375
2009-10-11,2799.125
2009-10-12,2502.4766
2009-10-13,2319.289
2009-10-14,2184.4062
2009-10-15,2073.836
2009-10-16,1980.375
2009-10-17,1898.375
2009-10-18,1821.25
2009-10-19,1748.1484
2009-10-20,1683.9844
2009-10-21,1623.75
2009-10-22,1576.2578
2009-10-23,1536.4844
2009-10-24,1492.5781
2009-10-25,1452.25
2009-10-26,1422.8203
2009-10-27,1389.3359
2009-10-28,1352.2344
2009-10-29,1308.4375
2009-10-30,1262.7422
2009-10-31,1219.9062
2009-11-01,1178.6953
2009-11-02,1137.4688
2009-11-03,1095.4609
2009-11-04,1054.3047
2009-11-05,1013.6406
2009-11-06,973.72656
2009-11-07,935.96094
2009-11-08,900.3594
2009-11-09,872.47656
2009-11-10,853.1719
2009-11-11,833.9844
2009-11-12,810.97656
2009-11-13,789.5547
2009-11-14,768.7422
2009-11-15,763.7422
2009-11-16,799.7422
2009-11-17,802.52344
2009-11-18,776.4531
2009-11-19,773.83594
2009-11-20,772.5781
2009-11-21,751.53906
2009-11-22,722.46094
2009-11-23,696.3047
2009-11-24,672.125
2009-11-25,649.1797
2009-11-26,629.9219
2009-11-27,614.71094
2009-11-28,601.25
2009-11-29,585.3047
2009-11-30,567.9844
2009-12-01,553.71094
2009-12-02,545.59375
2009-12-03,542.2344
2009-12-04,537.47656
2009-12-05,528.7656
2009-12-06,525.25
2009-12-07,538.7031
2009-12-08,550.03125
2009-12-09,543.7656
2009-12-10,530.71875
2009-12-11,515.625
2009-12-12,502.16406
2009-12-13,492.89062
2009-12-14,495.21875
2009-12-15,498.60156
2009-12-16,506.02344
2009-12-17,520.9297
2009-12-18,534.6406
2009-12-19,535.28125
2009-12-20,517.8594
2009-12-21,497.21875
2009-12-22,484.67188
2009-12-23,483.375
2009-12-24,493.54688
2009-12-25,506.76562
2009-12-26,501.23438
2009-12-27,486.75
2009-12-28,475.34375
2009-12-29,464.48438
2009-12-30,455.51562
2009-12-31,455.04688
2010-01-01,456.5
2010-01-02,454.07812
2010-01-03,445.59375
2010-01-04,432.70312
2010-01-05,421.4375
2010-01-06,415.04688
2010-01-07,409.67188
2010-01-08,401.28125
2010-01-09,392.46875
2010-01-10,387.82812
2010-01-11,391.89062
2010-01-12,398.6875
2010-01-13,399.57812
2010-01-14,401.39062
2010-01-15,399.71875
2010-01-16,390.625
2010-01-17,381.65625
2010-01-18,372.9375
2010-01-19,364.67188
2010-01-20,358.17188
2010-01-21,354.1875
2010-01-22,349.57812
2010-01-23,344.125
2010-01-24,339.53125
2010-01-25,336.20312
2010-01-26,333.42188
2010-01-27,329.60938
2010-01-28,324.71875
2010-01-29,320.65625
2010-01-30,324.07812
2010-01-31,341.39062
2010-02-01,362.07812
2010-02-02,379.90625
2010-02-03,393.04688
2010-02-04,392.03125
2010-02-05,384.09375
2010-02-06,374.42188
2010-02-07,363.4375
2010-02-08,354.03125
2010-02-09,346.53125
2010-02-10,361.15625
2010-02-11,383.53125
2010-02-12,389.03125
2010-02-13,385.71875
2010-02-14,381.34375
2010-02-15,384.4375
2010-02-16,392.75
2010-02-17,402.21875
2010-02-18,406.71875
2010-02-19,394.28125
2010-02-20,378.90625
2010-02-21,370.40625
2010-02-22,364.15625
2010-02-23,361.5
2010-02-24,377.34375
2010-02-25,389.21875
2010-02-26,380.25
2010-02-27,371.0625
2010-02-28,368.21875
2010-03-01,376.0
2010-03-02,407.4375
2010-03-03,426.34375
2010-03-04,425.6875
2010-03-05,439.8125
2010-03-06,458.0
2010-03-07,463.25
2010-03-08,463.59375
2010-03-09,461.65625
2010-03-10,460.15625
2010-03-11,452.5625
2010-03-12,452.6875
2010-03-13,455.8125
2010-03-14,450.71875
2010-03-15,443.8125
2010-03-16,434.84375
2010-03-17,423.71875
2010-03-18,414.75
2010-03-19,406.9375
2010-03-20,398.0
2010-03-21,389.9375
2010-03-22,383.3125
2010-03-23,404.125
2010-03-24,446.28125
2010-03-25,471.6875
2010-03-26,481.625
2010-03-27,501.375
2010-03-28,495.15625
2010-03-29,467.75
2010-03-30,457.34375
2010-03-31,473.34375
2010-04-01,513.21875
2010-04-02,522.03125
2010-04-03,498.25
2010-04-04,476.6875
2010-04-05,460.46875
2010-04-06,447.34375
2010-04-07,435.8125
2010-04-08,425.28125
2010-04-09,415.25
2010-04-10,409.09375
2010-04-11,405.84375
2010-04-12,402.6875
2010-04-13,412.3125
2010-04-14,420.59375
2010-04-15,414.71875
2010-04-16,406.84375
2010-04-17,402.65625
2010-04-18,405.125
2010-04-19,477.6875
2010-04-20,529.1875
2010-04-21,516.96875
2010-04-22,505.375
2010-04-23,492.28125
2010-04-24,478.46875
2010-04-25,466.09375
2010-04-26,454.75
2010-04-27,445.25
2010-04-28,436.59375
2010-04-29,429.625
2010-04-30,427.46875
2010-05-01,432.21875
2010-05-02,457.8125
2010-05-03,558.5
2010-05-04,599.4375
2010-05-05,554.4375
2010-05-06,517.53125
2010-05-07,505.625
2010-05-08,508.125
2010-05-09,562.65625
2010-05-10,617.46875
2010-05-11,643.125
2010-05-12,660.75
2010-05-13,636.21875
2010-05-14,587.9375
2010-05-15,552.09375
2010-05-16,530.78125
2010-05-17,517.875
2010-05-18,507.59375
2010-05-19,523.46875
2010-05-20,840.875
2010-05-21,966.875
2010-05-22,826.34375
2010-05-23,720.90625
2010-05-24,767.46875
2010-05-25,1197.0
2010-05-26,1019.6875
2010-05-27,874.125
2010-05-28,818.34375
2010-05-29,796.625
2010-05-30,847.28125
2010-05-31,1163.9375
2010-06-01,1190.8125
2010-06-02,1129.0938
2010-06-03,1165.3438
2010-06-04,1126.0312
2010-06-05,1434.0625
2010-06-06,1651.5938
2010-06-07,1666.2812
2010-06-08,1503.6562
2010-06-09,1456.7188
2010-06-10,1551.8125
2010-06-11,1521.5625
2010-06-12,1408.7812
2010-06-13,1338.0938
2010-06-14,1308.0625
2010-06-15,1252.9375
2010-06-16,1247.625
2010-06-17,1308.9688
2010-06-18,1535.1875
2010-06-19,1542.9531
2010-06-20,1631.2656
2010-06-21,1798.9844
2010-06-22,1987.8594
2010-06-23,2528.8594
2010-06-24,2469.9062
2010-06-25,2139.8281
2010-06-26,2010.0
2010-06-27,2066.3281
2010-06-28,2451.7031
2010-06-29,2674.4531
2010-06-30,2594.8594
2010-07-01,2369.2812
2010-07-02,2306.9844
2010-07-03,2595.1406
2010-07-04,2626.0
2010-07-05,2536.9375
2010-07-06,2769.2969
2010-07-07,3127.875
2010-07-08,3118.3281
2010-07-09,3065.1562
2010-07-10,3696.8594
2010-07-11,7920.0625
2010-07-12,10294.969
2010-07-13,8002.625
2010-07-14,6184.328
2010-07-15,5317.1406
2010-07-16,4908.328
2010-07-17,4809.9844
2010-07-18,4914.0938
2010-07-19,5909.5
2010-07-20,6109.2344
2010-07-21,5574.578
2010-07-22,5123.1406
2010-07-23,5157.422
2010-07-24,5531.8594
2010-07-25,6118.078
2010-07-26,6028.4375
2010-07-27,5940.6406
2010-07-28,5544.3594
2010-07-29,5086.6094
2010-07-30,5971.0
2010-07-31,6342.4062
2010-08-01,5714.5938
2010-08-02,5204.3594
2010-08-03,5115.3594
2010-08-04,5054.2188
2010-08-05,5292.1406
2010-08-06,5309.9844
2010-08-07,5077.5625
2010-08-08,4896.25
2010-08-09,4659.375
2010-08-10,4566.828
2010-08-11,4439.0625
2010-08-12,4348.2188
2010-08-13,4287.3594
2010-08-14,4174.0156
2010-08-15,4095.8438
2010-08-16,4343.953
2010-08-17,4816.8594
2010-08-18,5791.75
2010-08-19,6912.4688
2010-08-20,6166.7344
2010-08-21,5940.5625
2010-08-22,5946.828
2010-08-23,5937.9688
2010-08-24,6700.078
2010-08-25,6239.6875
2010-08-26,5576.1016
2010-08-27,5341.5938
2010-08-28,5224.914
2010-08-29,5053.086
2010-08-30,4978.461
2010-08-31,5127.3906
2010-09-01,5092.453
2010-09-02,4878.4453
2010-09-03,4725.0703
2010-09-04,4695.2188
2010-09-05,4855.711
2010-09-06,4807.258
2010-09-07,5356.4766
2010-09-08,6263.453
2010-09-09,5627.133
2010-09-10,4988.4766
2010-09-11,4687.5703
2010-09-12,4979.867
2010-09-13,4902.461
2010-09-14,4638.5312
2010-09-15,4410.5156
2010-09-16,4900.9844
2010-09-17,5315.4844
2010-09-18,5195.7656
2010-09-19,5013.8594
2010-09-20,4753.117
2010-09-21,4468.961
2010-09-22,4337.1094
2010-09-23,4541.2266
2010-09-24,4443.9453
2010-09-25,4174.5703
2010-09-26,4024.3438
2010-09-27,3900.1328
2010-09-28,3744.4219
2010-09-29,3590.8984
2010-09-30,3469.5078
2010-10-01,3357.8906
2010-10-02,3235.1797
2010-10-03,3112.4453
2010-10-04,2998.4375
2010-10-05,2897.25
2010-10-06,2797.5547
2010-10-07,2694.5703
2010-10-08,2595.9297
2010-10-09,2506.3672
2010-10-10,2485.3828
2010-10-11,2437.9062
2010-10-12,2360.6719
2010-10-13,2281.375
2010-10-14,2196.9062
2010-10-15,2112.625
2010-10-16,2035.8203
2010-10-17,1985.8047
2010-10-18,1951.7891
2010-10-19,1922.9297
2010-10-20,1884.3203
2010-10-21,1838.3125
2010-10-22,1805.625
2010-10-23,1790.7734
2010-10-24,1763.2734
2010-10-25,1713.3359
2010-10-26,1662.5234
2010-10-27,1608.1562
2010-10-28,1549.625
2010-10-29,1494.6953
2010-10-30,1444.6094
2010-10-31,1394.0781
2010-11-01,1345.4219
2010-11-02,1319.0391
2010-11-03,1299.2188
2010-11-04,1262.2656
2010-11-05,1221.6562
2010-11-06,1179.7578
2010-11-07,1140.0391
2010-11-08,1104.4531
2010-11-09,1069.4453
2010-11-10,1033.6094
2010-11-11,1003.6875
2010-11-12,977.3125
2010-11-13,950.65625
2010-11-14,952.59375
2010-11-15,968.8203
2010-11-16,967.16406
2010-11-17,997.85156
2010-11-18,1016.66406
2010-11-19,1095.2031
2010-11-20,1166.2266
2010-11-21,1127.5547
2010-11-22,1056.7266
2010-11-23,1002.0781
2010-11-24,958.90625
2010-11-25,922.91406
2010-11-26,891.97656
2010-11-27,865.0
2010-11-28,854.83594
2010-11-29,875.9531
2010-11-30,880.40625
2010-12-01,856.21094
2010-12-02,825.875
2010-12-03,795.84375
2010-12-04,769.3125
2010-12-05,745.2422
2010-12-06,720.83594
2010-12-07,696.78125
2010-12-08,673.5078
2010-12-09,651.5625
2010-12-10,631.3281
2010-12-11,617.15625
2010-12-12,618.0078
2010-12-13,615.90625
2010-12-14,600.40625
2010-12-15,583.3125
2010-12-16,568.5781
2010-12-17,553.4531
2010-12-18,540.09375
2010-12-19,537.8125
2010-12-20,533.8906
2010-12-21,521.09375
2010-12-22,506.64062
2010-12-23,493.28125
2010-12-24,485.98438
2010-12-25,482.92188
2010-12-26,476.73438
2010-12-27,468.84375
2010-12-28,463.78125
2010-12-29,460.125
2010-12-30,454.45312
2010-12-31,456.0
2011-01-01,471.0625
2011-01-02,479.14062
2011-01-03,475.79688
2011-01-04,464.64062
2011-01-05,450.29688
2011-01-06,440.85938
2011-01-07,434.04688
2011-01-08,427.46875
2011-01-09,424.26562
2011-01-10,422.23438
2011-01-11,416.64062
2011-01-12,408.51562
2011-01-13,400.26562
2011-01-14,393.53125
2011-01-15,391.46875
2011-01-16,400.5
2011-01-17,406.40625
2011-01-18,402.29688
2011-01-19,405.79688
2011-01-20,413.0625
2011-01-21,411.01562
2011-01-22,404.6875
2011-01-23,399.67188
2011-01-24,400.1875
2011-01-25,409.76562
2011-01-26,423.79688
2011-01-27,437.73438
2011-01-28,434.39062
2011-01-29,420.53125
2011-01-30,412.53125
2011-01-31,413.53125
2011-02-01,412.59375
2011-02-02,403.09375
2011-02-03,393.9375
2011-02-04,385.14062
2011-02-05,376.92188
2011-02-06,370.46875
2011-02-07,366.625
2011-02-08,374.40625
2011-02-09,409.125
2011-02-10,435.34375
2011-02-11,430.3125
2011-02-12,421.28125
2011-02-13,417.09375
2011-02-14,421.90625
2011-02-15,443.9375
2011-02-16,477.625
2011-02-17,502.9375
2011-02-18,521.53125
2011-02-19,527.75
2011-02-20,512.28125
2011-02-21,494.5625
2011-02-22,476.84375
2011-02-23,460.5
2011-02-24,447.4375
2011-02-25,442.59375
2011-02-26,447.875
2011-02-27,448.65625
2011-02-28,440.40625
2011-03-01,428.1875
2011-03-02,415.75
2011-03-03,408.15625
2011-03-04,419.0
2011-03-05,439.375
2011-03-06,441.125
2011-03-07,425.84375
2011-03-08,414.125
2011-03-09,422.375
2011-03-10,431.5
2011-03-11,425.125
2011-03-12,413.09375
2011-03-13,402.0625
2011-03-14,395.28125
2011-03-15,390.5625
2011-03-16,384.1875
2011-03-17,377.09375
2011-03-18,373.25
2011-03-19,380.25
2011-03-20,431.65625
2011-03-21,495.46875
2011-03-22,494.3125
2011-03-23,472.40625
2011-03-24,471.03125
2011-03-25,464.5625
2011-03-26,455.75
2011-03-27,445.03125
2011-03-28,439.25
2011-03-29,447.21875
2011-03-30,462.84375
2011-03-31,501.71875
2011-04-01,538.28125
2011-04-02,564.4375
2011-04-03,582.5
2011-04-04,605.3125
2011-04-05,614.6875
2011-04-06,586.84375
2011-04-07,552.4375
2011-04-08,530.0625
2011-04-09,514.53125
2011-04-10,504.40625
2011-04-11,494.625
2011-04-12,483.96875
2011-04-13,476.0625
2011-04-14,495.78125
2011-04-15,509.53125
2011-04-16,507.125
2011-04-17,500.875
2011-04-18,490.59375
2011-04-19,484.75
2011-04-20,507.78125
2011-04-21,536.21875
2011-04-22,534.96875
2011-04-23,512.4375
2011-04-24,488.78125
2011-04-25,472.6875
2011-04-26,462.40625
2011-04-27,459.25
2011-04-28,457.40625
2011-04-29,456.5625
2011-04-30,456.96875
2011-05-01,457.84375
2011-05-02,473.34375
2011-05-03,501.03125
2011-05-04,515.84375
2011-05-05,517.6875
2011-05-06,516.84375
2011-05-07,513.0625
2011-05-08,535.6875
2011-05-09,568.65625
2011-05-10,574.34375
2011-05-11,541.4375
2011-05-12,537.59375
2011-05-13,588.28125
2011-05-14,651.25
2011-05-15,743.53125
2011-05-16,756.0
2011-05-17,722.9375
2011-05-18,728.15625
2011-05-19,777.59375
2011-05-20,809.4375
2011-05-21,813.1875
2011-05-22,840.71875
2011-05-23,1089.2812
2011-05-24,1212.875
2011-05-25,1081.4375
2011-05-26,978.40625
2011-05-27,936.0625
2011-05-28,908.53125
2011-05-29,889.03125
2011-05-30,895.03125
2011-05-31,966.71875
2011-06-01,1004.9375
2011-06-02,1029.5312
2011-06-03,1215.7812
2011-06-04,1426.5312
2011-06-05,1531.3438
2011-06-06,1401.2188
2011-06-07,1326.4375
2011-06-08,1334.625
2011-06-09,1267.4688
2011-06-10,1205.25
2011-06-11,1179.1562
2011-06-12,1157.7188
2011-06-13,1141.8125
2011-06-14,1134.4062
2011-06-15,1140.5
2011-06-16,1157.625
2011-06-17,1207.125
2011-06-18,1741.625
2011-06-19,2041.125
2011-06-20,2211.1562
2011-06-21,2135.7812
2011-06-22,1982.5938
2011-06-23,1946.2812
2011-06-24,2067.2812
2011-06-25,3434.2969
2011-06-26,4766.5
2011-06-27,4177.875
2011-06-28,4163.375
2011-06-29,4610.4062
2011-06-30,5209.6406
2011-07-01,5726.0938
2011-07-02,5407.4375
2011-07-03,5361.6875
2011-07-04,6967.078
2011-07-05,7670.25
2011-07-06,7109.0938
2011-07-07,5985.5156
2011-07-08,5384.9844
2011-07-09,5062.9688
2011-07-10,5010.7812
2011-07-11,5050.625
2011-07-12,4959.9062
2011-07-13,4835.3906
2011-07-14,4993.1094
2011-07-15,5969.6406
2011-07-16,7720.875
2011-07-17,7220.6406
2011-07-18,6273.9844
2011-07-19,6175.797
2011-07-20,6304.828
2011-07-21,6010.9844
2011-07-22,5620.3594
2011-07-23,5894.047
2011-07-24,6124.078
2011-07-25,5910.953
2011-07-26,5575.703
2011-07-27,5515.1406
2011-07-28,5698.953
2011-07-29,5633.203
2011-07-30,5953.547
2011-07-31,6198.6406
2011-08-01,6214.0625
2011-08-02,6107.797
2011-08-03,6466.9062
2011-08-04,6942.5312
2011-08-05,6837.9844
2011-08-06,6832.1562
2011-08-07,6786.125
2011-08-08,6596.172
2011-08-09,6071.922
2011-08-10,5666.8906
2011-08-11,5434.703
2011-08-12,5321.8125
2011-08-13,5180.2812
2011-08-14,5314.2188
2011-08-15,5581.7344
2011-08-16,5446.6562
2011-08-17,6584.8594
2011-08-18,7830.797
2011-08-19,7682.172
2011-08-20,6818.8594
2011-08-21,6085.5938
2011-08-22,5581.875
2011-08-23,6235.4062
2011-08-24,6560.617
2011-08-25,6340.5547
2011-08-26,6095.4375
2011-08-27,5744.7188
2011-08-28,5366.3984
2011-08-29,5067.8594
2011-08-30,4842.5938
2011-08-31,4656.328
2011-09-01,4523.7734
2011-09-02,4410.1875
2011-09-03,4269.617
2011-09-04,4136.297
2011-09-05,4001.7344
2011-09-06,3867.3828
2011-09-07,3738.2031
2011-09-08,3651.4062
2011-09-09,3689.3125
2011-09-10,3718.7188
2011-09-11,3693.9062
2011-09-12,3635.2656
2011-09-13,3539.7734
2011-09-14,3444.5078
2011-09-15,3354.0
2011-09-16,3281.0078
2011-09-17,3223.7578
2011-09-18,4480.2734
2011-09-19,5621.367
2011-09-20,4922.961
2011-09-21,4268.3906
2011-09-22,3927.1094
2011-09-23,3766.0469
2011-09-24,3730.7656
2011-09-25,4186.172
2011-09-26,4399.6484
2011-09-27,6414.875
2011-09-28,5587.1953
2011-09-29,4621.172
2011-09-30,4142.453
2011-10-01,3858.0547
2011-10-02,3650.6797
2011-10-03,3479.289
2011-10-04,3338.289
2011-10-05,3212.8516
2011-10-06,3092.4766
2011-10-07,2972.711
2011-10-08,2856.836
2011-10-09,2751.3906
2011-10-10,2651.789
2011-10-11,2554.9219
2011-10-12,2459.039
2011-10-13,2363.9922
2011-10-14,2274.1484
2011-10-15,2194.9531
2011-10-16,2378.5938
2011-10-17,2359.3281
2011-10-18,2222.6719
2011-10-19,2115.8594
2011-10-20,2027.0078
2011-10-21,1950.6094
2011-10-22,1889.7422
2011-10-23,1850.7109
2011-10-24,1794.4375
2011-10-25,1733.5391
2011-10-26,1682.0859
2011-10-27,1634.2656
2011-10-28,1588.5312
2011-10-29,1538.0
2011-10-30,1486.8516
2011-10-31,1440.5938
2011-11-01,1402.7031
2011-11-02,1384.2422
2011-11-03,1395.9297
2011-11-04,1428.3438
2011-11-05,1476.9219
2011-11-06,1516.0234
2011-11-07,1561.9219
2011-11-08,1515.2422
2011-11-09,1433.3281
2011-11-10,1362.0938
2011-11-11,1301.4219
2011-11-12,1247.7266
2011-11-13,1202.1562
2011-11-14,1194.7109
2011-11-15,1225.6953
2011-11-16,1265.5
2011-11-17,1273.625
2011-11-18,1251.5781
2011-11-19,1213.9297
2011-11-20,1171.9609
2011-11-21,1129.2578
2011-11-22,1086.1094
2011-11-23,1044.7266
2011-11-24,1004.8594
2011-11-25,967.5
2011-11-26,932.90625
2011-11-27,900.21875
2011-11-28,868.5781
2011-11-29,838.53125
2011-11-30,815.2031
2011-12-01,798.9844
2011-12-02,779.4219
2011-12-03,755.15625
2011-12-04,730.78125
2011-12-05,716.1094
2011-12-06,709.84375
2011-12-07,703.6406
2011-12-08,696.34375
2011-12-09,685.5
2011-12-10,679.4844
2011-12-11,692.2656
2011-12-12,698.34375
2011-12-13,685.4844
2011-12-14,666.9219
2011-12-15,653.84375
2011-12-16,645.3594
2011-12-17,634.2969
2011-12-18,620.7656
2011-12-19,606.34375
2011-12-20,593.46875
2011-12-21,583.0625
2011-12-22,573.7656
2011-12-23,564.0781
2011-12-24,554.0469
2011-12-25,546.8125
2011-12-26,538.78125
2011-12-27,526.5625
2011-12-28,513.46875
2011-12-29,500.8125
2011-12-30,488.54688
2011-12-31,478.26562
2012-01-01,472.53125
2012-01-02,475.8125
2012-01-03,498.15625
2012-01-04,527.0156
2012-01-05,551.28125
2012-01-06,566.6719
2012-01-07,561.8281
2012-01-08,549.09375
2012-01-09,532.4844
2012-01-10,515.15625
2012-01-11,504.76562
2012-01-12,498.45312
2012-01-13,490.73438
2012-01-14,482.78125
2012-01-15,474.03125
2012-01-16,462.125
2012-01-17,455.96875
2012-01-18,473.78125
2012-01-19,489.46875
2012-01-20,486.0625
2012-01-21,485.03125
2012-01-22,482.75
2012-01-23,474.5
2012-01-24,467.5
2012-01-25,460.5625
2012-01-26,456.5
2012-01-27,461.625
2012-01-28,469.90625
2012-01-29,475.46875
2012-01-30,471.84375
2012-01-31,461.0
2012-02-01,452.75
2012-02-02,445.46875
2012-02-03,437.46875
2012-02-04,429.28125
2012-02-05,424.59375
2012-02-06,434.875
2012-02-07,448.5625
2012-02-08,462.0
2012-02-09,550.71875
2012-02-10,607.75
2012-02-11,605.40625
2012-02-12,577.90625
2012-02-13,554.09375
2012-02-14,546.40625
2012-02-15,543.78125
2012-02-16,547.625
2012-02-17,551.0
2012-02-18,538.46875
2012-02-19,519.15625
2012-02-20,505.46875
2012-02-21,499.375
2012-02-22,503.09375
2012-02-23,513.3125
2012-02-24,524.4375
2012-02-25,530.34375
2012-02-26,526.84375
2012-02-27,513.15625
2012-02-28,499.65625
2012-02-29,506.78125
2012-03-01,525.3125
2012-03-02,540.625
2012-03-03,541.375
2012-03-04,549.1875
2012-03-05,539.59375
2012-03-06,521.625
2012-03-07,548.03125
2012-03-08,577.8125
2012-03-09,560.1875
2012-03-10,528.1875
2012-03-11,507.0625
2012-03-12,491.9375
2012-03-13,479.5
2012-03-14,476.59375
2012-03-15,491.3125
2012-03-16,513.6875
2012-03-17,508.78125
2012-03-18,487.59375
2012-03-19,473.625
2012-03-20,464.84375
2012-03-21,457.28125
2012-03-22,469.5
2012-03-23,489.34375
2012-03-24,487.71875
2012-03-25,472.0
2012-03-26,457.875
2012-03-27,453.96875
2012-03-28,452.84375
2012-03-29,450.3125
2012-03-30,447.59375
2012-03-31,441.625
2012-04-01,433.78125
2012-04-02,427.28125
2012-04-03,421.4375
2012-04-04,420.25
2012-04-05,442.15625
2012-04-06,473.0625
2012-04-07,489.75
2012-04-08,500.71875
2012-04-09,520.34375
2012-04-10,576.5
2012-04-11,596.125
2012-04-12,594.0625
2012-04-13,625.65625
2012-04-14,644.15625
2012-04-15,647.40625
2012-04-16,665.84375
2012-04-17,670.1875
2012-04-18,654.375
2012-04-19,637.53125
2012-04-20,612.9375
2012-04-21,596.0625
2012-04-22,621.75
2012-04-23,654.34375
2012-04-24,641.03125
2012-04-25,607.78125
2012-04-26,584.84375
2012-04-27,569.90625
2012-04-28,561.25
2012-04-29,554.3125
2012-04-30,547.78125
2012-05-01,537.46875
2012-05-02,523.25
2012-05-03,509.0
2012-05-04,497.09375
2012-05-05,490.5
2012-05-06,485.03125
2012-05-07,477.59375
2012-05-08,469.4375
2012-05-09,462.28125
2012-05-10,429.90625
2012-05-11,410.25
2012-05-12,410.125
2012-05-13,445.09375
2012-05-14,491.46875
2012-05-15,510.6875
2012-05-16,505.65625
2012-05-17,481.0
2012-05-18,458.25
2012-05-19,450.8125
2012-05-20,467.875
2012-05-21,483.1875
2012-05-22,510.1875
2012-05-23,555.34375
2012-05-24,602.5
2012-05-25,597.1875
2012-05-26,580.0
2012-05-27,574.0
2012-05-28,587.625
2012-05-29,627.40625
2012-05-30,664.15625
2012-05-31,726.71875
2012-06-01,762.71875
2012-06-02,917.09375
2012-06-03,955.59375
2012-06-04,1161.3125
2012-06-05,1269.0
2012-06-06,1262.0312
2012-06-07,1177.8125
2012-06-08,1111.2812
2012-06-09,1257.375
2012-06-10,1396.0625
2012-06-11,1326.0
2012-06-12,1219.375
2012-06-13,1169.7812
2012-06-14,1186.7188
2012-06-15,1286.3438
2012-06-16,1395.7656
2012-06-17,1663.8281
2012-06-18,2529.0469
2012-06-19,2617.2031
2012-06-20,2226.9531
2012-06-21,2037.5312
2012-06-22,2140.4844
2012-06-23,2734.3594
2012-06-24,2682.8281
2012-06-25,4204.3594
2012-06-26,4415.797
2012-06-27,3735.5469
2012-06-28,3202.5781
2012-06-29,2962.1562
2012-06-30,2853.1719
2012-07-01,2857.6562
2012-07-02,2887.0469
2012-07-03,2888.4531
2012-07-04,3071.3281
2012-07-05,3216.2344
2012-07-06,4579.5
2012-07-07,5893.1562
2012-07-08,4807.3438
2012-07-09,4051.9219
2012-07-10,3879.4844
2012-07-11,3772.2031
2012-07-12,3854.2031
2012-07-13,4031.9688
2012-07-14,4386.7656
2012-07-15,4974.703
2012-07-16,7159.3125
2012-07-17,6794.6094
2012-07-18,5310.6875
2012-07-19,5131.0156
2012-07-20,6028.547
2012-07-21,5675.7812
2012-07-22,5196.2188
2012-07-23,5124.375
2012-07-24,5099.2812
2012-07-25,5460.3594
2012-07-26,5462.047
2012-07-27,5284.0938
2012-07-28,5334.328
2012-07-29,5362.047
2012-07-30,5604.4062
2012-07-31,5399.5
2012-08-01,4989.953
2012-08-02,5049.7656
2012-08-03,6655.0156
2012-08-04,6440.7188
2012-08-05,5491.2188
2012-08-06,5019.4375
2012-08-07,4877.9375
2012-08-08,4759.297
2012-08-09,4723.078
2012-08-10,4635.8125
2012-08-11,4460.297
2012-08-12,4356.0312
2012-08-13,4222.422
2012-08-14,4073.9844
2012-08-15,3946.0312
2012-08-16,3836.9688
2012-08-17,3749.8281
2012-08-18,3843.7344
2012-08-19,3900.6719
2012-08-20,3722.0469
2012-08-21,3697.5469
2012-08-22,3904.2656
2012-08-23,4598.7656
2012-08-24,4260.5
2012-08-25,4045.5625
2012-08-26,3957.086
2012-08-27,3837.8281
2012-08-28,3673.9766
2012-08-29,3585.289
2012-08-30,3525.2734
2012-08-31,3455.6406
2012-09-01,3511.8203
2012-09-02,4093.039
2012-09-03,4650.9453
2012-09-04,4243.297
2012-09-05,3788.6172
2012-09-06,3548.5703
2012-09-07,3393.6719
2012-09-08,3272.0703
2012-09-09,3165.5234
2012-09-10,3055.9062
2012-09-11,2962.5312
2012-09-12,2912.289
2012-09-13,3549.9375
2012-09-14,3898.8125
2012-09-15,7042.7266
2012-09-16,6983.6484
2012-09-17,7067.2812
2012-09-18,6487.3125
2012-09-19,5460.492
2012-09-20,5378.883
2012-09-21,5208.7266
2012-09-22,4912.4453
2012-09-23,4634.6562
2012-09-24,4468.9375
2012-09-25,4243.375
2012-09-26,4018.6719
2012-09-27,3829.961
2012-09-28,3664.5078
2012-09-29,3517.3047
2012-09-30,3384.625
2012-10-01,3268.586
2012-10-02,3198.5703
2012-10-03,3228.664
2012-10-04,3331.5703
2012-10-05,3438.664
2012-10-06,3245.375
2012-10-07,3032.1562
2012-10-08,2878.7031
2012-10-09,2750.3828
2012-10-10,2636.0234
2012-10-11,2554.3047
2012-10-12,2489.3828
2012-10-13,2414.2656
2012-10-14,2333.789
2012-10-15,2253.0703
2012-10-16,2176.4688
2012-10-17,2099.8906
2012-10-18,2024.0703
2012-10-19,1954.4922
2012-10-20,1889.1641
2012-10-21,1827.9141
2012-10-22,1775.2031
2012-10-23,1723.4531
2012-10-24,1667.8438
2012-10-25,1666.3828
2012-10-26,1636.9688
2012-10-27,1574.0547
2012-10-28,1508.9844
2012-10-29,1447.3203
2012-10-30,1389.1953
2012-10-31,1334.1172
2012-11-01,1281.75
2012-11-02,1231.875
2012-11-03,1185.5703
2012-11-04,1143.4141
2012-11-05,1104.3125
2012-11-06,1066.5781
2012-11-07,1031.5859
2012-11-08,1003.65625
2012-11-09,979.9219
2012-11-10,957.8594
2012-11-11,934.3594
2012-11-12,904.5703
2012-11-13,872.8672
2012-11-14,844.0703
2012-11-15,815.8906
2012-11-16,786.8906
2012-11-17,758.6797
2012-11-18,731.1406
2012-11-19,704.83594
2012-11-20,679.8672
2012-11-21,656.10156
2012-11-22,633.4531
2012-11-23,614.1328
2012-11-24,609.6953
2012-11-25,617.375
2012-11-26,614.03906
2012-11-27,598.09375
2012-11-28,581.7578
2012-11-29,566.9844
2012-11-30,554.7969
2012-12-01,547.8594
2012-12-02,543.2031
2012-12-03,537.5078
2012-12-04,527.7656
2012-12-05,515.4531
2012-12-06,502.97656
2012-12-07,490.4453
2012-12-08,478.78125
2012-12-09,470.92188
2012-12-10,467.9922
2012-12-11,469.96094
2012-12-12,487.78125
2012-12-13,499.35938
2012-12-14,496.875
2012-12-15,495.4375
2012-12-16,490.29688
2012-12-17,482.78125
2012-12-18,474.32812
2012-12-19,466.39062
2012-12-20,464.20312
2012-12-21,468.10938
2012-12-22,471.03125
2012-12-23,465.29688
2012-12-24,454.03125
2012-12-25,442.26562
2012-12-26,431.53125
2012-12-27,423.70312
2012-12-28,417.35938
2012-12-29,409.90625
2012-12-30,403.32812
2012-12-31,398.60938
2013-01-01,396.09375
2013-01-02,394.26562
2013-01-03,392.14062
2013-01-04,392.0
2013-01-05,392.125
2013-01-06,389.60938
2013-01-07,385.875
2013-01-08,384.78125
2013-01-09,384.1875
2013-01-10,378.96875
2013-01-11,373.45312
2013-01-12,368.85938
2013-01-13,363.26562
2013-01-14,356.98438
2013-01-15,351.76562
2013-01-16,349.01562
2013-01-17,349.39062
2013-01-18,354.84375
2013-01-19,367.01562
2013-01-20,386.42188
2013-01-21,394.67188
2013-01-22,385.17188
2013-01-23,373.875
2013-01-24,364.04688
2013-01-25,356.78125
2013-01-26,352.23438
2013-01-27,348.73438
2013-01-28,344.9375
2013-01-29,340.375
2013-01-30,335.67188
2013-01-31,331.32812
2013-02-01,327.28125
2013-02-02,324.78125
2013-02-03,324.125
2013-02-04,324.3125
2013-02-05,323.1875
2013-02-06,324.0625
2013-02-07,342.09375
2013-02-08,368.375
2013-02-09,367.78125
2013-02-10,351.0625
2013-02-11,339.5625
2013-02-12,339.3125
2013-02-13,340.90625
2013-02-14,335.75
2013-02-15,337.21875
2013-02-16,348.65625
2013-02-17,392.40625
2013-02-18,433.71875
2013-02-19,458.96875
2013-02-20,465.21875
2013-02-21,464.125
2013-02-22,455.53125
2013-02-23,435.625
2013-02-24,417.71875
2013-02-25,405.09375
2013-02-26,397.09375
2013-02-27,388.96875
2013-02-28,395.03125
2013-03-01,408.34375
2013-03-02,404.75
2013-03-03,397.375
2013-03-04,388.4375
2013-03-05,376.03125
2013-03-06,367.4375
2013-03-07,364.65625
2013-03-08,364.3125
2013-03-09,361.53125
2013-03-10,358.0625
2013-03-11,369.53125
2013-03-12,384.90625
2013-03-13,383.5625
2013-03-14,375.3125
2013-03-15,368.6875
2013-03-16,364.78125
2013-03-17,360.65625
2013-03-18,355.625
2013-03-19,349.65625
2013-03-20,343.84375
2013-03-21,341.46875
2013-03-22,346.5
2013-03-23,354.59375
2013-03-24,354.84375
2013-03-25,350.9375
2013-03-26,347.34375
2013-03-27,345.375
2013-03-28,344.78125
2013-03-29,344.8125
2013-03-30,349.53125
2013-03-31,355.8125
2013-04-01,358.8125
2013-04-02,357.0625
2013-04-03,352.75
2013-04-04,349.09375
2013-04-05,347.21875
2013-04-06,349.3125
2013-04-07,350.75
2013-04-08,347.75
2013-04-09,343.8125
2013-04-10,345.03125
2013-04-11,350.125
2013-04-12,350.5
2013-04-13,346.03125
2013-04-14,340.78125
2013-04-15,336.03125
2013-04-16,332.03125
2013-04-17,331.28125
2013-04-18,341.375
2013-04-19,356.03125
2013-04-20,364.4375
2013-04-21,368.0625
2013-04-22,376.78125
2013-04-23,391.15625
2013-04-24,405.625
2013-04-25,412.78125
2013-04-26,416.9375
2013-04-27,425.21875
2013-04-28,434.65625
2013-04-29,455.0625
2013-04-30,490.3125
2013-05-01,510.6875
2013-05-02,514.8125
2013-05-03,532.90625
2013-05-04,538.28125
2013-05-05,519.1875
2013-05-06,504.71875
2013-05-07,527.78125
2013-05-08,569.4375
2013-05-09,615.5625
2013-05-10,698.1875
2013-05-11,697.0
2013-05-12,671.0
2013-05-13,659.5625
2013-05-14,678.625
2013-05-15,711.03125
2013-05-16,775.96875
2013-05-17,791.46875
2013-05-18,864.3125
2013-05-19,850.0625
2013-05-20,806.0
2013-05-21,798.3125
2013-05-22,803.71875
2013-05-23,844.1875
2013-05-24,995.0
2013-05-25,1076.6875
2013-05-26,1041.5312
2013-05-27,1059.3438
2013-05-28,1082.8438
2013-05-29,1091.5938
2013-05-30,1266.0625
2013-05-31,2095.4062
2013-06-01,3692.7812
2013-06-02,2882.6562
2013-06-03,2213.5625
2013-06-04,1960.0938
2013-06-05,1859.4688
2013-06-06,1813.4375
2013-06-07,1827.8438
2013-06-08,2047.125
2013-06-09,2107.75
2013-06-10,2103.2188
2013-06-11,2280.6875
2013-06-12,2272.0625
2013-06-13,2069.0312
2013-06-14,1953.625
2013-06-15,1916.6875
2013-06-16,1949.1562
2013-06-17,2068.5312
2013-06-18,2111.6875
2013-06-19,2168.5938
2013-06-20,2314.0312
2013-06-21,2471.4375
2013-06-22,3271.75
2013-06-23,3761.6875
2013-06-24,3516.2344
2013-06-25,3359.5156
2013-06-26,3251.5938
2013-06-27,3591.6719
2013-06-28,4043.0
2013-06-29,4148.297
2013-06-30,4150.1094
2013-07-01,4017.3281
2013-07-02,3857.4688
2013-07-03,3681.3125
2013-07-04,3824.375
2013-07-05,4597.078
2013-07-06,5638.2188
2013-07-07,6177.547
2013-07-08,6929.0312
2013-07-09,7052.9688
2013-07-10,6691.2812
2013-07-11,6450.453
2013-07-12,5983.172
2013-07-13,5612.328
2013-07-14,5308.6562
2013-07-15,5154.547
2013-07-16,5160.1562
2013-07-17,5267.9688
2013-07-18,5525.1562
2013-07-19,6173.703
2013-07-20,6272.7656
2013-07-21,5703.2344
2013-07-22,6885.578
2013-07-23,6945.8438
2013-07-24,6084.0312
2013-07-25,5752.1562
2013-07-26,5560.328
2013-07-27,5301.25
2013-07-28,5307.4844
2013-07-29,5497.625
2013-07-30,5361.7812
2013-07-31,5172.9844
2013-08-01,5305.3906
2013-08-02,5484.125
2013-08-03,5298.7812
2013-08-04,4943.375
2013-08-05,4742.1094
2013-08-06,5247.8125
2013-08-07,5215.4844
2013-08-08,5214.2344
2013-08-09,5743.3438
2013-08-10,5935.5625
2013-08-11,5751.8594
2013-08-12,5391.1875
2013-08-13,5077.0625
2013-08-14,4848.8125
2013-08-15,4633.125
2013-08-16,4470.4844
2013-08-17,4334.047
2013-08-18,4287.047
2013-08-19,4297.0312
2013-08-20,4236.172
2013-08-21,4152.5312
2013-08-22,4125.5938
2013-08-23,4019.8594
2013-08-24,3892.7031
2013-08-25,3791.9219
2013-08-26,3850.4219
2013-08-27,4276.9375
2013-08-28,4692.6094
2013-08-29,4589.328
2013-08-30,4341.828
2013-08-31,4078.5938
2013-09-01,3905.9844
2013-09-02,3932.4844
2013-09-03,4683.8906
2013-09-04,5096.75
2013-09-05,4751.672
2013-09-06,4395.172
2013-09-07,4085.4062
2013-09-08,3843.5938
2013-09-09,3665.5156
2013-09-10,3534.5625
2013-09-11,3425.9688
2013-09-12,3329.875
2013-09-13,3228.6875
2013-09-14,3118.3281
2013-09-15,3010.6094
2013-09-16,2907.2969
2013-09-17,2807.8125
2013-09-18,2716.4062
2013-09-19,2628.5
2013-09-20,2550.6094
2013-09-21,2497.7031
2013-09-22,2450.1953
2013-09-23,2382.4531
2013-09-24,2307.6172
2013-09-25,2237.0156
2013-09-26,2171.3125
2013-09-27,2114.0469
2013-09-28,2070.7422
2013-09-29,2040.9609
2013-09-30,2014.9219
2013-10-01,1995.5391
2013-10-02,1970.7031
2013-10-03,1937.3047
2013-10-04,1901.0469
2013-10-05,1862.3203
2013-10-06,1833.4531
2013-10-07,1872.8203
2013-10-08,1948.7344
2013-10-09,1923.25
2013-10-10,1843.9453
2013-10-11,1766.0859
2013-10-12,1691.6484
2013-10-13,1626.5234
2013-10-14,1576.0547
2013-10-15,4424.3047
2013-10-16,3957.8828
2013-10-17,2904.4531
2013-10-18,2456.0703
2013-10-19,2208.0781
2013-10-20,2058.4453
2013-10-21,1958.7422
2013-10-22,1882.25
2013-10-23,1806.75
2013-10-24,1733.7422
2013-10-25,1665.1406
2013-10-26,1599.0469
2013-10-27,1543.3672
2013-10-28,1532.8281
2013-10-29,1531.2891
2013-10-30,1497.9531
2013-10-31,1473.8125
2013-11-01,1496.7656
2013-11-02,1510.6406
2013-11-03,1512.3828
2013-11-04,1468.0078
2013-11-05,1399.5625
2013-11-06,1337.2031
2013-11-07,1283.0312
2013-11-08,1233.9609
2013-11-09,1187.4219
2013-11-10,1143.9922
2013-11-11,1102.9297
2013-11-12,1062.7109
2013-11-13,1023.27344
2013-11-14,984.35156
2013-11-15,947.3906
2013-11-16,912.9219
2013-11-17,879.875
2013-11-18,848.0781
2013-11-19,818.6719
2013-11-20,791.6719
2013-11-21,765.25
2013-11-22,739.9375
2013-11-23,715.7031
2013-11-24,691.4219
2013-11-25,669.96875
2013-11-26,650.84375
2013-11-27,631.7031
2013-11-28,612.9375
2013-11-29,594.71875
2013-11-30,579.84375
2013-12-01,578.5156
2013-12-02,581.40625
2013-12-03,573.9375
2013-12-04,559.28125
2013-12-05,543.375
2013-12-06,530.7344
2013-12-07,518.6875
2013-12-08,505.96875
2013-12-09,495.23438
2013-12-10,487.76562
2013-12-11,488.125
2013-12-12,497.25
2013-12-13,527.2656
2013-12-14,543.875
2013-12-15,538.7656
2013-12-16,529.9375
2013-12-17,514.6094
2013-12-18,498.92188
2013-12-19,485.73438
2013-12-20,484.29688
2013-12-21,498.46875
2013-12-22,509.85938
2013-12-23,506.4375
2013-12-24,496.17188
2013-12-25,487.48438
2013-12-26,484.67188
2013-12-27,483.32812
2013-12-28,482.25
2013-12-29,488.34375
2013-12-30,488.32812
2013-12-31,476.32812
2014-01-01,463.0625
2014-01-02,456.09375
2014-01-03,454.51562
2014-01-04,448.98438
2014-01-05,443.34375
2014-01-06,455.59375
2014-01-07,473.375
2014-01-08,470.96875
2014-01-09,458.5
2014-01-10,454.21875
2014-01-11,454.75
2014-01-12,448.0625
2014-01-13,437.73438
2014-01-14,428.4375
2014-01-15,420.35938
2014-01-16,419.125
2014-01-17,422.29688
2014-01-18,420.29688
2014-01-19,413.625
2014-01-20,410.40625
2014-01-21,413.09375
2014-01-22,407.84375
2014-01-23,398.15625
2014-01-24,394.96875
2014-01-25,403.6875
2014-01-26,406.875
2014-01-27,398.5
2014-01-28,395.09375
2014-01-29,392.1875
2014-01-30,383.5625
2014-01-31,374.59375
2014-02-01,367.28125
2014-02-02,360.375
2014-02-03,353.71875
2014-02-04,348.78125
2014-02-05,348.96875
2014-02-06,369.0625
2014-02-07,388.5625
2014-02-08,412.65625
2014-02-09,438.65625
2014-02-10,441.03125
2014-02-11,431.3125
2014-02-12,424.03125
2014-02-13,417.96875
2014-02-14,412.03125
2014-02-15,416.46875
2014-02-16,441.9375
2014-02-17,465.3125
2014-02-18,472.40625
2014-02-19,469.59375
2014-02-20,454.25
2014-02-21,443.375
2014-02-22,453.4375
2014-02-23,470.09375
2014-02-24,488.0
2014-02-25,486.5625
2014-02-26,471.40625
2014-02-27,483.53125
2014-02-28,498.03125
2014-03-01,512.875
2014-03-02,525.34375
2014-03-03,517.5
2014-03-04,506.78125
2014-03-05,492.15625
2014-03-06,477.65625
2014-03-07,483.0625
2014-03-08,493.625
2014-03-09,495.21875
2014-03-10,486.3125
2014-03-11,478.90625
2014-03-12,477.15625
2014-03-13,475.6875
2014-03-14,466.46875
2014-03-15,452.34375
2014-03-16,440.5625
2014-03-17,429.9375
2014-03-18,421.59375
2014-03-19,429.34375
2014-03-20,440.15625
2014-03-21,436.75
2014-03-22,429.375
2014-03-23,441.03125
2014-03-24,456.59375
2014-03-25,464.4375
2014-03-26,491.40625
2014-03-27,504.625
2014-03-28,493.9375
2014-03-29,488.125
2014-03-30,485.5
2014-03-31,476.90625
2014-04-01,466.21875
2014-04-02,455.65625
2014-04-03,447.09375
2014-04-04,446.21875
2014-04-05,444.9375
2014-04-06,437.28125
2014-04-07,439.21875
2014-04-08,482.0
2014-04-09,512.65625
2014-04-10,512.625
2014-04-11,502.6875
2014-04-12,488.125
2014-04-13,472.59375
2014-04-14,460.78125
2014-04-15,453.125
2014-04-16,446.21875
2014-04-17,440.59375
2014-04-18,439.09375
2014-04-19,438.0625
2014-04-20,439.875
2014-04-21,442.125
2014-04-22,436.21875
2014-04-23,426.3125
2014-04-24,417.46875
2014-04-25,411.15625
2014-04-26,405.78125
2014-04-27,401.75
2014-04-28,400.1875
2014-04-29,400.3125
2014-04-30,399.21875
2014-05-01,396.0625
2014-05-02,393.84375
2014-05-03,404.53125
2014-05-04,424.625
2014-05-05,448.0625
2014-05-06,469.125
2014-05-07,491.09375
2014-05-08,519.8125
2014-05-09,602.5625
2014-05-10,788.0
2014-05-11,791.5
2014-05-12,693.09375
2014-05-13,650.125
2014-05-14,664.46875
2014-05-15,653.9375
2014-05-16,616.125
2014-05-17,595.1875
2014-05-18,574.6875
2014-05-19,553.40625
2014-05-20,560.28125
2014-05-21,770.84375
2014-05-22,892.125
2014-05-23,855.28125
2014-05-24,789.125
2014-05-25,742.28125
2014-05-26,740.4375
2014-05-27,749.09375
2014-05-28,1454.0938
2014-05-29,2032.5625
2014-05-30,1607.7188
2014-05-31,1294.4375
2014-06-01,1141.8125
2014-06-02,1062.5
2014-06-03,1036.125
2014-06-04,1080.9375
2014-06-05,1131.625
2014-06-06,1183.5312
2014-06-07,1208.4062
2014-06-08,1211.7812
2014-06-09,1403.1562
2014-06-10,1914.6562
2014-06-11,2165.9062
2014-06-12,2231.375
2014-06-13,2360.7812
2014-06-14,2245.4688
2014-06-15,1993.25
2014-06-16,1791.1562
2014-06-17,1688.8438
2014-06-18,1676.125
2014-06-19,1745.4375
2014-06-20,1851.0312
2014-06-21,2196.875
2014-06-22,2782.1562
2014-06-23,3410.0938
2014-06-24,4098.9062
2014-06-25,4201.5
2014-06-26,3547.625
2014-06-27,3090.6875
2014-06-28,2979.0312
2014-06-29,3743.7188
2014-06-30,4599.2188
2014-07-01,5243.0312
2014-07-02,5060.875
2014-07-03,4346.2188
2014-07-04,3962.5
2014-07-05,3813.1875
2014-07-06,4021.5938
2014-07-07,4043.4062
2014-07-08,3964.8281
2014-07-09,3992.7812
2014-07-10,3944.8906
2014-07-11,3956.0
2014-07-12,4020.1875
2014-07-13,4011.4531
2014-07-14,3944.9531
2014-07-15,4122.203
2014-07-16,4570.9844
2014-07-17,5591.3125
2014-07-18,5650.4062
2014-07-19,5202.0625
2014-07-20,4886.047
2014-07-21,4684.3438
2014-07-22,4424.125
2014-07-23,4385.953
2014-07-24,5054.7344
2014-07-25,5518.453
2014-07-26,5100.7188
2014-07-27,4672.2188
2014-07-28,4440.703
2014-07-29,4308.8125
2014-07-30,4251.1875
2014-07-31,4226.9688
2014-08-01,4135.297
2014-08-02,4075.6875
2014-08-03,4111.2344
2014-08-04,4387.6875
2014-08-05,4400.672
2014-08-06,4272.3594
2014-08-07,4165.3125
2014-08-08,4187.125
2014-08-09,4187.6094
2014-08-10,4093.8438
2014-08-11,4012.5938
2014-08-12,3920.0938
2014-08-13,4116.9062
2014-08-14,6047.078
2014-08-15,9476.031
2014-08-16,8855.281
2014-08-17,7368.1562
2014-08-18,6516.1094
2014-08-19,5728.078
2014-08-20,5630.0625
2014-08-21,5751.3906
2014-08-22,5441.0156
2014-08-23,5197.3438
2014-08-24,5211.4375
2014-08-25,5297.1094
2014-08-26,5306.1094
2014-08-27,6147.1875
2014-08-28,5706.297
2014-08-29,5180.875
2014-08-30,4865.3906
2014-08-31,4634.547
2014-09-01,4529.1562
2014-09-02,4441.047
2014-09-03,4298.422
2014-09-04,4140.0938
2014-09-05,3987.0312
2014-09-06,3847.4531
2014-09-07,3765.9062
2014-09-08,3675.2969
2014-09-09,3613.5938
2014-09-10,3619.8906
2014-09-11,3651.8125
2014-09-12,3699.539
2014-09-13,3636.7578
2014-09-14,3497.3672
2014-09-15,3385.3125
2014-09-16,3295.1719
2014-09-17,3206.2188
2014-09-18,3108.8047
2014-09-19,3002.8438
2014-09-20,3355.9297
2014-09-21,3681.289
2014-09-22,5269.0234
2014-09-23,4852.336
2014-09-24,4142.953
2014-09-25,3835.3047
2014-09-26,3635.25
2014-09-27,3881.8516
2014-09-28,3694.4688
2014-09-29,3411.2578
2014-09-30,3230.5078
2014-10-01,3092.1328
2014-10-02,2968.3672
2014-10-03,2849.7188
2014-10-04,2738.5156
2014-10-05,2632.125
2014-10-06,2530.375
2014-10-07,2434.4688
2014-10-08,2342.0312
2014-10-09,2256.711
2014-10-10,2177.0234
2014-10-11,2098.2578
2014-10-12,2026.9609
2014-10-13,1956.0938
2014-10-14,1884.0469
2014-10-15,1978.9453
2014-10-16,2091.4062
2014-10-17,1949.2891
2014-10-18,1828.1328
2014-10-19,1738.7266
2014-10-20,1668.8906
2014-10-21,1604.0703
2014-10-22,1543.2734
2014-10-23,1485.3516
2014-10-24,1430.0625
2014-10-25,1378.5938
2014-10-26,1331.8359
2014-10-27,1291.375
2014-10-28,1252.7969
2014-10-29,1215.4062
2014-10-30,1184.8672
2014-10-31,1160.3125
2014-11-01,1134.1094
2014-11-02,1106.0781
2014-11-03,1076.1016
2014-11-04,1047.5234
2014-11-05,1025.4453
2014-11-06,1011.53125
2014-11-07,994.60156
2014-11-08,965.91406
2014-11-09,932.1875
2014-11-10,898.97656
2014-11-11,873.8594
2014-11-12,880.1406
2014-11-13,884.8203
2014-11-14,865.2344
2014-11-15,839.15625
2014-11-16,816.5156
2014-11-17,799.9219
2014-11-18,785.9531
2014-11-19,771.5
2014-11-20,755.8594
2014-11-21,741.5469
2014-11-22,728.84375
2014-11-23,731.0625
2014-11-24,741.1875
2014-11-25,731.0469
2014-11-26,706.25
2014-11-27,686.4844
2014-11-28,677.46875
2014-11-29,673.8594
2014-11-30,669.71875
2014-12-01,661.4844
2014-12-02,648.5156
2014-12-03,633.0469
2014-12-04,618.3125
2014-12-05,605.9219
2014-12-06,595.9375
2014-12-07,586.65625
2014-12-08,576.4531
2014-12-09,574.875
2014-12-10,579.3906
2014-12-11,578.1875
2014-12-12,570.1094
2014-12-13,560.9219
2014-12-14,555.34375
2014-12-15,582.4219
2014-12-16,625.5
2014-12-17,641.0781
2014-12-18,626.4844
2014-12-19,603.75
2014-12-20,581.3281
2014-12-21,560.6875
2014-12-22,542.03125
2014-12-23,526.375
2014-12-24,514.53125
2014-12-25,504.07812
2014-12-26,491.90625
2014-12-27,481.375
2014-12-28,475.34375
2014-12-29,469.14062
2014-12-30,460.26562
2014-12-31,450.65625
2015-01-01,440.14062
2015-01-02,429.5625
2015-01-03,429.4375
2015-01-04,464.95312
2015-01-05,517.3125
2015-01-06,531.9219
2015-01-07,515.03125
2015-01-08,499.20312
2015-01-09,494.5
2015-01-10,494.70312
2015-01-11,487.0
2015-01-12,472.45312
2015-01-13,457.375
2015-01-14,444.0625
2015-01-15,431.8125
2015-01-16,420.0625
2015-01-17,409.23438
2015-01-18,399.8125
2015-01-19,391.45312
2015-01-20,383.45312
2015-01-21,375.82812
2015-01-22,368.0625
2015-01-23,360.46875
2015-01-24,355.90625
2015-01-25,359.85938
2015-01-26,366.15625
2015-01-27,371.125
2015-01-28,383.53125
2015-01-29,396.5
2015-01-30,395.46875
2015-01-31,385.59375
2015-02-01,376.8125
2015-02-02,369.96875
2015-02-03,363.71875
2015-02-04,359.625
2015-02-05,359.46875
2015-02-06,358.96875
2015-02-07,355.625
2015-02-08,362.34375
2015-02-09,385.71875
2015-02-10,401.09375
2015-02-11,395.28125
2015-02-12,381.75
2015-02-13,371.15625
2015-02-14,366.1875
2015-02-15,362.65625
2015-02-16,359.84375
2015-02-17,361.875
2015-02-18,362.15625
2015-02-19,360.5
2015-02-20,365.5
2015-02-21,373.78125
2015-02-22,380.5
2015-02-23,387.25
2015-02-24,386.0
2015-02-25,381.90625
2015-02-26,387.5
2015-02-27,412.71875
2015-02-28,443.78125
2015-03-01,451.875
2015-03-02,468.96875
2015-03-03,514.5
2015-03-04,564.75
2015-03-05,581.65625
2015-03-06,567.71875
2015-03-07,557.84375
2015-03-08,555.625
2015-03-09,556.8125
2015-03-10,550.34375
2015-03-11,530.0625
2015-03-12,507.34375
2015-03-13,487.25
2015-03-14,475.625
2015-03-15,473.6875
2015-03-16,479.03125
2015-03-17,487.28125
2015-03-18,485.125
2015-03-19,477.75
2015-03-20,471.4375
2015-03-21,462.0
2015-03-22,451.4375
2015-03-23,444.625
2015-03-24,443.125
2015-03-25,449.09375
2015-03-26,475.5625
2015-03-27,486.5625
2015-03-28,483.6875
2015-03-29,499.4375
2015-03-30,526.0625
2015-03-31,562.0625
2015-04-01,590.75
2015-04-02,606.5625
2015-04-03,607.28125
2015-04-04,645.25
2015-04-05,670.78125
2015-04-06,669.84375
2015-04-07,660.9375
2015-04-08,664.375
2015-04-09,671.9375
2015-04-10,651.3125
2015-04-11,620.75
2015-04-12,605.3125
2015-04-13,610.84375
2015-04-14,623.09375
2015-04-15,639.09375
2015-04-16,640.53125
2015-04-17,628.8125
2015-04-18,636.8125
2015-04-19,647.8125
2015-04-20,659.65625
2015-04-21,663.21875
2015-04-22,671.0625
2015-04-23,697.125
2015-04-24,707.4375
2015-04-25,691.40625
2015-04-26,676.1875
2015-04-27,679.40625
2015-04-28,688.25
2015-04-29,688.84375
2015-04-30,700.53125
2015-05-01,725.78125
2015-05-02,765.78125
2015-05-03,810.625
2015-05-04,820.65625
2015-05-05,791.5
2015-05-06,756.0625
2015-05-07,726.59375
2015-05-08,705.34375
2015-05-09,692.0
2015-05-10,685.625
2015-05-11,669.6875
2015-05-12,673.59375
2015-05-13,685.875
2015-05-14,706.03125
2015-05-15,750.96875
2015-05-16,880.5625
2015-05-17,903.5625
2015-05-18,844.78125
2015-05-19,816.0625
2015-05-20,843.46875
2015-05-21,1099.4062
2015-05-22,1289.9062
2015-05-23,1301.7812
2015-05-24,1310.125
2015-05-25,1256.125
2015-05-26,1128.875
2015-05-27,1282.2188
2015-05-28,1410.25
2015-05-29,1267.5
2015-05-30,1179.125
2015-05-31,1393.5
2015-06-01,1680.5
2015-06-02,1683.0312
2015-06-03,1537.125
2015-06-04,1436.5312
2015-06-05,1351.0938
2015-06-06,1343.1562
2015-06-07,1463.1875
2015-06-08,1474.6562
2015-06-09,1478.5625
2015-06-10,1504.3438
2015-06-11,1625.7812
2015-06-12,1958.4062
2015-06-13,2357.4688
2015-06-14,2780.3438
2015-06-15,2568.5
2015-06-16,2182.5
2015-06-17,2013.9688
2015-06-18,2044.5
2015-06-19,2282.5938
2015-06-20,2546.75
2015-06-21,2491.75
2015-06-22,2291.1875
2015-06-23,2522.6875
2015-06-24,3002.9688
2015-06-25,2898.0938
2015-06-26,2712.75
2015-06-27,2694.0312
2015-06-28,2876.5
2015-06-29,3326.3125
2015-06-30,3258.6562
2015-07-01,3022.2188
2015-07-02,2934.9688
2015-07-03,3038.3438
2015-07-04,3183.6875
2015-07-05,3455.8438
2015-07-06,4387.3125
2015-07-07,4086.4688
2015-07-08,3687.5312
2015-07-09,3468.5
2015-07-10,3519.5
2015-07-11,3823.9375
2015-07-12,3687.4375
2015-07-13,3467.2031
2015-07-14,3368.75
2015-07-15,3824.9062
2015-07-16,5095.578
2015-07-17,5070.953
2015-07-18,4257.547
2015-07-19,3799.7344
2015-07-20,3547.3125
2015-07-21,3430.9688
2015-07-22,3397.5625
2015-07-23,3391.9531
2015-07-24,3435.4375
2015-07-25,3718.5625
2015-07-26,3751.2812
2015-07-27,3433.25
2015-07-28,3239.3438
2015-07-29,3113.8906
2015-07-30,3039.9688
2015-07-31,3030.5156
2015-08-01,3003.1875
2015-08-02,2956.125
2015-08-03,2915.4219
2015-08-04,2878.5625
2015-08-05,2997.9375
2015-08-06,3981.75
2015-08-07,4585.703
2015-08-08,4168.0312
2015-08-09,3631.5625
2015-08-10,3513.0312
2015-08-11,3556.6875
2015-08-12,3470.4531
2015-08-13,3361.6875
2015-08-14,3352.8281
2015-08-15,3558.6406
2015-08-16,4193.7656
2015-08-17,4760.2188
2015-08-18,5591.9844
2015-08-19,5428.9375
2015-08-20,5499.2656
2015-08-21,5808.0938
2015-08-22,5486.4688
2015-08-23,4883.922
2015-08-24,4645.3125
2015-08-25,4449.797
2015-08-26,4475.7188
2015-08-27,4859.75
2015-08-28,5406.2344
2015-08-29,5132.125
2015-08-30,4955.0
2015-08-31,4796.9844
2015-09-01,4900.9688
2015-09-02,4963.4844
2015-09-03,4908.203
2015-09-04,4918.4062
2015-09-05,4580.0312
2015-09-06,4290.8594
2015-09-07,4079.4375
2015-09-08,3908.914
2015-09-09,3750.6875
2015-09-10,3612.0
2015-09-11,3483.75
2015-09-12,3411.539
2015-09-13,3360.0547
2015-09-14,3297.2266
2015-09-15,3209.8047
2015-09-16,3135.3828
2015-09-17,3083.1875
2015-09-18,3027.7344
2015-09-19,2947.4062
2015-09-20,2869.875
2015-09-21,3540.4297
2015-09-22,3833.5312
2015-09-23,3669.9766
2015-09-24,3468.8125
2015-09-25,3333.8125
2015-09-26,3255.7266
2015-09-27,3126.8828
2015-09-28,2989.9922
2015-09-29,2869.539
2015-09-30,2757.2266
2015-10-01,2645.9922
2015-10-02,2539.4062
2015-10-03,2459.5
2015-10-04,2400.2422
2015-10-05,2335.3047
2015-10-06,2253.5156
2015-10-07,2164.0625
2015-10-08,2077.711
2015-10-09,1995.8281
2015-10-10,1919.5703
2015-10-11,1854.3672
2015-10-12,1810.7578
2015-10-13,1769.3672
2015-10-14,1717.8672
2015-10-15,1665.8516
2015-10-16,1624.2969
2015-10-17,1588.8594
2015-10-18,1552.6016
2015-10-19,1504.4219
2015-10-20,1450.8672
2015-10-21,1401.3672
2015-10-22,1365.3828
2015-10-23,1342.2109
2015-10-24,1316.0703
2015-10-25,1278.5859
2015-10-26,1236.6406
2015-10-27,1196.1641
2015-10-28,1156.7344
2015-10-29,1122.8281
2015-10-30,1093.8672
2015-10-31,1067.75
2015-11-01,1046.4531
2015-11-02,1016.96094
2015-11-03,986.1172
2015-11-04,972.6953
2015-11-05,985.5703
2015-11-06,1019.8672
2015-11-07,1048.2266
2015-11-08,1016.34375
2015-11-09,965.9453
2015-11-10,930.7422
2015-11-11,900.9844
2015-11-12,872.4531
2015-11-13,846.1328
2015-11-14,820.1797
2015-11-15,793.7578
2015-11-16,777.9844
2015-11-17,837.39844
2015-11-18,876.89844
2015-11-19,854.91406
2015-11-20,817.0547
2015-11-21,780.6875
2015-11-22,748.6953
2015-11-23,719.9844
2015-11-24,694.28906
2015-11-25,672.09375
2015-11-26,652.7578
2015-11-27,635.97656
2015-11-28,623.4297
2015-11-29,613.0078
2015-11-30,602.625
2015-12-01,595.65625
2015-12-02,607.1797
2015-12-03,659.22656
2015-12-04,670.02344
2015-12-05,642.1094
2015-12-06,616.4922
2015-12-07,597.7578
2015-12-08,583.6719
2015-12-09,572.9922
2015-12-10,564.625
2015-12-11,559.9375
2015-12-12,589.5781
2015-12-13,629.4922
2015-12-14,633.8672
2015-12-15,618.0781
2015-12-16,597.90625
2015-12-17,579.96875
2015-12-18,568.41406
2015-12-19,559.1172
2015-12-20,550.6953
2015-12-21,547.27344
2015-12-22,545.625
2015-12-23,538.5
2015-12-24,528.41406
2015-12-25,518.35156
2015-12-26,507.53125
2015-12-27,495.98438
2015-12-28,483.5
2015-12-29,472.53906
2015-12-30,465.02344
2015-12-31,460.6953
2016-01-01,455.53906
2016-01-02,447.3828
2016-01-03,437.73438
2016-01-04,428.85156
2016-01-05,421.98438
2016-01-06,414.4922
2016-01-07,407.85156
2016-01-08,406.9453
2016-01-09,451.34375
2016-01-10,476.625
2016-01-11,462.39062
2016-01-12,444.57812
2016-01-13,429.625
2016-01-14,420.70312
2016-01-15,420.40625
2016-01-16,435.59375
2016-01-17,445.10938
2016-01-18,436.10938
2016-01-19,427.42188
2016-01-20,424.42188
2016-01-21,424.65625
2016-01-22,423.28125
2016-01-23,419.26562
2016-01-24,414.57812
2016-01-25,408.96875
2016-01-26,403.75
2016-01-27,405.10938
2016-01-28,416.73438
2016-01-29,425.92188
2016-01-30,425.92188
2016-01-31,423.5
2016-02-01,428.59375
2016-02-02,443.92188
2016-02-03,458.14062
2016-02-04,460.76562
2016-02-05,453.07812
2016-02-06,443.01562
2016-02-07,435.04688
2016-02-08,437.45312
2016-02-09,443.53125
2016-02-10,452.0625
2016-02-11,478.0625
2016-02-12,512.1875
2016-02-13,519.6094
2016-02-14,509.8125
2016-02-15,496.9375
2016-02-16,480.60938
2016-02-17,467.875
2016-02-18,457.39062
2016-02-19,448.67188
2016-02-20,441.96875
2016-02-21,481.32812
2016-02-22,513.6719
2016-02-23,521.71875
2016-02-24,539.5
2016-02-25,527.3594
2016-02-26,501.46875
2016-02-27,484.71875
2016-02-28,474.1875
2016-02-29,467.9375
2016-03-01,462.92188
2016-03-02,459.84375
2016-03-03,459.125
2016-03-04,458.375
2016-03-05,459.3125
2016-03-06,468.6875
2016-03-07,480.98438
2016-03-08,481.15625
2016-03-09,473.09375
2016-03-10,463.57812
2016-03-11,453.48438
2016-03-12,446.8125
2016-03-13,451.79688
2016-03-14,478.79688
2016-03-15,503.0625
2016-03-16,500.875
2016-03-17,483.875
2016-03-18,473.21875
2016-03-19,470.125
2016-03-20,472.84375
2016-03-21,488.375
2016-03-22,503.625
2016-03-23,498.75
2016-03-24,481.3125
2016-03-25,464.21875
2016-03-26,450.46875
2016-03-27,441.375
2016-03-28,453.375
2016-03-29,484.0625
2016-03-30,501.0
2016-03-31,527.96875
2016-04-01,535.34375
2016-04-02,524.65625
2016-04-03,518.0
2016-04-04,515.34375
2016-04-05,546.375
2016-04-06,568.4375
2016-04-07,566.3125
2016-04-08,557.0
2016-04-09,543.46875
2016-04-10,527.125
2016-04-11,510.90625
2016-04-12,496.125
2016-04-13,483.34375
2016-04-14,472.9375
2016-04-15,464.53125
2016-04-16,460.90625
2016-04-17,459.53125
2016-04-18,495.46875
2016-04-19,526.03125
2016-04-20,523.6875
2016-04-21,510.28125
2016-04-22,498.46875
2016-04-23,503.9375
2016-04-24,523.40625
2016-04-25,520.78125
2016-04-26,499.40625
2016-04-27,481.46875
2016-04-28,469.78125
2016-04-29,461.90625
2016-04-30,453.03125
2016-05-01,442.6875
2016-05-02,432.375
2016-05-03,423.65625
2016-05-04,416.78125
2016-05-05,419.75
2016-05-06,432.21875
2016-05-07,445.5
2016-05-08,467.0
2016-05-09,480.34375
2016-05-10,448.25
2016-05-11,424.5
2016-05-12,418.15625
2016-05-13,421.5625
2016-05-14,441.3125
2016-05-15,499.28125
2016-05-16,809.03125
2016-05-17,1025.0312
2016-05-18,1023.09375
2016-05-19,876.21875
2016-05-20,811.40625
2016-05-21,828.84375
2016-05-22,803.6875
2016-05-23,793.0
2016-05-24,813.5
2016-05-25,908.28125
2016-05-26,1064.7188
2016-05-27,1053.4062
2016-05-28,978.875
2016-05-29,959.5
2016-05-30,992.96875
2016-05-31,1037.5
2016-06-01,1086.2812
2016-06-02,1075.5938
2016-06-03,1032.9688
2016-06-04,996.75
2016-06-05,983.09375
2016-06-06,985.75
2016-06-07,1006.0
2016-06-08,1175.2188
2016-06-09,1224.625
2016-06-10,1163.5312
2016-06-11,1128.6875
2016-06-12,1112.2812
2016-06-13,1161.875
2016-06-14,1325.625
2016-06-15,1790.8125
2016-06-16,2018.9062
2016-06-17,2013.0312
2016-06-18,1820.1875
2016-06-19,1970.3594
2016-06-20,2468.1875
2016-06-21,2991.2812
2016-06-22,3801.5312
2016-06-23,3621.8125
2016-06-24,3301.5938
2016-06-25,3240.8594
2016-06-26,3753.4688
2016-06-27,3920.3594
2016-06-28,3797.1562
2016-06-29,3694.7812
2016-06-30,3605.7031
2016-07-01,3852.9375
2016-07-02,4614.0312
2016-07-03,4645.875
2016-07-04,4459.297
2016-07-05,4705.75
2016-07-06,4879.5625
2016-07-07,4713.3906
2016-07-08,4684.6875
2016-07-09,4642.2812
2016-07-10,4573.6562
2016-07-11,5099.703
2016-07-12,5194.8125
2016-07-13,5022.2812
2016-07-14,4912.078
2016-07-15,5573.8594
2016-07-16,6315.922
2016-07-17,6169.3438
2016-07-18,6498.047
2016-07-19,6373.4688
2016-07-20,7222.578
2016-07-21,7425.0156
2016-07-22,8774.4375
2016-07-23,9007.703
2016-07-24,8170.328
2016-07-25,8953.156
2016-07-26,9914.406
2016-07-27,10064.734
2016-07-28,8495.641
2016-07-29,7676.0156
2016-07-30,7205.3125
2016-07-31,6973.4062
2016-08-01,6794.0625
2016-08-02,6524.2656
2016-08-03,6269.0312
2016-08-04,6050.6562
2016-08-05,5866.625
2016-08-06,5755.5625
2016-08-07,5776.0312
2016-08-08,5644.0938
2016-08-09,5464.9062
2016-08-10,5292.7344
2016-08-11,5162.5625
2016-08-12,5104.2188
2016-08-13,4989.7344
2016-08-14,4851.922
2016-08-15,4783.6562
2016-08-16,4782.3594
2016-08-17,4733.672
2016-08-18,4706.828
2016-08-19,4601.9062
2016-08-20,4444.3438
2016-08-21,4289.203
2016-08-22,4342.5625
2016-08-23,4223.797
2016-08-24,4067.6094
2016-08-25,3928.8203
2016-08-26,3806.3516
2016-08-27,3704.6797
2016-08-28,3609.5312
2016-08-29,3501.3672
2016-08-30,3465.8438
2016-08-31,3787.4688
2016-09-01,4324.9688
2016-09-02,4284.6953
2016-09-03,4913.0156
2016-09-04,5348.2734
2016-09-05,5145.0625
2016-09-06,5060.336
2016-09-07,4693.914
2016-09-08,4472.5703
2016-09-09,4341.367
2016-09-10,4292.3125
2016-09-11,4620.4375
2016-09-12,4756.0312
2016-09-13,4983.1484
2016-09-14,4682.2344
2016-09-15,4272.125
2016-09-16,4025.6953
2016-09-17,3921.3047
2016-09-18,4417.1016
2016-09-19,4456.3594
2016-09-20,4102.664
2016-09-21,4145.883
2016-09-22,4512.086
2016-09-23,4384.8125
2016-09-24,4303.9688
2016-09-25,4286.117
2016-09-26,4446.961
2016-09-27,4221.0156
2016-09-28,3957.3828
2016-09-29,3767.7969
2016-09-30,3628.5469
2016-10-01,3518.9375
2016-10-02,3414.5547
2016-10-03,3314.1797
2016-10-04,3209.6094
2016-10-05,3109.539
2016-10-06,3017.961
2016-10-07,2945.6953
2016-10-08,2868.5156
2016-10-09,2924.2344
2016-10-10,2994.25
2016-10-11,3010.0312
2016-10-12,3139.7578
2016-10-13,3046.7734
2016-10-14,2996.6172
2016-10-15,2880.0547
2016-10-16,2739.8281
2016-10-17,2621.8281
2016-10-18,2516.875
2016-10-19,2418.4766
2016-10-20,2324.4922
2016-10-21,2236.875
2016-10-22,2153.9531
2016-10-23,2079.7422
2016-10-24,2016.7188
2016-10-25,1957.9922
2016-10-26,1895.6328
2016-10-27,1835.3203
2016-10-28,1780.6797
2016-10-29,1721.9688
2016-10-30,1662.0
2016-10-31,1607.2656
2016-11-01,1551.25
2016-11-02,1494.0938
2016-11-03,1438.4219
2016-11-04,1384.7578
2016-11-05,1333.0703
2016-11-06,1285.2422
2016-11-07,1240.875
2016-11-08,1197.7266
2016-11-09,1155.4453
2016-11-10,1113.75
2016-11-11,1072.7969
2016-11-12,1035.2031
2016-11-13,1006.1875
2016-11-14,989.75
2016-11-15,974.72656
2016-11-16,947.09375
2016-11-17,911.6328
2016-11-18,876.9297
2016-11-19,844.28906
2016-11-20,814.46875
2016-11-21,787.96875
2016-11-22,763.4219
2016-11-23,738.1406
2016-11-24,713.6406
2016-11-25,691.8281
2016-11-26,671.375
2016-11-27,651.0625
2016-11-28,631.46875
2016-11-29,615.125
2016-11-30,602.4375
2016-12-01,588.2969
2016-12-02,574.65625
2016-12-03,568.3906
2016-12-04,570.0469
2016-12-05,564.65625
2016-12-06,549.1875
2016-12-07,532.78125
2016-12-08,517.2656
2016-12-09,502.53125
2016-12-10,488.625
2016-12-11,475.35938
2016-12-12,462.875
2016-12-13,451.34375
2016-12-14,440.64062
2016-12-15,431.51562
2016-12-16,424.6875
2016-12-17,417.375
2016-12-18,409.28125
2016-12-19,402.9375
2016-12-20,397.73438
2016-12-21,393.29688
2016-12-22,388.85938
2016-12-23,382.71875
2016-12-24,376.9375
2016-12-25,378.09375
2016-12-26,399.6875
2016-12-27,416.60938
2016-12-28,410.8125
2016-12-29,399.64062
2016-12-30,389.5
2016-12-31,381.9375
2017-01-01,374.95312
2017-01-02,368.8125
2017-01-03,364.29688
2017-01-04,360.51562
2017-01-05,355.5
2017-01-06,350.1875
2017-01-07,347.39062
2017-01-08,345.95312
2017-01-09,344.59375
2017-01-10,345.95312
2017-01-11,350.60938
2017-01-12,354.5
2017-01-13,352.875
2017-01-14,348.09375
2017-01-15,342.21875
2017-01-16,336.65625
2017-01-17,335.8125
2017-01-18,344.09375
2017-01-19,352.96875
2017-01-20,358.8125
2017-01-21,360.90625
2017-01-22,354.3125
2017-01-23,346.3125
2017-01-24,342.15625
2017-01-25,340.71875
2017-01-26,336.9375
2017-01-27,331.90625
2017-01-28,332.4375
2017-01-29,340.03125
2017-01-30,345.15625
2017-01-31,344.4375
2017-02-01,357.46875
2017-02-02,367.65625
2017-02-03,361.28125
2017-02-04,354.59375
2017-02-05,347.65625
2017-02-06,341.71875
2017-02-07,379.65625
2017-02-08,413.40625
2017-02-09,409.875
2017-02-10,423.65625
2017-02-11,423.90625
2017-02-12,403.9375
2017-02-13,392.09375
2017-02-14,389.28125
2017-02-15,384.46875
2017-02-16,374.90625
2017-02-17,365.96875
2017-02-18,359.0
2017-02-19,353.40625
2017-02-20,351.5
2017-02-21,403.71875
2017-02-22,476.09375
2017-02-23,500.0
2017-02-24,491.90625
2017-02-25,468.5625
2017-02-26,449.9375
2017-02-27,447.46875
2017-02-28,446.9375
2017-03-01,448.90625
2017-03-02,469.71875
2017-03-03,491.40625
2017-03-04,489.78125
2017-03-05,474.0625
2017-03-06,458.96875
2017-03-07,450.90625
2017-03-08,449.21875
2017-03-09,453.65625
2017-03-10,473.4375
2017-03-11,508.75
2017-03-12,546.625
2017-03-13,552.40625
2017-03-14,541.625
2017-03-15,527.34375
2017-03-16,513.28125
2017-03-17,502.96875
2017-03-18,510.40625
2017-03-19,516.96875
2017-03-20,522.8125
2017-03-21,523.34375
2017-03-22,518.0
2017-03-23,507.5625
2017-03-24,495.5625
2017-03-25,502.21875
2017-03-26,526.96875
2017-03-27,546.3125
2017-03-28,583.875
2017-03-29,631.46875
2017-03-30,698.8125
2017-03-31,747.34375
2017-04-01,775.5
2017-04-02,790.8125
2017-04-03,776.3125
2017-04-04,756.46875
2017-04-05,758.53125
2017-04-06,794.40625
2017-04-07,840.875
2017-04-08,885.3125
2017-04-09,862.90625
2017-04-10,805.65625
2017-04-11,760.84375
2017-04-12,727.75
2017-04-13,701.65625
2017-04-14,679.09375
2017-04-15,661.96875
2017-04-16,662.59375
2017-04-17,672.59375
2017-04-18,665.78125
2017-04-19,649.84375
2017-04-20,901.40625
2017-04-21,970.375
2017-04-22,868.40625
2017-04-23,855.21875
2017-04-24,967.21875
2017-04-25,1002.875
2017-04-26,998.4375
2017-04-27,979.09375
2017-04-28,925.03125
2017-04-29,870.125
2017-04-30,836.28125
2017-05-01,834.25
2017-05-02,862.34375
2017-05-03,848.25
2017-05-04,832.8125
2017-05-05,836.03125
2017-05-06,824.0
2017-05-07,801.625
2017-05-08,785.28125
2017-05-09,773.25
2017-05-10,775.34375
2017-05-11,764.6875
2017-05-12,761.375
2017-05-13,765.4375
2017-05-14,774.59375
2017-05-15,933.65625
2017-05-16,1047.3438
2017-05-17,1030.4375
2017-05-18,1017.84375
2017-05-19,1024.1875
2017-05-20,1067.4688
2017-05-21,1129.5
2017-05-22,1135.0625
2017-05-23,1093.3438
2017-05-24,1090.0312
2017-05-25,1065.4688
2017-05-26,1019.34375
2017-05-27,1017.40625
2017-05-28,1047.2812
2017-05-29,1073.2812
2017-05-30,1076.4688
2017-05-31,1088.5
2017-06-01,1094.9062
2017-06-02,1161.375
2017-06-03,1399.0312
2017-06-04,1335.0938
2017-06-05,1202.9688
2017-06-06,1175.1875
2017-06-07,1159.0312
2017-06-08,1142.625
2017-06-09,1142.7812
2017-06-10,1159.9688
2017-06-11,1169.1875
2017-06-12,1170.4062
2017-06-13,1429.5625
2017-06-14,1501.0
2017-06-15,1385.2188
2017-06-16,1304.6875
2017-06-17,1283.625
2017-06-18,1369.375
2017-06-19,1414.1875
2017-06-20,2555.5312
2017-06-21,3106.8125
2017-06-22,2562.2188
2017-06-23,2380.5625
2017-06-24,2231.1562
2017-06-25,2134.0
2017-06-26,2205.4219
2017-06-27,2360.625
2017-06-28,2492.4844
2017-06-29,2605.9688
2017-06-30,2714.5625
2017-07-01,3011.0469
2017-07-02,4009.0938
2017-07-03,3986.4375
2017-07-04,4483.5156
2017-07-05,5771.5938
2017-07-06,5622.5938
2017-07-07,4932.078
2017-07-08,4488.9688
2017-07-09,5604.797
2017-07-10,8860.406
2017-07-11,8873.656
2017-07-12,7631.7188
2017-07-13,6136.625
2017-07-14,5405.875
2017-07-15,5218.172
2017-07-16,5239.0625
2017-07-17,5147.3594
2017-07-18,5002.2812
2017-07-19,4871.0156
2017-07-20,4715.0156
2017-07-21,4702.453
2017-07-22,4851.7656
2017-07-23,4786.7344
2017-07-24,4589.0156
2017-07-25,4496.8594
2017-07-26,4474.5
2017-07-27,4480.25
2017-07-28,4338.2812
2017-07-29,4171.3438
2017-07-30,4555.1406
2017-07-31,4634.8594
2017-08-01,4350.047
2017-08-02,4313.5312
2017-08-03,4904.422
2017-08-04,5240.25
2017-08-05,5094.4062
2017-08-06,4867.4375
2017-08-07,4826.4375
2017-08-08,5031.75
2017-08-09,5835.5
2017-08-10,7304.7656
2017-08-11,7457.4375
2017-08-12,8283.75
2017-08-13,12785.1875
2017-08-14,10607.219
2017-08-15,7945.2812
2017-08-16,6868.922
2017-08-17,6609.047
2017-08-18,6774.75
2017-08-19,6869.6094
2017-08-20,6559.672
2017-08-21,6351.203
2017-08-22,6177.883
2017-08-23,5981.1406
2017-08-24,5740.828
2017-08-25,5510.586
2017-08-26,5328.3906
2017-08-27,5154.383
2017-08-28,5114.6094
2017-08-29,5006.8516
2017-08-30,4836.8047
2017-08-31,4664.0625
2017-09-01,4599.5156
2017-09-02,5237.6953
2017-09-03,5320.258
2017-09-04,5005.828
2017-09-05,4705.6562
2017-09-06,4452.0156
2017-09-07,4236.2734
2017-09-08,4057.3516
2017-09-09,3982.789
2017-09-10,3896.5703
2017-09-11,3795.9297
2017-09-12,3798.5312
2017-09-13,4022.2969
2017-09-14,4067.461
2017-09-15,3963.2031
2017-09-16,3751.6016
2017-09-17,3536.4531
2017-09-18,3363.8672
2017-09-19,3236.0547
2017-09-20,3149.5234
2017-09-21,3345.0703
2017-09-22,3387.7656
2017-09-23,3256.5312
2017-09-24,3180.3828
2017-09-25,3136.7344
2017-09-26,3057.6719
2017-09-27,2947.2031
2017-09-28,2835.8828
2017-09-29,2733.9297
2017-09-30,2656.125
2017-10-01,2628.4531
2017-10-02,2668.6094
2017-10-03,2792.8516
2017-10-04,2721.961
2017-10-05,2552.4375
2017-10-06,2430.4766
2017-10-07,2328.875
2017-10-08,2246.8672
2017-10-09,2173.5312
2017-10-10,2110.1328
2017-10-11,2134.6875
2017-10-12,2120.3203
2017-10-13,2064.1719
2017-10-14,2032.0469
2017-10-15,2093.4766
2017-10-16,2040.3125
2017-10-17,1941.4219
2017-10-18,1867.3047
2017-10-19,1794.9688
2017-10-20,1721.875
2017-10-21,1653.0781
2017-10-22,1596.8047
2017-10-23,1577.7812
2017-10-24,1573.75
2017-10-25,1560.7031
2017-10-26,1520.0859
2017-10-27,1462.9609
2017-10-28,1406.7812
2017-10-29,1358.4219
2017-10-30,1323.0703
2017-10-31,1300.8125
2017-11-01,1270.3438
2017-11-02,1230.4297
2017-11-03,1190.2188
2017-11-04,1150.3281
2017-11-05,1110.8984
2017-11-06,1071.2266
2017-11-07,1032.4609
2017-11-08,994.5
2017-11-09,958.0156
2017-11-10,923.84375
2017-11-11,892.1406
2017-11-12,861.4219
2017-11-13,830.9297
2017-11-14,802.58594
2017-11-15,776.6875
2017-11-16,751.6328
2017-11-17,727.71094
2017-11-18,706.6875
2017-11-19,688.3594
2017-11-20,669.4453
2017-11-21,654.52344
2017-11-22,642.8594
2017-11-23,633.2969
2017-11-24,624.0156
2017-11-25,612.7031
2017-11-26,599.78125
2017-11-27,585.7656
2017-11-28,577.8281
2017-11-29,583.1406
2017-11-30,589.2344
2017-12-01,585.3125
2017-12-02,574.53125
2017-12-03,561.2969
2017-12-04,547.7344
2017-12-05,534.78125
2017-12-06,524.1875
2017-12-07,515.7031
2017-12-08,508.95312
2017-12-09,503.60938
2017-12-10,496.57812
2017-12-11,486.39062
2017-12-12,474.67188
2017-12-13,468.23438
2017-12-14,473.90625
2017-12-15,480.09375
2017-12-16,475.65625
2017-12-17,469.3125
2017-12-18,463.67188
2017-12-19,454.89062
2017-12-20,444.84375
2017-12-21,435.625
2017-12-22,429.21875
2017-12-23,427.46875
2017-12-24,428.01562
2017-12-25,428.34375
2017-12-26,425.20312
2017-12-27,417.79688
2017-12-28,409.20312
2017-12-29,400.40625
2017-12-30,391.98438
2017-12-31,384.34375
2018-01-01,378.0
2018-01-02,372.625
2018-01-03,367.14062
2018-01-04,361.6875
2018-01-05,356.35938
2018-01-06,352.42188
2018-01-07,351.21875
2018-01-08,350.40625
2018-01-09,347.53125
2018-01-10,342.75
2018-01-11,337.3125
2018-01-12,332.23438
2018-01-13,327.70312
2018-01-14,324.48438
2018-01-15,324.35938
2018-01-16,325.375
2018-01-17,324.3125
2018-01-18,321.23438
2018-01-19,318.46875
2018-01-20,317.3125
2018-01-21,316.875
2018-01-22,316.10938
2018-01-23,313.64062
2018-01-24,312.1875
2018-01-25,314.82812
2018-01-26,319.20312
2018-01-27,327.73438
2018-01-28,337.875
2018-01-29,339.90625
2018-01-30,334.78125
2018-01-31,328.96875
2018-02-01,324.4375
2018-02-02,324.25
2018-02-03,329.28125
2018-02-04,340.8125
2018-02-05,354.46875
2018-02-06,361.71875
2018-02-07,374.71875
2018-02-08,401.46875
2018-02-09,415.4375
2018-02-10,406.96875
2018-02-11,394.34375
2018-02-12,387.8125
2018-02-13,383.40625
2018-02-14,380.5
2018-02-15,383.625
2018-02-16,381.59375
2018-02-17,376.5625
2018-02-18,400.53125
2018-02-19,427.75
2018-02-20,424.03125
2018-02-21,408.78125
2018-02-22,400.28125
2018-02-23,416.0
2018-02-24,435.28125
2018-02-25,445.4375
2018-02-26,456.71875
2018-02-27,456.15625
2018-02-28,443.15625
2018-03-01,433.84375
2018-03-02,446.9375
2018-03-03,472.6875
2018-03-04,484.625
2018-03-05,489.9375
2018-03-06,505.9375
2018-03-07,510.65625
2018-03-08,493.125
2018-03-09,482.28125
2018-03-10,501.09375
2018-03-11,513.84375
2018-03-12,510.09375
2018-03-13,518.53125
2018-03-14,521.53125
2018-03-15,537.84375
2018-03-16,588.34375
2018-03-17,603.90625
2018-03-18,586.0
2018-03-19,561.375
2018-03-20,536.46875
2018-03-21,517.21875
2018-03-22,505.03125
2018-03-23,504.40625
2018-03-24,505.5625
2018-03-25,496.375
2018-03-26,487.78125
2018-03-27,484.15625
2018-03-28,477.1875
2018-03-29,490.21875
2018-03-30,507.9375
2018-03-31,517.28125
2018-04-01,515.875
2018-04-02,505.21875
2018-04-03,491.3125
2018-04-04,479.15625
2018-04-05,477.375
2018-04-06,487.78125
2018-04-07,498.6875
2018-04-08,519.96875
2018-04-09,555.21875
2018-04-10,572.78125
2018-04-11,573.71875
2018-04-12,582.78125
2018-04-13,649.5625
2018-04-14,679.1875
2018-04-15,664.1875
2018-04-16,641.8125
2018-04-17,623.09375
2018-04-18,673.84375
2018-04-19,772.03125
2018-04-20,881.40625
2018-04-21,936.90625
2018-04-22,892.96875
2018-04-23,830.78125
2018-04-24,782.90625
2018-04-25,745.125
2018-04-26,718.8125
2018-04-27,711.5
2018-04-28,708.3125
2018-04-29,701.25
2018-04-30,711.21875
2018-05-01,775.40625
2018-05-02,804.46875
2018-05-03,804.0
2018-05-04,791.53125
2018-05-05,784.21875
2018-05-06,868.875
2018-05-07,1002.53125
2018-05-08,1038.5312
2018-05-09,1009.84375
2018-05-10,994.75
2018-05-11,938.75
2018-05-12,872.125
2018-05-13,825.28125
2018-05-14,827.875
2018-05-15,891.46875
2018-05-16,929.3125
2018-05-17,911.46875
2018-05-18,891.6875
2018-05-19,886.4375
2018-05-20,892.53125
2018-05-21,905.0625
2018-05-22,915.71875
2018-05-23,946.84375
2018-05-24,1161.3438
2018-05-25,1539.0938
2018-05-26,1630.75
2018-05-27,1679.9062
2018-05-28,1691.8125
2018-05-29,1600.4375
2018-05-30,1448.9062
2018-05-31,1367.9062
2018-06-01,1369.0312
2018-06-02,1372.2812
2018-06-03,1344.2812
2018-06-04,1321.0312
2018-06-05,1336.8125
2018-06-06,1358.2188
2018-06-07,1364.25
2018-06-08,1379.2812
2018-06-09,1398.9062
2018-06-10,1407.4062
2018-06-11,1403.75
2018-06-12,1482.0312
2018-06-13,1870.875
2018-06-14,2144.625
2018-06-15,2130.75
2018-06-16,2244.0
2018-06-17,2372.9062
2018-06-18,2452.0
2018-06-19,2432.1875
2018-06-20,2289.625
2018-06-21,2224.5938
2018-06-22,2200.75
2018-06-23,2711.9375
2018-06-24,3224.0312
2018-06-25,3231.625
2018-06-26,3988.0625
2018-06-27,4098.4688
2018-06-28,4086.6875
2018-06-29,3930.4688
2018-06-30,3802.3125
2018-07-01,3969.1562
2018-07-02,4399.6562
2018-07-03,5998.3594
2018-07-04,7598.8438
2018-07-05,6382.1094
2018-07-06,5081.0312
2018-07-07,4629.75
2018-07-08,5220.7344
2018-07-09,5676.2188
2018-07-10,5563.8594
2018-07-11,5759.1562
2018-07-12,6105.2656
2018-07-13,5996.25
2018-07-14,5824.672
2018-07-15,5686.9375
2018-07-16,5910.4062
2018-07-17,5761.9844
2018-07-18,5433.047
2018-07-19,5296.0938
2018-07-20,5048.875
2018-07-21,4861.75
2018-07-22,4852.1094
2018-07-23,4766.8906
2018-07-24,4782.7812
2018-07-25,5096.0156
2018-07-26,5406.25
2018-07-27,5241.672
2018-07-28,5022.6094
2018-07-29,4850.953
2018-07-30,5078.047
2018-07-31,6332.2656
2018-08-01,8166.0156
2018-08-02,7654.0625
2018-08-03,6653.0938
2018-08-04,5908.4062
2018-08-05,6193.4844
2018-08-06,6725.0625
2018-08-07,6269.5156
2018-08-08,5757.328
2018-08-09,5593.375
2018-08-10,5657.703
2018-08-11,5919.1875
2018-08-12,6699.828
2018-08-13,7452.703
2018-08-14,7363.6562
2018-08-15,6621.578
2018-08-16,6112.0625
2018-08-17,5793.2656
2018-08-18,5686.203
2018-08-19,5545.125
2018-08-20,5337.047
2018-08-21,5153.547
2018-08-22,5006.8438
2018-08-23,4938.2344
2018-08-24,4918.047
2018-08-25,6187.5938
2018-08-26,6168.172
2018-08-27,6100.6562
2018-08-28,6449.6875
2018-08-29,6316.5938
2018-08-30,6301.6094
2018-08-31,6503.2656
2018-09-01,6316.75
2018-09-02,5910.297
2018-09-03,5625.422
2018-09-04,5506.672
2018-09-05,5301.9688
2018-09-06,5056.2656
2018-09-07,4986.9844
2018-09-08,4909.7812
2018-09-09,4746.1875
2018-09-10,4661.047
2018-09-11,5215.6406
2018-09-12,5313.0625
2018-09-13,5191.875
2018-09-14,5025.4688
2018-09-15,4957.3125
2018-09-16,4612.6094
2018-09-17,4318.828
2018-09-18,4114.078
2018-09-19,3933.2812
2018-09-20,3762.9062
2018-09-21,3623.5938
2018-09-22,3564.3438
2018-09-23,3504.5938
2018-09-24,3408.7266
2018-09-25,3327.8906
2018-09-26,3252.3828
2018-09-27,3163.8125
2018-09-28,3082.2031
2018-09-29,2993.8672
2018-09-30,2893.6172
2018-10-01,2804.4922
2018-10-02,2748.5625
2018-10-03,2743.9766
2018-10-04,2795.3047
2018-10-05,2745.7031
2018-10-06,2622.6875
2018-10-07,2506.6797
2018-10-08,2420.5469
2018-10-09,2339.289
2018-10-10,2253.375
2018-10-11,2169.5078
2018-10-12,2090.3281
2018-10-13,2028.9297
2018-10-14,2009.8047
2018-10-15,1990.2188
2018-10-16,1946.1094
2018-10-17,1899.375
2018-10-18,1906.5078
2018-10-19,1913.6172
2018-10-20,1895.9453
2018-10-21,1848.25
2018-10-22,1788.4062
2018-10-23,1729.4062
2018-10-24,1674.8203
2018-10-25,1609.6641
2018-10-26,1541.6016
2018-10-27,1481.0625
2018-10-28,1425.4766
2018-10-29,1372.6328
2018-10-30,1322.7266
2018-10-31,1274.9375
2018-11-01,1229.1328
2018-11-02,1184.1016
2018-11-03,1142.3516
2018-11-04,1127.9453
2018-11-05,1138.1875
2018-11-06,1122.0625
2018-11-07,1075.7109
2018-11-08,1028.0547
2018-11-09,985.9297
2018-11-10,948.8828
2018-11-11,918.3594
2018-11-12,892.78125
2018-11-13,870.10156
2018-11-14,876.46875
2018-11-15,928.0469
2018-11-16,929.02344
2018-11-17,895.0781
2018-11-18,862.1719
2018-11-19,834.03125
2018-11-20,814.0
2018-11-21,799.97656
2018-11-22,784.8828
2018-11-23,763.0781
2018-11-24,739.3906
2018-11-25,719.1094
2018-11-26,698.7344
2018-11-27,677.5469
2018-11-28,657.3906
2018-11-29,638.8906
2018-11-30,620.6875
2018-12-01,615.71875
2018-12-02,617.6719
2018-12-03,616.3125
2018-12-04,613.5469
2018-12-05,607.6406
2018-12-06,598.0156
2018-12-07,587.9219
2018-12-08,579.96875
2018-12-09,574.46875
2018-12-10,566.5781
2018-12-11,556.8281
2018-12-12,546.4531
2018-12-13,534.21875
2018-12-14,520.8281
2018-12-15,508.29688
2018-12-16,496.76562
2018-12-17,485.32812
2018-12-18,473.875
2018-12-19,465.01562
2018-12-20,461.42188
2018-12-21,456.07812
2018-12-22,450.40625
2018-12-23,446.57812
2018-12-24,441.48438
2018-12-25,437.34375
2018-12-26,437.28125
2018-12-27,436.21875
2018-12-28,430.92188
2018-12-29,424.96875
2018-12-30,419.20312
2018-12-31,411.04688
2019-01-01,402.34375
2019-01-02,394.09375
2019-01-03,386.625
2019-01-04,380.875
2019-01-05,377.75
2019-01-06,373.8125
2019-01-07,368.125
2019-01-08,363.25
2019-01-09,359.5625
2019-01-10,356.15625
2019-01-11,354.96875
2019-01-12,355.4375
2019-01-13,353.9375
2019-01-14,352.15625
2019-01-15,350.75
2019-01-16,350.53125
2019-01-17,347.40625
2019-01-18,342.0
2019-01-19,338.03125
2019-01-20,335.71875
2019-01-21,332.53125
2019-01-22,329.1875
2019-01-23,329.59375
2019-01-24,343.15625
2019-01-25,363.1875
2019-01-26,370.90625
2019-01-27,379.9375
2019-01-28,390.90625
2019-01-29,387.0625
2019-01-30,377.9375
2019-01-31,368.40625
2019-02-01,359.0
2019-02-02,351.4375
2019-02-03,347.59375
2019-02-04,347.03125
2019-02-05,346.03125
2019-02-06,343.71875
2019-02-07,350.1875
2019-02-08,385.65625
2019-02-09,476.03125
2019-02-10,509.90625
2019-02-11,497.34375
2019-02-12,480.1875
2019-02-13,460.34375
2019-02-14,442.71875
2019-02-15,428.625
2019-02-16,432.78125
2019-02-17,445.25
2019-02-18,445.75
2019-02-19,464.375
2019-02-20,500.59375
2019-02-21,507.09375
2019-02-22,488.3125
2019-02-23,483.875
2019-02-24,491.125
2019-02-25,505.875
2019-02-26,522.375
2019-02-27,523.40625
2019-02-28,518.5
2019-03-01,520.03125
2019-03-02,528.40625
2019-03-03,522.03125
2019-03-04,536.8125
2019-03-05,591.75
2019-03-06,625.84375
2019-03-07,620.96875
2019-03-08,604.875
2019-03-09,593.21875
2019-03-10,592.5625
2019-03-11,585.46875
2019-03-12,575.8125
2019-03-13,565.09375
2019-03-14,549.625
2019-03-15,550.3125
2019-03-16,558.9375
2019-03-17,546.96875
2019-03-18,530.90625
2019-03-19,523.0
2019-03-20,524.53125
2019-03-21,533.75
2019-03-22,543.40625
2019-03-23,539.59375
2019-03-24,523.40625
2019-03-25,507.09375
2019-03-26,506.84375
2019-03-27,516.375
2019-03-28,517.75
2019-03-29,506.53125
2019-03-30,491.5625
2019-03-31,496.125
2019-04-01,511.125
2019-04-02,513.8125
2019-04-03,508.65625
2019-04-04,502.375
2019-04-05,506.625
2019-04-06,523.40625
2019-04-07,558.15625
2019-04-08,592.78125
2019-04-09,609.46875
2019-04-10,621.84375
2019-04-11,634.71875
2019-04-12,629.09375
2019-04-13,613.3125
2019-04-14,605.3125
2019-04-15,603.5
2019-04-16,604.4375
2019-04-17,610.1875
2019-04-18,632.09375
2019-04-19,661.25
2019-04-20,661.28125
2019-04-21,642.46875
2019-04-22,629.46875
2019-04-23,624.46875
2019-04-24,632.0625
2019-04-25,634.53125
2019-04-26,623.59375
2019-04-27,614.34375
2019-04-28,640.78125
2019-04-29,706.0625
2019-04-30,775.4375
2019-05-01,774.375
2019-05-02,775.125
2019-05-03,840.59375
2019-05-04,840.3125
2019-05-05,803.21875
2019-05-06,860.0
2019-05-07,871.15625
2019-05-08,856.90625
2019-05-09,888.25
2019-05-10,865.65625
2019-05-11,810.0625
2019-05-12,787.75
2019-05-13,769.3125
2019-05-14,746.28125
2019-05-15,732.1875
2019-05-16,738.5
2019-05-17,805.03125
2019-05-18,873.0
2019-05-19,903.15625
2019-05-20,890.90625
2019-05-21,842.03125
2019-05-22,820.21875
2019-05-23,851.375
2019-05-24,875.46875
2019-05-25,891.84375
2019-05-26,1100.3438
2019-05-27,1122.4688
2019-05-28,1054.9375
2019-05-29,1114.3438
2019-05-30,1103.8438
2019-05-31,1068.3438
2019-06-01,1035.0625
2019-06-02,1008.53125
2019-06-03,996.90625
2019-06-04,988.96875
2019-06-05,1029.9375
2019-06-06,1058.5625
2019-06-07,1068.5
2019-06-08,1113.0938
2019-06-09,1402.2188
2019-06-10,1700.8438
2019-06-11,1765.3125
2019-06-12,1528.8438
2019-06-13,1388.9688
2019-06-14,1326.3438
2019-06-15,1406.3438
2019-06-16,1729.75
2019-06-17,1855.4688
2019-06-18,2158.9062
2019-06-19,2417.875
2019-06-20,2428.1562
2019-06-21,2209.0312
2019-06-22,1992.0
2019-06-23,1975.9688
2019-06-24,1950.75
2019-06-25,2000.1875
2019-06-26,2207.4688
2019-06-27,2816.6562
2019-06-28,2929.7188
2019-06-29,2903.9062
2019-06-30,2719.3438
2019-07-01,2584.2188
2019-07-02,2540.5312
2019-07-03,2580.5312
2019-07-04,2759.1875
2019-07-05,3025.5938
2019-07-06,3338.625
2019-07-07,3454.0469
2019-07-08,3446.3594
2019-07-09,4891.547
2019-07-10,6840.0312
2019-07-11,7782.625
2019-07-12,8603.328
2019-07-13,13096.0
2019-07-14,15044.719
2019-07-15,10961.516
2019-07-16,8463.9375
2019-07-17,7214.125
2019-07-18,6438.3594
2019-07-19,5981.7656
2019-07-20,5704.672
2019-07-21,5520.047
2019-07-22,5462.5312
2019-07-23,5861.047
2019-07-24,6763.6406
2019-07-25,8194.359
2019-07-26,7350.0625
2019-07-27,6627.9688
2019-07-28,6428.5625
2019-07-29,6386.625
2019-07-30,6194.4062
2019-07-31,5901.75
2019-08-01,5663.5312
2019-08-02,5935.2812
2019-08-03,6072.8125
2019-08-04,5973.7812
2019-08-05,5884.1562
2019-08-06,6000.75
2019-08-07,5815.7188
2019-08-08,5467.3125
2019-08-09,5500.6406
2019-08-10,5573.2812
2019-08-11,5327.0156
2019-08-12,5168.203
2019-08-13,4987.3906
2019-08-14,4804.375
2019-08-15,4922.2656
2019-08-16,5096.7188
2019-08-17,5077.047
2019-08-18,4980.5
2019-08-19,4775.2656
2019-08-20,4515.0625
2019-08-21,4307.0312
2019-08-22,4154.9844
2019-08-23,4030.7656
2019-08-24,4062.3594
2019-08-25,4094.0625
2019-08-26,4022.8906
2019-08-27,3860.9531
2019-08-28,3720.4844
2019-08-29,3621.5625
2019-08-30,3564.1406
2019-08-31,3508.5781
2019-09-01,3802.2969
2019-09-02,3863.3906
2019-09-03,3589.9844
2019-09-04,3484.2031
2019-09-05,3504.4531
2019-09-06,3739.664
2019-09-07,3786.7188
2019-09-08,3629.5234
2019-09-09,3469.6406
2019-09-10,3351.5156
2019-09-11,3273.9688
2019-09-12,3783.9297
2019-09-13,4795.2812
2019-09-14,5000.8047
2019-09-15,4881.086
2019-09-16,4570.7266
2019-09-17,4681.6484
2019-09-18,5321.9297
2019-09-19,5024.8203
2019-09-20,4490.1016
2019-09-21,4071.1953
2019-09-22,3832.9219
2019-09-23,3678.9766
2019-09-24,3649.6328
2019-09-25,3797.2578
2019-09-26,3817.9766
2019-09-27,3636.0
2019-09-28,3563.4375
2019-09-29,4053.7188
2019-09-30,4505.8906
2019-10-01,4164.2188
2019-10-02,3824.1797
2019-10-03,3653.914
2019-10-04,3502.836
2019-10-05,3346.2969
2019-10-06,3207.1172
2019-10-07,3088.4375
2019-10-08,2984.9844
2019-10-09,2973.6797
2019-10-10,3002.4219
2019-10-11,2916.875
2019-10-12,2784.1562
2019-10-13,2670.4453
2019-10-14,2568.8438
2019-10-15,2474.25
2019-10-16,2384.7656
2019-10-17,2295.8906
2019-10-18,2208.6875
2019-10-19,2126.625
2019-10-20,2049.5156
2019-10-21,1976.8203
2019-10-22,1921.1562
2019-10-23,1881.5078
2019-10-24,1842.5234
2019-10-25,1796.4219
2019-10-26,1745.4688
2019-10-27,1691.8438
2019-10-28,1639.3203
2019-10-29,1591.5781
2019-10-30,1547.0
2019-10-31,1498.6641
2019-11-01,1453.4766
2019-11-02,1414.7031
2019-11-03,1372.5859
2019-11-04,1325.8516
2019-11-05,1288.0234
2019-11-06,1259.5156
2019-11-07,1229.7812
2019-11-08,1195.4766
2019-11-09,1157.7891
2019-11-10,1118.4297
2019-11-11,1081.3281
2019-11-12,1048.5625
2019-11-13,1019.58594
2019-11-14,988.58594
2019-11-15,955.9844
2019-11-16,929.4375
2019-11-17,911.1328
2019-11-18,899.9922
2019-11-19,908.02344
2019-11-20,914.84375
2019-11-21,897.1094
2019-11-22,865.3594
2019-11-23,834.5469
2019-11-24,807.1875
2019-11-25,785.2969
2019-11-26,785.375
2019-11-27,789.125
2019-11-28,771.9219
2019-11-29,752.125
2019-11-30,742.6094
2019-12-01,741.4375
2019-12-02,736.0781
2019-12-03,729.875
2019-12-04,714.6094
2019-12-05,693.5781
2019-12-06,672.0625
2019-12-07,650.21875
2019-12-08,630.1406
2019-12-09,611.4219
2019-12-10,593.6094
2019-12-11,576.75
2019-12-12,562.1406
2019-12-13,553.65625
2019-12-14,559.1094
2019-12-15,594.53125
2019-12-16,621.6094
2019-12-17,610.71875
2019-12-18,594.5625
2019-12-19,579.21875
2019-12-20,563.5
2019-12-21,550.7656
2019-12-22,545.8594
2019-12-23,543.40625
2019-12-24,537.9375
2019-12-25,532.34375
2019-12-26,528.4375
2019-12-27,519.28125
2019-12-28,505.17188
2019-12-29,491.59375
2019-12-30,478.79688
2019-12-31,466.76562
2020-01-01,455.375
2020-01-02,444.76562
2020-01-03,434.9375
2020-01-04,432.48438
2020-01-05,453.32812
2020-01-06,477.0
2020-01-07,475.75
2020-01-08,465.28125
2020-01-09,465.6875
2020-01-10,489.375
2020-01-11,506.03125
2020-01-12,497.375
2020-01-13,481.4375
2020-01-14,465.375
2020-01-15,460.03125
2020-01-16,463.15625
2020-01-17,464.875
2020-01-18,495.0
2020-01-19,568.65625
2020-01-20,588.21875
2020-01-21,554.34375
2020-01-22,533.15625
2020-01-23,527.84375
2020-01-24,537.9375
2020-01-25,531.625
2020-01-26,508.59375
2020-01-27,492.15625
2020-01-28,485.4375
2020-01-29,492.82812
2020-01-30,531.53125
2020-01-31,560.9844
2020-02-01,557.2969
2020-02-02,550.34375
2020-02-03,541.8281
2020-02-04,532.1875
2020-02-05,527.5781
2020-02-06,531.90625
2020-02-07,532.40625
2020-02-08,526.28125
2020-02-09,515.9531
2020-02-10,502.35938
2020-02-11,489.35938
2020-02-12,477.45312
2020-02-13,467.51562
2020-02-14,458.0625
2020-02-15,452.84375
2020-02-16,456.10938
2020-02-17,459.89062
2020-02-18,469.53125
2020-02-19,479.04688
2020-02-20,483.875
2020-02-21,493.0
2020-02-22,505.90625
2020-02-23,514.78125
2020-02-24,513.2344
2020-02-25,502.5625
2020-02-26,492.53125
2020-02-27,498.9375
2020-02-28,514.3906
2020-02-29,515.8906
2020-03-01,502.67188
2020-03-02,500.40625
2020-03-03,514.34375
2020-03-04,550.0625
2020-03-05,562.65625
2020-03-06,554.53125
2020-03-07,553.75
2020-03-08,576.53125
2020-03-09,598.625
2020-03-10,592.4375
2020-03-11,608.25
2020-03-12,642.25
2020-03-13,633.5625
2020-03-14,602.375
2020-03-15,591.875
2020-03-16,594.65625
2020-03-17,587.09375
2020-03-18,570.4375
2020-03-19,567.0625
2020-03-20,592.03125
2020-03-21,603.6875
2020-03-22,595.03125
2020-03-23,588.9375
2020-03-24,594.8125
2020-03-25,607.0
2020-03-26,623.9375
2020-03-27,632.03125
2020-03-28,654.90625
2020-03-29,686.1875
2020-03-30,700.6875
2020-03-31,670.96875
2020-04-01,630.15625
2020-04-02,621.125
2020-04-03,635.1875
2020-04-04,637.8125
2020-04-05,619.71875
2020-04-06,600.53125
2020-04-07,588.71875
2020-04-08,578.5
2020-04-09,580.1875
2020-04-10,581.53125
2020-04-11,571.21875
2020-04-12,557.25
2020-04-13,544.125
2020-04-14,534.3125
2020-04-15,531.6875
2020-04-16,534.6875
2020-04-17,540.3125
2020-04-18,589.5
2020-04-19,672.25
2020-04-20,698.75
2020-04-21,716.40625
2020-04-22,761.09375
2020-04-23,757.03125
2020-04-24,778.125
2020-04-25,791.78125
2020-04-26,788.59375
2020-04-27,783.125
2020-04-28,783.0
2020-04-29,785.90625
2020-04-30,784.71875
2020-05-01,784.5
2020-05-02,795.15625
2020-05-03,815.6875
2020-05-04,824.84375
2020-05-05,839.0625
2020-05-06,872.84375
2020-05-07,889.84375
2020-05-08,921.9375
2020-05-09,930.8125
2020-05-10,875.5625
2020-05-11,832.65625
2020-05-12,813.3125
2020-05-13,806.21875
2020-05-14,804.75
2020-05-15,886.6875
2020-05-16,978.4375
2020-05-17,987.78125
2020-05-18,980.03125
2020-05-19,999.09375
2020-05-20,1025.1562
2020-05-21,1065.625
2020-05-22,1113.3125
2020-05-23,1296.3125
2020-05-24,1881.5938
2020-05-25,2190.0312
2020-05-26,2164.3438
2020-05-27,1995.9375
2020-05-28,1745.9062
2020-05-29,1575.625
2020-05-30,1517.5312
2020-05-31,1521.9688
2020-06-01,1750.9062
2020-06-02,1872.0938
2020-06-03,1866.4062
2020-06-04,1850.125
2020-06-05,1790.625
2020-06-06,1884.3438
2020-06-07,1963.9375
2020-06-08,1916.5312
2020-06-09,1876.8125
2020-06-10,1876.0625
2020-06-11,1869.4062
2020-06-12,1996.2188
2020-06-13,1997.5625
2020-06-14,1977.1562
2020-06-15,2221.3125
2020-06-16,2784.5625
2020-06-17,3395.0938
2020-06-18,3372.6562
2020-06-19,3510.2188
2020-06-20,4164.1875
2020-06-21,4298.7188
2020-06-22,4008.875
2020-06-23,3898.2656
2020-06-24,3866.4531
2020-06-25,3747.7969
2020-06-26,4747.672
2020-06-27,6294.953
2020-06-28,5669.0312
2020-06-29,4967.6562
2020-06-30,4969.7344
2020-07-01,4784.4844
2020-07-02,4803.8594
2020-07-03,5076.797
2020-07-04,4828.8906
2020-07-05,4668.7812
2020-07-06,4814.0938
2020-07-07,5181.547
2020-07-08,5187.3906
2020-07-09,5603.2812
2020-07-10,6959.578
2020-07-11,9845.906
2020-07-12,10489.422
2020-07-13,9516.109
2020-07-14,8732.953
2020-07-15,7636.0938
2020-07-16,6845.5938
2020-07-17,6657.672
2020-07-18,6951.5625
2020-07-19,6801.9062
2020-07-20,7393.7656
2020-07-21,10284.469
2020-07-22,9428.4375
2020-07-23,8129.547
2020-07-24,8651.6875
2020-07-25,8455.969
2020-07-26,7597.547
2020-07-27,7000.4844
2020-07-28,7776.8438
2020-07-29,9512.406
2020-07-30,8898.156
2020-07-31,8197.516
2020-08-01,8429.625
2020-08-02,8624.828
2020-08-03,8009.0312
2020-08-04,7737.3438
2020-08-05,7372.6406
2020-08-06,7297.4844
2020-08-07,7281.9688
2020-08-08,7219.5625
2020-08-09,7777.3594
2020-08-10,8055.1875
2020-08-11,7431.8906
2020-08-12,7383.578
2020-08-13,7429.9375
2020-08-14,7456.297
2020-08-15,7539.2656
2020-08-16,7123.6406
2020-08-17,6711.0156
2020-08-18,7013.9062
2020-08-19,6936.5
2020-08-20,6435.625
2020-08-21,6051.953
2020-08-22,5788.578
2020-08-23,5590.9375
2020-08-24,5483.7266
2020-08-25,5478.2266
2020-08-26,5404.375
2020-08-27,5274.0234
2020-08-28,5066.711
2020-08-29,4879.672
2020-08-30,4733.117
2020-08-31,4589.2812
2020-09-01,4528.8984
2020-09-02,4506.078
2020-09-03,4389.0156
2020-09-04,4267.203
2020-09-05,4134.6484
2020-09-06,4040.4297
2020-09-07,4462.8516
2020-09-08,4909.8906
2020-09-09,4751.8594
2020-09-10,4347.5312
2020-09-11,4257.1406
2020-09-12,4405.633
2020-09-13,4676.1484
2020-09-14,4603.3047
2020-09-15,4603.0156
2020-09-16,4518.7656
2020-09-17,4236.0625
2020-09-18,4560.6797
2020-09-19,4730.4766
2020-09-20,4403.508
2020-09-21,4073.961
2020-09-22,3918.1875
2020-09-23,4526.2734
2020-09-24,6441.9766
2020-09-25,6406.1484
2020-09-26,7651.5625
2020-09-27,6805.0
2020-09-28,5626.9766
2020-09-29,5040.6094
2020-09-30,4700.242
2020-10-01,4461.4375
2020-10-02,4279.867
2020-10-03,4119.8594
2020-10-04,3975.9062
2020-10-05,3865.375
2020-10-06,3804.9219
2020-10-07,3714.164
2020-10-08,3581.2422
2020-10-09,3440.1328
2020-10-10,3300.5703
2020-10-11,3167.375
2020-10-12,3042.125
2020-10-13,2925.4453
2020-10-14,2815.4453
2020-10-15,2709.2422
2020-10-16,2606.875
2020-10-17,2510.3984
2020-10-18,2418.2188
2020-10-19,2328.7734
2020-10-20,2243.211
2020-10-21,2164.9297
2020-10-22,2088.4062
2020-10-23,2013.3359
2020-10-24,1940.9141
2020-10-25,1871.7656
2020-10-26,1808.4062
2020-10-27,1788.0703
2020-10-28,1745.6406
2020-10-29,1681.7266
2020-10-30,1615.4453
2020-10-31,1552.5859
2020-11-01,1493.4453
2020-11-02,1437.7266
2020-11-03,1387.6094
2020-11-04,1372.6797
2020-11-05,1344.4453
2020-11-06,1295.5469
2020-11-07,1250.7422
2020-11-08,1208.7109
2020-11-09,1166.9219
2020-11-10,1125.0625
2020-11-11,1084.0703
2020-11-12,1045.2891
2020-11-13,1008.03125
2020-11-14,971.9531
2020-11-15,936.9922
2020-11-16,903.6328
2020-11-17,871.65625
2020-11-18,845.59375
2020-11-19,838.0469
2020-11-20,839.8047
2020-11-21,842.64844
2020-11-22,830.40625
2020-11-23,806.625
2020-11-24,784.2031
2020-11-25,762.78906
2020-11-26,740.28125
2020-11-27,716.90625
2020-11-28,694.7344
2020-11-29,674.4297
2020-11-30,654.9922
2020-12-01,635.10156
2020-12-02,616.16406
2020-12-03,598.8828
2020-12-04,585.28125
2020-12-05,577.6406
2020-12-06,573.4375
2020-12-07,570.7656
2020-12-08,570.08594
2020-12-09,569.46094
2020-12-10,565.96875
2020-12-11,562.77344
2020-12-12,561.5781
2020-12-13,565.5
2020-12-14,578.9531
2020-12-15,584.03906
2020-12-16,575.39844
2020-12-17,570.625
2020-12-18,568.2031
2020-12-19,559.40625
2020-12-20,545.6719
2020-12-21,530.8906
2020-12-22,517.125
2020-12-23,505.34375
2020-12-24,499.6875
2020-12-25,497.48438
2020-12-26,492.15625
2020-12-27,484.875
2020-12-28,477.92188
2020-12-29,472.1875
2020-12-30,467.84375
2020-12-31,462.98438
2021-01-01,456.07812
2021-01-02,450.21875
2021-01-03,446.95312
2021-01-04,447.21875
2021-01-05,452.09375
2021-01-06,457.29688
2021-01-07,465.3125
2021-01-08,466.67188
2021-01-09,463.42188
2021-01-10,463.73438
2021-01-11,461.07812
2021-01-12,457.64062
2021-01-13,455.51562
2021-01-14,452.35938
2021-01-15,446.59375
2021-01-16,439.29688
2021-01-17,432.23438
2021-01-18,427.8125
2021-01-19,424.20312
2021-01-20,428.78125
2021-01-21,452.54688
2021-01-22,467.01562
2021-01-23,460.09375
2021-01-24,450.35938
2021-01-25,449.98438
2021-01-26,450.375
2021-01-27,446.51562
2021-01-28,440.71875
2021-01-29,432.5
2021-01-30,424.35938
2021-01-31,416.82812
2021-02-01,409.6875
2021-02-02,403.125
2021-02-03,397.125
2021-02-04,391.34375
2021-02-05,385.8125
2021-02-06,383.5
2021-02-07,383.90625
2021-02-08,385.0
2021-02-09,382.40625
2021-02-10,374.90625
2021-02-11,372.5
2021-02-12,372.53125
2021-02-13,367.625
2021-02-14,363.15625
2021-02-15,372.03125
2021-02-16,395.34375
2021-02-17,421.21875
2021-02-18,429.34375
2021-02-19,417.0625
2021-02-20,402.96875
2021-02-21,391.875
2021-02-22,382.21875
2021-02-23,373.65625
2021-02-24,366.28125
2021-02-25,367.0
2021-02-26,376.1875
2021-02-27,386.1875
2021-02-28,411.46875
2021-03-01,451.53125
2021-03-02,483.625
2021-03-03,482.0
2021-03-04,461.0625
2021-03-05,450.78125
2021-03-06,466.5625
2021-03-07,480.25
2021-03-08,477.625
2021-03-09,481.5
2021-03-10,487.5625
2021-03-11,502.28125
2021-03-12,511.53125
2021-03-13,515.21875
2021-03-14,520.3125
2021-03-15,519.0
2021-03-16,512.375
2021-03-17,508.4375
2021-03-18,505.03125
2021-03-19,501.09375
2021-03-20,498.0625
2021-03-21,501.53125
2021-03-22,501.3125
2021-03-23,489.8125
2021-03-24,477.78125
2021-03-25,472.1875
2021-03-26,468.03125
2021-03-27,460.09375
2021-03-28,449.5625
2021-03-29,437.9375
2021-03-30,432.5
2021-03-31,473.40625
2021-04-01,575.4375
2021-04-02,648.21875
2021-04-03,632.5625
2021-04-04,583.1875
2021-04-05,544.875
2021-04-06,518.78125
2021-04-07,498.125
2021-04-08,484.59375
2021-04-09,494.4375
2021-04-10,505.28125
2021-04-11,497.125
2021-04-12,484.09375
2021-04-13,470.875
2021-04-14,458.625
2021-04-15,447.75
2021-04-16,437.90625
2021-04-17,432.09375
2021-04-18,451.40625
2021-04-19,488.53125
2021-04-20,501.9375
2021-04-21,489.84375
2021-04-22,495.84375
2021-04-23,510.375
2021-04-24,501.4375
2021-04-25,484.15625
2021-04-26,471.03125
2021-04-27,459.5625
2021-04-28,448.40625
2021-04-29,439.09375
2021-04-30,432.65625
2021-05-01,428.96875
2021-05-02,426.8125
2021-05-03,427.40625
2021-05-04,442.0
2021-05-05,461.75
2021-05-06,478.53125
2021-05-07,504.84375
2021-05-08,547.65625
2021-05-09,667.375
2021-05-10,723.125
2021-05-11,675.03125
2021-05-12,674.71875
2021-05-13,719.71875
2021-05-14,802.8125
2021-05-15,886.125
2021-05-16,906.84375
2021-05-17,897.90625
2021-05-18,979.15625
2021-05-19,1039.9375
2021-05-20,1108.625
2021-05-21,1989.2188
2021-05-22,1880.6875
2021-05-23,1498.0
2021-05-24,1293.9375
2021-05-25,1192.5312
2021-05-26,1165.2188
2021-05-27,1234.2188
2021-05-28,1661.0625
2021-05-29,3516.4062
2021-05-30,3322.4062
2021-05-31,2398.0625
2021-06-01,2304.375
2021-06-02,2497.5312
2021-06-03,2382.9375
2021-06-04,2205.625
2021-06-05,2080.0312
2021-06-06,2082.3125
2021-06-07,2155.6562
2021-06-08,2315.4375
2021-06-09,2351.875
2021-06-10,2223.4688
2021-06-11,2172.6562
2021-06-12,2150.6875
2021-06-13,2297.5
2021-06-14,2389.2188
2021-06-15,2475.5625
2021-06-16,2572.875
2021-06-17,2637.75
2021-06-18,2696.2188
2021-06-19,2976.9375
2021-06-20,3290.5
2021-06-21,3305.9375
2021-06-22,3109.4062
2021-06-23,3066.9062
2021-06-24,3129.875
2021-06-25,3058.2812
2021-06-26,3125.9688
2021-06-27,3141.8125
2021-06-28,3079.1875
2021-06-29,3159.6719
2021-06-30,3997.6562
2021-07-01,5898.3438
2021-07-02,7613.4688
2021-07-03,8372.281
2021-07-04,6503.7812
2021-07-05,5268.1562
2021-07-06,4757.5
2021-07-07,4739.828
2021-07-08,5185.5
2021-07-09,6393.6562
2021-07-10,6036.2188
2021-07-11,6048.578
2021-07-12,5889.5312
2021-07-13,5364.578
2021-07-14,5154.3125
2021-07-15,5349.8438
2021-07-16,5960.9688
2021-07-17,5783.25
2021-07-18,5535.3594
2021-07-19,5719.328
2021-07-20,6224.3438
2021-07-21,6436.422
2021-07-22,6058.375
2021-07-23,5678.3594
2021-07-24,5433.0156
2021-07-25,5424.7656
2021-07-26,5981.578
2021-07-27,6409.578
2021-07-28,6556.625
2021-07-29,6019.9688
2021-07-30,5523.0
2021-07-31,5387.797
2021-08-01,5362.7812
2021-08-02,5345.75
2021-08-03,5437.2344
2021-08-04,5444.125
2021-08-05,5338.703
2021-08-06,5097.9844
2021-08-07,4809.547
2021-08-08,4709.3125
2021-08-09,5541.5312
2021-08-10,5600.9062
2021-08-11,5177.5938
2021-08-12,4959.875
2021-08-13,5437.25
2021-08-14,6435.9375
2021-08-15,7381.5938
2021-08-16,7207.125
2021-08-17,6297.9375
2021-08-18,5632.172
2021-08-19,5392.203
2021-08-20,6216.8594
2021-08-21,6696.875
2021-08-22,6235.328
2021-08-23,5695.6562
2021-08-24,5573.3906
2021-08-25,5524.5312
2021-08-26,5866.9375
2021-08-27,7580.4453
2021-08-28,8574.016
2021-08-29,9729.555
2021-08-30,8820.672
2021-08-31,7561.4375
2021-09-01,6704.242
2021-09-02,6263.5547
2021-09-03,6480.758
2021-09-04,6559.9688
2021-09-05,6166.25
2021-09-06,5881.9297
2021-09-07,5932.117
2021-09-08,5868.258
2021-09-09,5674.211
2021-09-10,5570.836
2021-09-11,5414.9688
2021-09-12,5195.2734
2021-09-13,4990.9453
2021-09-14,4835.0
2021-09-15,4688.914
2021-09-16,4689.922
2021-09-17,4651.7188
2021-09-18,4547.6094
2021-09-19,4442.1016
2021-09-20,4436.4375
2021-09-21,4478.3516
2021-09-22,4320.172
2021-09-23,4058.5625
2021-09-24,3885.5078
2021-09-25,3749.6562
2021-09-26,3629.164
2021-09-27,3521.9766
2021-09-28,3415.6719
2021-09-29,3320.4297
2021-09-30,3253.0
2021-10-01,3189.4062
2021-10-02,3116.836
2021-10-03,3095.2812
2021-10-04,3145.1719
2021-10-05,3100.6094
2021-10-06,2990.8125
2021-10-07,2877.0078
2021-10-08,2777.3516
2021-10-09,2688.3281
2021-10-10,2606.0625
2021-10-11,2526.914
2021-10-12,2439.5
2021-10-13,2347.0703
2021-10-14,2256.8438
2021-10-15,2169.9453
2021-10-16,2086.4453
2021-10-17,2007.2656
2021-10-18,1936.5312
2021-10-19,2718.1328
2021-10-20,8149.211
2021-10-21,6166.4844
2021-10-22,4248.1016
2021-10-23,3467.0547
2021-10-24,3105.9453
2021-10-25,2893.75
2021-10-26,2743.0312
2021-10-27,2620.8438
2021-10-28,2508.7578
2021-10-29,2404.6406
2021-10-30,2305.6484
2021-10-31,2212.3906
2021-11-01,2134.0469
2021-11-02,2072.9531
2021-11-03,2010.5312
2021-11-04,1944.125
2021-11-05,1878.875
2021-11-06,1817.5
2021-11-07,1761.1094
2021-11-08,1708.8906
2021-11-09,1656.6562
2021-11-10,1602.2109
2021-11-11,1545.9141
2021-11-12,1490.4219
2021-11-13,1437.3672
2021-11-14,1388.4062
2021-11-15,1342.7969
2021-11-16,1305.2422
2021-11-17,1269.9844
2021-11-18,1230.7578
2021-11-19,1188.3672
2021-11-20,1146.5234
2021-11-21,1112.3438
2021-11-22,1089.6016
2021-11-23,1075.7266
2021-11-24,1061.1641
2021-11-25,1039.2969
2021-11-26,1012.96875
2021-11-27,989.03906
2021-11-28,965.90625
2021-11-29,939.1719
2021-11-30,909.1875
2021-12-01,879.375
2021-12-02,850.7656
2021-12-03,823.15625
2021-12-04,798.375
2021-12-05,778.0625
2021-12-06,762.90625
2021-12-07,747.0
2021-12-08,737.1406
2021-12-09,732.34375
2021-12-10,719.65625
2021-12-11,700.5625
2021-12-12,681.9531
2021-12-13,663.8906
2021-12-14,646.3125
2021-12-15,629.5781
2021-12-16,615.09375
2021-12-17,602.5625
2021-12-18,589.9531
2021-12-19,576.34375
2021-12-20,562.5
2021-12-21,549.0
2021-12-22,536.375
2021-12-23,524.5781
2021-12-24,514.0469
2021-12-25,504.5
2021-12-26,498.04688
2021-12-27,498.51562
2021-12-28,503.35938
2021-12-29,508.32812
2021-12-30,532.0156
2021-12-31,571.0625
2022-01-01,587.0
2022-01-02,571.75
2022-01-03,551.5781
2022-01-04,533.75
2022-01-05,517.6875
2022-01-06,502.51562
2022-01-07,492.0625
2022-01-08,491.03125
2022-01-09,495.4375
2022-01-10,511.1875
2022-01-11,527.75
2022-01-12,522.46875
2022-01-13,507.65625
2022-01-14,499.8125
2022-01-15,493.32812
2022-01-16,484.0625
2022-01-17,475.39062
2022-01-18,464.95312
2022-01-19,455.01562
2022-01-20,447.1875
2022-01-21,441.53125
2022-01-22,438.76562
2022-01-23,442.23438
2022-01-24,450.20312
2022-01-25,458.0
2022-01-26,467.6875
2022-01-27,471.25
2022-01-28,465.03125
2022-01-29,458.0
2022-01-30,449.82812
2022-01-31,440.9375
2022-02-01,434.54688
2022-02-02,437.40625
2022-02-03,444.39062
2022-02-04,446.67188
2022-02-05,504.73438
2022-02-06,638.71875
2022-02-07,635.53125
2022-02-08,595.6094
2022-02-09,573.3281
2022-02-10,581.5781
2022-02-11,600.03125
2022-02-12,602.21875
2022-02-13,588.1094
2022-02-14,566.375
2022-02-15,546.21875
2022-02-16,531.1719
2022-02-17,525.0469
2022-02-18,531.5
2022-02-19,545.46875
2022-02-20,572.0625
2022-02-21,589.5625
2022-02-22,582.03125
2022-02-23,568.09375
2022-02-24,556.125
2022-02-25,558.34375
2022-02-26,580.0
2022-02-27,602.375
2022-02-28,614.15625
2022-03-01,600.09375
2022-03-02,579.1875
2022-03-03,571.625
2022-03-04,581.84375
2022-03-05,595.90625
2022-03-06,586.71875
2022-03-07,565.25
2022-03-08,549.25
2022-03-09,536.1875
2022-03-10,525.5625
2022-03-11,516.28125
2022-03-12,508.15625
2022-03-13,501.65625
2022-03-14,495.40625
2022-03-15,489.40625
2022-03-16,484.40625
2022-03-17,480.3125
2022-03-18,478.21875
2022-03-19,478.34375
2022-03-20,482.65625
2022-03-21,546.28125
2022-03-22,587.46875
2022-03-23,562.875
2022-03-24,556.03125
2022-03-25,585.34375
2022-03-26,601.625
2022-03-27,584.0
2022-03-28,561.3125
2022-03-29,548.78125
2022-03-30,546.15625
2022-03-31,568.125
2022-04-01,656.84375
2022-04-02,760.28125
2022-04-03,870.59375
2022-04-04,1108.3438
2022-04-05,1117.7188
2022-04-06,1022.6875
2022-04-07,978.78125
2022-04-08,1111.8125
2022-04-09,1161.875
2022-04-10,1175.5938
2022-04-11,1135.1562
2022-04-12,1081.3125
2022-04-13,1083.75
2022-04-14,1142.1875
2022-04-15,1174.0
2022-04-16,1123.7812
2022-04-17,1053.875
2022-04-18,1005.40625
2022-04-19,966.71875
2022-04-20,933.3125
2022-04-21,909.65625
2022-04-22,901.0625
2022-04-23,924.34375
2022-04-24,932.1875
2022-04-25,913.46875
2022-04-26,886.40625
2022-04-27,861.1875
2022-04-28,836.65625
2022-04-29,817.28125
2022-04-30,806.15625
2022-05-01,799.125
2022-05-02,827.875
2022-05-03,880.09375
2022-05-04,898.03125
2022-05-05,880.25
2022-05-06,871.59375
2022-05-07,870.0
2022-05-08,871.96875
2022-05-09,880.25
2022-05-10,877.25
2022-05-11,839.25
2022-05-12,814.78125
2022-05-13,822.6875
2022-05-14,908.96875
2022-05-15,1036.3125
2022-05-16,1296.0938
2022-05-17,1748.9375
2022-05-18,1905.2812
2022-05-19,1686.4375
2022-05-20,1636.25
2022-05-21,1698.125
2022-05-22,1912.7188
2022-05-23,1847.4375
2022-05-24,1641.2812
2022-05-25,1508.1875
2022-05-26,1437.375
2022-05-27,1393.4375
2022-05-28,1363.8125
2022-05-29,1345.75
2022-05-30,1339.5
2022-05-31,1351.4062
2022-06-01,1357.4688
2022-06-02,1353.2812
2022-06-03,1357.7812
2022-06-04,1362.6562
2022-06-05,1346.375
2022-06-06,1343.5
2022-06-07,1465.2188
2022-06-08,1583.25
2022-06-09,1642.3125
2022-06-10,2013.3438
2022-06-11,2140.4688
2022-06-12,2018.4375
2022-06-13,1891.2812
2022-06-14,1915.0938
2022-06-15,2205.0312
2022-06-16,2882.5
2022-06-17,3601.875
2022-06-18,3990.625
2022-06-19,3523.1562
2022-06-20,3413.0
2022-06-21,3370.3438
2022-06-22,3034.0938
2022-06-23,2800.375
2022-06-24,2780.5
2022-06-25,3846.9062
2022-06-26,5173.3125
2022-06-27,4914.875
2022-06-28,5716.3438
2022-06-29,8140.4844
2022-06-30,7045.4844
2022-07-01,5670.0156
2022-07-02,5448.875
2022-07-03,5586.4062
2022-07-04,5120.4375
2022-07-05,4827.828
2022-07-06,4872.25
2022-07-07,4816.9844
2022-07-08,4684.3125
2022-07-09,4769.2656
2022-07-10,4627.8438
2022-07-11,4333.953
2022-07-12,4191.75
2022-07-13,4137.1562
2022-07-14,4110.1562
2022-07-15,3975.0156
2022-07-16,3787.875
2022-07-17,3712.6875
2022-07-18,3687.8594
2022-07-19,3938.8594
2022-07-20,4535.1875
2022-07-21,5381.422
2022-07-22,5253.1562
2022-07-23,5777.1875
2022-07-24,5609.75
2022-07-25,5253.625
2022-07-26,5223.5
2022-07-27,5282.672
2022-07-28,4937.9062
2022-07-29,4614.953
2022-07-30,4527.0938
2022-07-31,4880.375
2022-08-01,7592.1562
2022-08-02,7917.125
2022-08-03,6718.9844
2022-08-04,6338.4062
2022-08-05,6350.203
2022-08-06,6227.5156
2022-08-07,5868.9688
2022-08-08,5468.078
2022-08-09,5277.5312
2022-08-10,5276.922
2022-08-11,5574.6094
2022-08-12,5390.328
2022-08-13,4991.0312
2022-08-14,5138.7344
2022-08-15,5152.25
2022-08-16,4767.6094
2022-08-17,4498.4062
2022-08-18,4350.7656
2022-08-19,4330.2188
2022-08-20,4519.6875
2022-08-21,4419.2812
2022-08-22,4195.2344
2022-08-23,4018.375
2022-08-24,3891.0
2022-08-25,3799.125
2022-08-26,3771.1406
2022-08-27,3781.1406
2022-08-28,3879.7344
2022-08-29,3976.9844
2022-08-30,3955.5234
2022-08-31,3883.4766
2022-09-01,3954.1094
2022-09-02,4231.8516
2022-09-03,4196.5547
2022-09-04,4186.1094
2022-09-05,4380.336
2022-09-06,4284.3125
2022-09-07,4417.3594
2022-09-08,4330.5312
2022-09-09,4021.6484
2022-09-10,3814.4688
2022-09-11,3710.75
2022-09-12,3634.3906
2022-09-13,3707.3438
2022-09-14,3758.961
2022-09-15,3763.5078
2022-09-16,3782.625
2022-09-17,3715.6172
2022-09-18,4109.4297
2022-09-19,4040.0234
2022-09-20,3759.961
2022-09-21,3578.125
2022-09-22,3448.2031
2022-09-23,3325.8516
2022-09-24,3219.4531
2022-09-25,3135.8828
2022-09-26,3274.0156
2022-09-27,3465.3047
2022-09-28,3305.4922
2022-09-29,3106.3203
2022-09-30,2970.586
2022-10-01,2857.8672
2022-10-02,2762.8047
2022-10-03,2674.6172
2022-10-04,2584.5703
2022-10-05,3220.8516
2022-10-06,3284.4062
2022-10-07,3003.75
2022-10-08,2848.4453
2022-10-09,2752.461
2022-10-10,2759.289
2022-10-11,2812.9453
2022-10-12,2872.8672
2022-10-13,2899.4297
2022-10-14,2770.6406
2022-10-15,2608.375
2022-10-16,2477.2188
2022-10-17,2366.8828
2022-10-18,2268.2031
2022-10-19,2176.4453
2022-10-20,2090.9062
2022-10-21,2011.8125
2022-10-22,1937.25
2022-10-23,1865.0312
2022-10-24,1796.3984
2022-10-25,1730.3359
2022-10-26,1670.4219
2022-10-27,1624.5703
2022-10-28,1585.3203
2022-10-29,1548.9141
2022-10-30,1506.1719
2022-10-31,1455.9297
2022-11-01,1405.0547
2022-11-02,1354.6562
2022-11-03,1306.0312
2022-11-04,1261.3828
2022-11-05,1219.9531
2022-11-06,1179.2734
2022-11-07,1139.4062
2022-11-08,1103.3594
2022-11-09,1070.8594
2022-11-10,1039.625
2022-11-11,1010.2031
2022-11-12,985.0703
2022-11-13,981.60156
2022-11-14,975.4922
2022-11-15,954.53125
2022-11-16,930.09375
2022-11-17,919.4297
2022-11-18,915.46094
2022-11-19,903.5781
2022-11-20,878.6953
2022-11-21,848.3281
2022-11-22,820.16406
2022-11-23,801.08594
2022-11-24,787.35156
2022-11-25,769.97656
2022-11-26,747.3047
2022-11-27,723.2031
2022-11-28,701.40625
2022-11-29,682.53125
2022-11-30,664.89844
2022-12-01,648.0625
2022-12-02,632.5469
2022-12-03,617.85156
2022-12-04,603.9453
2022-12-05,591.34375
2022-12-06,580.39844
2022-12-07,570.8906
2022-12-08,562.15625
2022-12-09,553.4219
2022-12-10,544.72656
2022-12-11,536.75
2022-12-12,528.6406
2022-12-13,520.10156
2022-12-14,514.6875
2022-12-15,513.5547
2022-12-16,512.5547
2022-12-17,509.22656
2022-12-18,505.10156
2022-12-19,500.83594
2022-12-20,495.26562
2022-12-21,488.46875
2022-12-22,483.4453
2022-12-23,483.8828
2022-12-24,485.4297
2022-12-25,488.25
2022-12-26,493.66406
2022-12-27,500.09375
2022-12-28,506.20312
2022-12-29,500.21875
2022-12-30,487.375
2022-12-31,478.08594
2023-01-01,472.04688
2023-01-02,470.14062
2023-01-03,470.9297
2023-01-04,468.8672
2023-01-05,463.28125
2023-01-06,456.3125
2023-01-07,448.70312
2023-01-08,440.25
2023-01-09,432.0625
2023-01-10,424.23438
2023-01-11,416.76562
2023-01-12,409.64062
2023-01-13,403.14062
2023-01-14,398.10938
2023-01-15,396.8125
2023-01-16,398.90625
2023-01-17,401.23438
2023-01-18,409.32812
2023-01-19,413.17188
2023-01-20,407.3125
2023-01-21,405.4375
2023-01-22,409.42188
2023-01-23,413.04688
2023-01-24,413.07812
2023-01-25,411.375
2023-01-26,414.40625
2023-01-27,424.25
2023-01-28,431.125
2023-01-29,429.23438
2023-01-30,422.375
2023-01-31,415.73438
2023-02-01,421.0
2023-02-02,429.46875
2023-02-03,424.875
2023-02-04,416.14062
2023-02-05,413.3125
2023-02-06,415.09375
2023-02-07,423.0
2023-02-08,458.76562
2023-02-09,490.82812
2023-02-10,490.10938
2023-02-11,481.57812
2023-02-12,499.9375
2023-02-13,518.1875
2023-02-14,507.4375
2023-02-15,487.25
2023-02-16,472.15625
2023-02-17,461.0
2023-02-18,451.64062
2023-02-19,443.14062
2023-02-20,434.54688
2023-02-21,434.85938
2023-02-22,474.375
2023-02-23,530.5
2023-02-24,547.78125
2023-02-25,528.25
2023-02-26,532.25
2023-02-27,541.875
2023-02-28,555.9375
2023-03-01,556.1875
2023-03-02,551.78125
2023-03-03,548.21875
2023-03-04,542.5
2023-03-05,546.90625
2023-03-06,560.25
2023-03-07,568.21875
2023-03-08,560.15625
2023-03-09,552.375
2023-03-10,548.5625
2023-03-11,539.96875
2023-03-12,526.84375
2023-03-13,513.15625
2023-03-14,500.0625
2023-03-15,499.4375
2023-03-16,504.625
2023-03-17,505.625
2023-03-18,505.59375
2023-03-19,506.75
2023-03-20,512.3125
2023-03-21,537.28125
2023-03-22,585.03125
2023-03-23,640.15625
2023-03-24,677.65625
2023-03-25,697.53125
2023-03-26,699.5
2023-03-27,693.21875
2023-03-28,689.875
2023-03-29,672.46875
2023-03-30,646.0625
2023-03-31,624.59375
2023-04-01,613.34375
2023-04-02,619.78125
2023-04-03,649.625
2023-04-04,678.96875
2023-04-05,699.9375
2023-04-06,702.9375
2023-04-07,683.0625
2023-04-08,658.90625
2023-04-09,641.875
2023-04-10,625.15625
2023-04-11,606.9375
2023-04-12,590.5625
2023-04-13,574.9375
2023-04-14,559.71875
2023-04-15,546.4375
2023-04-16,538.21875
2023-04-17,536.5625
2023-04-18,531.3125
2023-04-19,518.875
2023-04-20,506.78125
2023-04-21,498.3125
2023-04-22,509.15625
2023-04-23,523.28125
2023-04-24,516.1875
2023-04-25,504.3125
2023-04-26,496.875
2023-04-27,491.75
2023-04-28,493.25
2023-04-29,497.46875
2023-04-30,504.25
2023-05-01,525.9375
2023-05-02,550.65625
2023-05-03,568.5625
2023-05-04,575.3125
2023-05-05,593.375
2023-05-06,625.40625
2023-05-07,654.21875
2023-05-08,731.25
2023-05-09,776.53125
2023-05-10,739.78125
2023-05-11,652.46875
2023-05-12,593.3125
2023-05-13,562.75
2023-05-14,540.78125
2023-05-15,527.15625
2023-05-16,600.90625
2023-05-17,652.0625
2023-05-18,661.4375
2023-05-19,663.59375
2023-05-20,803.65625
2023-05-21,849.75
2023-05-22,781.78125
2023-05-23,737.03125
2023-05-24,713.75
2023-05-25,728.125
2023-05-26,957.5
2023-05-27,1061.4688
2023-05-28,995.125
2023-05-29,931.8125
2023-05-30,892.65625
2023-05-31,881.0
2023-06-01,880.6875
2023-06-02,934.375
2023-06-03,965.09375
2023-06-04,948.09375
2023-06-05,902.53125
2023-06-06,870.1875
2023-06-07,845.40625
2023-06-08,820.40625
2023-06-09,798.9375
2023-06-10,786.03125
2023-06-11,782.65625
2023-06-12,800.09375
2023-06-13,1001.1406
2023-06-14,1399.6094
2023-06-15,2661.5781
2023-06-16,2884.9531
2023-06-17,2389.2031
2023-06-18,2265.0
2023-06-19,2502.2969
2023-06-20,2855.0625
2023-06-21,2769.375
2023-06-22,2743.6562
2023-06-23,3309.4531
2023-06-24,3512.2969
2023-06-25,3536.2188
2023-06-26,3242.8594
2023-06-27,2976.5156
2023-06-28,2930.6406
2023-06-29,3154.6094
2023-06-30,3435.9219
2023-07-01,3520.8906
2023-07-02,3810.7812
2023-07-03,3689.2031
2023-07-04,4365.953
2023-07-05,4646.203
2023-07-06,4553.4688
2023-07-07,4066.25
2023-07-08,4096.0312
2023-07-09,4245.25
2023-07-10,4289.203
2023-07-11,4241.0156
2023-07-12,4308.5938
2023-07-13,5075.2188
2023-07-14,5267.6562
2023-07-15,4816.6406
2023-07-16,4607.2812
2023-07-17,4720.7344
2023-07-18,5026.9062
2023-07-19,5014.75
2023-07-20,4608.4688
2023-07-21,4267.375
2023-07-22,4169.0156
2023-07-23,4120.078
2023-07-24,4095.2344
2023-07-25,4358.422
2023-07-26,4448.922
2023-07-27,4213.9844
2023-07-28,3982.4375
2023-07-29,4217.5156
2023-07-30,4472.7812
2023-07-31,4378.375
2023-08-01,4167.2812
2023-08-02,4217.2188
2023-08-03,4248.125
2023-08-04,4238.5938
2023-08-05,4549.5938
2023-08-06,4681.047
2023-08-07,4441.6094
2023-08-08,4854.1562
2023-08-09,5527.664
2023-08-10,5458.5625
2023-08-11,4900.6953
2023-08-12,4660.547
2023-08-13,5481.367
2023-08-14,6475.7734
2023-08-15,5804.2188
2023-08-16,4952.9844
2023-08-17,4723.086
2023-08-18,4654.914
2023-08-19,4583.7266
2023-08-20,4465.9844
2023-08-21,4646.3125
2023-08-22,4952.5547
2023-08-23,4662.7188
2023-08-24,4789.0625
2023-08-25,7166.6797
2023-08-26,9381.859
2023-08-27,7830.4844
2023-08-28,6477.4844
2023-08-29,5801.828
2023-08-30,5321.133
2023-08-31,4972.2266
2023-09-01,4725.3516
2023-09-02,4542.297
2023-09-03,4388.461
2023-09-04,4241.4453
2023-09-05,4108.8125
2023-09-06,3975.8594
2023-09-07,3831.75
2023-09-08,3694.6406
2023-09-09,3651.75
2023-09-10,3646.586
2023-09-11,3578.4531
2023-09-12,3467.711
2023-09-13,3376.3828
2023-09-14,3328.3828
2023-09-15,3263.7031
2023-09-16,3154.0
2023-09-17,3049.3281
2023-09-18,2945.1094
2023-09-19,2840.5625
2023-09-20,2746.9102
2023-09-21,2661.121
2023-09-22,3258.7734
2023-09-23,3919.379
2023-09-24,3925.6055
2023-09-25,3522.9258
2023-09-26,3198.6094
2023-09-27,2997.8438
2023-09-28,2849.0312
2023-09-29,2720.6797
2023-09-30,2613.0625
2023-10-01,2518.8438
2023-10-02,2466.8984
2023-10-03,2463.7773
2023-10-04,2692.5469
2023-10-05,3152.1328
2023-10-06,3041.8164
2023-10-07,2815.7969
2023-10-08,2834.9453
2023-10-09,2751.8906
2023-10-10,2602.8516
2023-10-11,2584.125
2023-10-12,2512.164
2023-10-13,2399.1445
2023-10-14,2297.996
2023-10-15,2212.3398
2023-10-16,2160.168
2023-10-17,2111.2695
2023-10-18,2050.5898
2023-10-19,1998.6953
2023-10-20,1942.5195
2023-10-21,1881.9219
2023-10-22,1820.5703
2023-10-23,1755.1641
2023-10-24,1689.0938
2023-10-25,1625.8125
2023-10-26,1565.8398
2023-10-27,1509.1211
2023-10-28,1454.625
2023-10-29,1402.5664
2023-10-30,1354.0469
2023-10-31,1308.125
2023-11-01,1263.7227
2023-11-02,1220.4453
2023-11-03,1178.1289
2023-11-04,1143.0703
2023-11-05,1115.8125
2023-11-06,1087.1367
2023-11-07,1052.5273
2023-11-08,1017.7422
2023-11-09,991.16797
2023-11-10,973.76953
2023-11-11,951.3672
2023-11-12,927.5586
2023-11-13,905.16406
2023-11-14,879.03125
2023-11-15,848.8047
2023-11-16,819.6289
2023-11-17,792.8906
2023-11-18,766.7969
2023-11-19,742.53125
2023-11-20,721.0703
2023-11-21,701.6406
2023-11-22,684.4453
2023-11-23,669.58594
2023-11-24,656.03516
2023-11-25,641.29297
2023-11-26,624.7578
2023-11-27,607.96875
2023-11-28,590.2656
2023-11-29,573.4492
2023-11-30,560.60156
2023-12-01,550.79297
2023-12-02,541.6758
2023-12-03,533.52344
2023-12-04,525.5
2023-12-05,517.03906
2023-12-06,517.22656
2023-12-07,519.47656
2023-12-08,514.7344
2023-12-09,514.0117
2023-12-10,515.2461
2023-12-11,512.2422
2023-12-12,509.5547
2023-12-13,506.4922
2023-12-14,506.20312
2023-12-15,507.3828
2023-12-16,500.33594
2023-12-17,487.91406
2023-12-18,479.53906
2023-12-19,475.73438
2023-12-20,470.96094
2023-12-21,463.97656
2023-12-22,454.5078
2023-12-23,444.4375
2023-12-24,435.375
2023-12-25,427.64844
2023-12-26,422.22656
2023-12-27,416.75
2023-12-28,409.21875
2023-12-29,401.9922
2023-12-30,395.71094
2023-12-31,389.83594
2024-01-01,383.8047
2024-01-02,379.4922
2024-01-03,377.82812
2024-01-04,378.5078
2024-01-05,379.9453
2024-01-06,379.875
2024-01-07,380.14062
2024-01-08,382.0547
2024-01-09,382.83594
2024-01-10,383.125
2024-01-11,385.20312
2024-01-12,386.9375
2024-01-13,384.48438
2024-01-14,377.8125
2024-01-15,370.51562
2024-01-16,364.34375
2024-01-17,360.14062
2024-01-18,363.67188
2024-01-19,372.6875
2024-01-20,375.96875
2024-01-21,372.875
2024-01-22,368.89062
2024-01-23,366.25
2024-01-24,363.1875
2024-01-25,359.98438
2024-01-26,359.25
2024-01-27,359.3125
2024-01-28,358.92188
2024-01-29,358.53125
2024-01-30,356.0
2024-01-31,353.26562
2024-02-01,356.8125
2024-02-02,373.15625
2024-02-03,397.34375
2024-02-04,407.01562
2024-02-05,408.60938
2024-02-06,434.01562
2024-02-07,460.20312
2024-02-08,461.20312
2024-02-09,448.46875
2024-02-10,433.85938
2024-02-11,420.85938
2024-02-12,409.17188
2024-02-13,399.5
2024-02-14,391.60938
2024-02-15,385.67188
2024-02-16,382.07812
2024-02-17,378.0625
2024-02-18,374.79688
2024-02-19,376.20312
2024-02-20,385.89062
2024-02-21,425.67188
2024-02-22,496.46875
2024-02-23,523.28125
2024-02-24,504.0625
2024-02-25,477.78125
2024-02-26,455.625
2024-02-27,439.17188
2024-02-28,428.07812
2024-02-29,427.35938
2024-03-01,428.70312
2024-03-02,424.04688
2024-03-03,422.76562
2024-03-04,469.96875
2024-03-05,522.0781
2024-03-06,519.375
2024-03-07,500.875
2024-03-08,499.0
2024-03-09,500.51562
2024-03-10,484.96875
2024-03-11,464.20312
2024-03-12,456.26562
2024-03-13,476.125
2024-03-14,491.57812
2024-03-15,485.28125
2024-03-16,470.42188
2024-03-17,454.9375
2024-03-18,443.64062
2024-03-19,434.14062
2024-03-20,425.57812
2024-03-21,420.90625
2024-03-22,436.17188
2024-03-23,464.82812
2024-03-24,484.32812
2024-03-25,510.125
2024-03-26,587.71875
2024-03-27,611.5625
2024-03-28,625.2656
2024-03-29,637.625
2024-03-30,636.125
2024-03-31,650.3281
2024-04-01,669.53125
2024-04-02,658.0469
2024-04-03,637.09375
2024-04-04,628.0469
2024-04-05,614.25
2024-04-06,607.2969
2024-04-07,605.1719
2024-04-08,594.65625
2024-04-09,578.2969
2024-04-10,561.46875
2024-04-11,545.65625
2024-04-12,529.1719
2024-04-13,514.5625
2024-04-14,502.76562
2024-04-15,492.01562
2024-04-16,485.96875
2024-04-17,508.42188
2024-04-18,519.0156
2024-04-19,509.70312
2024-04-20,508.03125
2024-04-21,506.90625
2024-04-22,502.3125
2024-04-23,493.5
2024-04-24,484.17188
2024-04-25,475.29688
2024-04-26,466.65625
2024-04-27,458.26562
2024-04-28,451.875
2024-04-29,446.3125
2024-04-30,439.96875
2024-05-01,434.625
2024-05-02,432.9375
2024-05-03,430.0
2024-05-04,421.875
2024-05-05,414.09375
2024-05-06,411.35938
2024-05-07,416.35938
2024-05-08,426.625
2024-05-09,441.42188
2024-05-10,428.07812
2024-05-11,416.90625
2024-05-12,457.76562
2024-05-13,700.03125
2024-05-14,756.0156
2024-05-15,670.03125
2024-05-16,647.1406
2024-05-17,653.03125
2024-05-18,635.9531
2024-05-19,640.2344
2024-05-20,650.4531
2024-05-21,640.28125
2024-05-22,628.34375
2024-05-23,631.2969
2024-05-24,636.6094
2024-05-25,634.2031
2024-05-26,632.8125
2024-05-27,638.25
2024-05-28,676.59375
2024-05-29,872.6406
2024-05-30,966.5781
2024-05-31,1008.9219
2024-06-01,1378.25
2024-06-02,1414.0625
2024-06-03,1409.5312
2024-06-04,1257.4375
2024-06-05,1320.7031
2024-06-06,1306.3438
2024-06-07,1347.8281
2024-06-08,1402.1562
2024-06-09,1390.9375
2024-06-10,1436.8906
2024-06-11,1491.1875
2024-06-12,1758.8594
2024-06-13,1761.25
2024-06-14,2140.0469
2024-06-15,2367.4844
2024-06-16,2647.5938
2024-06-17,2759.25
2024-06-18,2948.1406
2024-06-19,3053.8281
2024-06-20,4370.922
2024-06-21,4379.375
2024-06-22,3430.7656
2024-06-23,2947.9219
2024-06-24,2754.8125
2024-06-25,2871.5625
2024-06-26,4112.9062
2024-06-27,6418.828
2024-06-28,5258.3438
2024-06-29,5143.047
2024-06-30,5503.4375
2024-07-01,6451.797
2024-07-02,7850.3438
2024-07-03,6618.8906
2024-07-04,5788.8125
2024-07-05,5490.4375
2024-07-06,6824.172
2024-07-07,8262.281
2024-07-08,7289.9688
2024-07-09,6123.8125
2024-07-10,5812.4844
2024-07-11,5928.328
2024-07-12,8692.1875
2024-07-13,10402.734
2024-07-14,8664.109
2024-07-15,7335.1094
2024-07-16,7251.9375
2024-07-17,7362.625
2024-07-18,6907.8125
2024-07-19,6758.1562
2024-07-20,6620.125
2024-07-21,6582.75
2024-07-22,6618.6094
2024-07-23,6470.625
2024-07-24,6420.5156
2024-07-25,6328.203
2024-07-26,6023.75
2024-07-27,5814.2344
2024-07-28,5968.7188
2024-07-29,6433.672
2024-07-30,6643.422
2024-07-31,6462.9062
2024-08-01,6238.047
2024-08-02,5915.2656
2024-08-03,5673.836
2024-08-04,5553.789
2024-08-05,5314.211
2024-08-06,6001.3984
2024-08-07,8100.703
2024-08-08,7936.4844
2024-08-09,7854.2266
2024-08-10,7210.922
2024-08-11,7281.664
2024-08-12,6862.6875
2024-08-13,6368.1484
2024-08-14,6182.875
2024-08-15,6141.9297
2024-08-16,6013.8203
2024-08-17,5811.758
2024-08-18,5548.9062
2024-08-19,5310.453
2024-08-20,5148.203
2024-08-21,5018.8906
2024-08-22,4878.6953
2024-08-23,4718.047
2024-08-24,4618.617
2024-08-25,4512.492
2024-08-26,4372.3906
2024-08-27,4245.914
2024-08-28,4157.586
2024-08-29,4052.6875
2024-08-30,3934.8828
2024-08-31,3823.9844
2024-09-01,3859.1797
2024-09-02,3882.9688
2024-09-03,3898.9375
2024-09-04,3737.7578
2024-09-05,3640.2969
2024-09-06,3709.0469
2024-09-07,3720.1797
2024-09-08,3597.3203
2024-09-09,3472.25
2024-09-10,3361.625
2024-09-11,3265.8438
2024-09-12,3202.6328
2024-09-13,3157.289
2024-09-14,3083.6953
2024-09-15,3045.0469
2024-09-16,3003.7344
2024-09-17,2956.8203
2024-09-18,2902.336
2024-09-19,2827.0078
2024-09-20,2737.1406
2024-09-21,2652.0
2024-09-22,2595.4688
2024-09-23,2536.6875
2024-09-24,2462.6172
2024-09-25,2411.7969
2024-09-26,2497.8203
2024-09-27,5143.3984
2024-09-28,9968.781
2024-09-29,9077.18
2024-09-30,6557.2812
2024-10-01,4963.3984
2024-10-02,4273.1484
2024-10-03,4195.125
2024-10-04,5591.914
2024-10-05,5548.1016
2024-10-06,4722.539
2024-10-07,4219.922
2024-10-08,3902.8203
2024-10-09,3682.2188
2024-10-10,3536.1719
2024-10-11,3462.0703
2024-10-12,3393.3438
2024-10-13,3270.6328
2024-10-14,3151.2578
2024-10-15,3116.2734
2024-10-16,3060.8906
2024-10-17,2950.0273
2024-10-18,2826.1328
2024-10-19,2745.0703
2024-10-20,2666.4688
2024-10-21,2595.1094
2024-10-22,2517.9805
2024-10-23,2424.4023
2024-10-24,2330.3906
2024-10-25,2239.9023
2024-10-26,2154.504
2024-10-27,2073.2969
2024-10-28,1995.8828
2024-10-29,1922.0156
2024-10-30,1852.875
2024-10-31,1793.2461
2024-11-01,1745.2109
2024-11-02,1705.9727
2024-11-03,1668.7852
2024-11-04,1624.5859
2024-11-05,1581.4766
2024-11-06,1545.7891
2024-11-07,1506.0391
2024-11-08,1454.4648
2024-11-09,1400.2734
2024-11-10,1350.5664
2024-11-11,1305.4961
2024-11-12,1262.8984
2024-11-13,1227.9375
2024-11-14,1201.1133
2024-11-15,1175.1133
2024-11-16,1143.2969
2024-11-17,1116.4375
2024-11-18,1089.4336
2024-11-19,1059.5898
2024-11-20,1028.9492
2024-11-21,998.16797
2024-11-22,969.9375
2024-11-23,944.1758
2024-11-24,918.7617
2024-11-25,894.20703
2024-11-26,874.8789
2024-11-27,861.04297
2024-11-28,848.8242
2024-11-29,834.6328
2024-11-30,814.8125
2024-12-01,789.8008
2024-12-02,765.8906
2024-12-03,746.53906
2024-12-04,731.4297
2024-12-05,725.09375
2024-12-06,719.9375
2024-12-07,711.40625
2024-12-08,701.77344
2024-12-09,692.6797
2024-12-10,686.5703
2024-12-11,679.4297
2024-12-12,665.2422
2024-12-13,648.85156
2024-12-14,635.9297
2024-12-15,623.4375
2024-12-16,608.28125
2024-12-17,591.4375
2024-12-18,575.0469
2024-12-19,562.2422
2024-12-20,553.1094
2024-12-21,549.2422
2024-12-22,550.8594
2024-12-23,547.77344
2024-12-24,538.02344
2024-12-25,526.6328
2024-12-26,521.5156
2024-12-27,518.8203
2024-12-28,510.65625
2024-12-29,499.33594
2024-12-30,501.48438
2024-12-31,508.2578
2025-01-02,491.7578
2025-01-03,481.57812
2025-01-04,471.25
2025-01-05,461.03125
2025-01-06,451.5625
2025-01-07,451.96875
2025-01-08,455.5625
2025-01-09,452.8125
2025-01-10,446.57812
2025-01-11,438.92188
2025-01-12,434.35938
2025-01-13,429.9375
2025-01-14,435.3125
2025-01-15,439.92188
2025-01-16,430.96875
2025-01-17,421.54688
2025-01-18,415.54688
2025-01-19,413.92188
2025-01-20,411.45312
2025-01-21,405.25
2025-01-22,403.20312
2025-01-23,408.82812
2025-01-24,418.6875
2025-01-25,420.35938
2025-01-26,413.32812
2025-01-27,409.28125
2025-01-28,405.46875
2025-01-29,401.20312
2025-01-30,400.34375
2025-01-31,412.76562
2025-02-01,426.75
2025-02-02,430.79688
2025-02-03,430.625
2025-02-04,426.35938
2025-02-05,421.04688
2025-02-06,436.375
2025-02-07,467.03125
2025-02-08,474.09375
2025-02-09,461.6875
2025-02-10,450.84375
2025-02-11,466.54688
2025-02-12,518.3906
2025-02-13,553.9844
2025-02-14,559.96875
2025-02-15,544.4844
2025-02-16,530.875
2025-02-17,526.6719
2025-02-18,542.4844
2025-02-19,582.7344
2025-02-20,598.0
2025-02-21,596.7656
2025-02-22,599.28125
2025-02-23,602.46875
2025-02-24,597.9375
2025-02-25,590.40625
2025-02-26,578.9375
2025-02-27,560.96875
2025-02-28,565.625
2025-03-01,606.21875
2025-03-02,637.0
2025-03-03,631.84375
2025-03-04,615.1875
2025-03-05,621.53125
2025-03-06,623.46875
2025-03-07,608.28125
2025-03-08,606.53125
2025-03-09,626.4375
2025-03-10,629.65625
2025-03-11,617.15625
2025-03-12,622.25
2025-03-13,661.6875
2025-03-14,691.65625
2025-03-15,693.4375
2025-03-16,686.53125
2025-03-17,683.6875
2025-03-18,669.53125
2025-03-19,647.03125
2025-03-20,638.78125
2025-03-21,657.4375
2025-03-22,707.4375
2025-03-23,696.9375
2025-03-24,657.59375
2025-03-25,632.90625
2025-03-26,612.1875
2025-03-27,591.53125
2025-03-28,574.125
2025-03-29,586.3125
2025-03-30,619.03125
2025-03-31,630.65625
2025-04-01,623.875
2025-04-02,607.03125
2025-04-03,587.96875
2025-04-04,573.28125
2025-04-05,558.90625
2025-04-06,544.78125
2025-04-07,532.84375
2025-04-08,520.90625
2025-04-09,509.75
2025-04-10,502.3125
2025-04-11,519.125
2025-04-12,565.3125
2025-04-13,617.09375
2025-04-14,633.53125
2025-04-15,623.5
2025-04-16,607.65625
2025-04-17,590.84375
2025-04-18,574.03125
2025-04-19,569.90625
2025-04-20,575.15625
2025-04-21,585.21875
2025-04-22,595.65625
2025-04-23,644.46875
2025-04-24,663.34375
2025-04-25,688.21875
2025-04-26,708.46875
2025-04-27,667.5625
2025-04-28,629.53125
2025-04-29,614.65625
2025-04-30,615.59375
2025-05-01,624.5
2025-05-02,627.0
2025-05-03,628.46875
2025-05-04,634.09375
2025-05-05,648.1875
2025-05-06,670.5625
2025-05-07,693.90625
2025-05-08,707.65625
2025-05-09,714.15625
2025-05-10,713.375
2025-05-11,687.53125
2025-05-12,771.0625
2025-05-13,1017.375
2025-05-14,1217.2812
2025-05-15,1246.625
2025-05-16,1301.4375
2025-05-17,1507.4375
2025-05-18,1615.4688
2025-05-19,1454.5312
2025-05-20,1379.1875
2025-05-21,1706.4375
2025-05-22,1656.9062
2025-05-23,1472.2188
2025-05-24,1391.0625
2025-05-25,1343.7812
2025-05-26,1318.0312
2025-05-27,1332.0
2025-05-28,1342.5312
2025-05-29,1333.6875
2025-05-30,1461.2812
2025-05-31,2188.5312
2025-06-01,2739.5625
2025-06-02,2624.7812
2025-06-03,2393.6875
2025-06-04,2244.125
2025-06-05,2033.0938
2025-06-06,1893.5312
2025-06-07,1804.1875
2025-06-08,1727.75
2025-06-09,1669.7812
2025-06-10,1634.7812
2025-06-11,1591.4375
2025-06-12,1552.1875
2025-06-13,1535.9688
2025-06-14,1544.4062
2025-06-15,1544.625
2025-06-16,1673.4062
2025-06-17,1720.1562
2025-06-18,1695.875
2025-06-19,1761.75
2025-06-20,2022.875
2025-06-21,2353.375
2025-06-22,2921.3438
2025-06-23,3664.6875
2025-06-24,4911.172
2025-06-25,4875.5
2025-06-26,4601.578
2025-06-27,4354.2656
2025-06-28,3867.6875
2025-06-29,3514.3125
2025-06-30,3373.1406
2025-07-01,3272.2188
2025-07-02,3109.9062
2025-07-03,3289.0469
2025-07-04,3461.1094
2025-07-05,3608.5156
2025-07-06,3724.5156
2025-07-07,3722.2812
2025-07-08,3589.375
2025-07-09,3473.6875
2025-07-10,3459.1719
2025-07-11,3379.4375
2025-07-12,3219.5
2025-07-13,3083.0312
2025-07-14,3073.3438
2025-07-15,3022.0156
2025-07-16,2934.3906
2025-07-17,2893.1406
2025-07-18,2834.7812
2025-07-19,2736.9688
2025-07-20,4101.5
2025-07-21,4394.0625
2025-07-22,3880.3281
2025-07-23,3472.7344
2025-07-24,3327.1094
2025-07-25,3259.5469
2025-07-26,3217.3125
2025-07-27,3243.75
2025-07-28,4157.8438
2025-07-29,4916.9688
2025-07-30,4420.6406
2025-07-31,3870.0625
2025-08-01,3591.4375
2025-08-02,3463.6562
2025-08-03,3843.8594
2025-08-04,5810.6875
2025-08-05,5254.3438
2025-08-06,4711.4062
2025-08-07,4235.922
2025-08-08,4250.0938
2025-08-09,5060.7344
2025-08-10,5052.797
2025-08-11,5849.703
2025-08-12,5555.8125
2025-08-13,5856.203
2025-08-14,8630.344
2025-08-15,7376.1875
2025-08-16,6057.172
2025-08-17,5315.9062
2025-08-18,4971.3438
2025-08-19,4762.7344
2025-08-20,4593.6562
2025-08-21,4467.6562
2025-08-22,4635.7188
2025-08-23,4743.1094
2025-08-24,4565.4688
2025-08-25,4388.953
2025-08-26,4267.828
2025-08-27,4176.4297
2025-08-28,4502.617
2025-08-29,4914.836
2025-08-30,4808.6094
2025-08-31,4539.4766
2025-09-01,5114.2188
2025-09-02,5020.3516
2025-09-03,4596.4297
2025-09-04,4331.0625
2025-09-05,4186.1562
2025-09-06,4039.9531
2025-09-07,3876.1562
2025-09-08,3842.8125
2025-09-09,3877.2812
2025-09-10,3996.9766
2025-09-11,4168.039
2025-09-12,4161.3906
2025-09-13,3978.7734
2025-09-14,4224.3438
2025-09-15,5229.0
2025-09-16,4794.3594
2025-09-17,4401.6406
2025-09-18,4194.2266
2025-09-19,4062.7812
2025-09-20,3944.6719
2025-09-21,3830.086
2025-09-22,3721.836
2025-09-23,3617.7344
2025-09-24,3508.414
2025-09-25,3406.5469
2025-09-26,3312.4219
2025-09-27,3216.9062
2025-09-28,3119.1797
2025-09-29,3020.3672
2025-09-30,2934.2031
2025-10-01,2869.2031
2025-10-02,2908.2578
2025-10-03,3078.9688
2025-10-04,3063.5703
2025-10-05,7448.508
2025-10-06,7346.586
2025-10-07,5524.492
2025-10-08,4490.0234
2025-10-09,3929.6875
2025-10-10,3611.789
2025-10-11,3387.6172
2025-10-12,3208.2969
2025-10-13,3054.1719
2025-10-14,2913.5
2025-10-15,2785.5312
2025-10-16,2666.9297
2025-10-17,2557.6719
2025-10-18,2454.211
2025-10-19,2354.414
2025-10-20,2261.1562
2025-10-21,2173.6016
2025-10-22,2088.3203
2025-10-23,2005.6875
2025-10-24,1930.2109
2025-10-25,1864.3125
2025-10-26,1805.1016
2025-10-27,1749.2891
2025-10-28,1689.6953
2025-10-29,1634.1641
2025-10-30,1594.125
2025-10-31,1823.4531
2025-11-01,3328.7812
2025-11-02,3041.6094
2025-11-03,2520.5078
2025-11-04,2231.5781
2025-11-05,2051.0234
2025-11-06,1929.3672
2025-11-07,1834.5234
2025-11-08,1754.3438
2025-11-09,1685.7422
2025-11-10,1623.25
2025-11-11,1563.0234
2025-11-12,1508.125
2025-11-13,1459.0859
2025-11-14,1412.9297
2025-11-15,1367.5469
2025-11-16,1321.7266
2025-11-17,1276.5547
2025-11-18,1232.9219
2025-11-19,1189.9219
2025-11-20,1149.6328
2025-11-21,1112.4297
2025-11-22,1077.3125
2025-11-23,1043.5
2025-11-24,1020.1406
2025-11-25,1002.78125
2025-11-26,977.85156
2025-11-27,947.40625
2025-11-28,915.6875
2025-11-29,884.0156
2025-11-30,854.3594
2025-12-01,827.28125
2025-12-02,803.2656
2025-12-03,788.21875
2025-12-04,776.2344
2025-12-05,756.8125
2025-12-06,733.25
2025-12-07,711.1875
2025-12-08,690.9219
2025-12-09,674.9375
2025-12-10,660.2031
2025-12-11,641.65625
2025-12-12,621.6719
2025-12-13,602.8594
2025-12-14,585.28125
2025-12-15,568.7656
2025-12-16,553.28125
2025-12-17,539.3281
2025-12-18,526.28125
2025-12-19,513.4531
2025-12-20,501.10938
2025-12-21,489.51562
2025-12-22,478.64062
2025-12-23,468.4375
2025-12-24,459.45312
2025-12-25,453.65625
2025-12-26,450.0
2025-12-27,445.82812
2025-12-28,440.9375
2025-12-29,440.15625
2025-12-30,442.1875
2025-12-31,439.42188
